image,psnr_clean_recclean,mpsnr_clean_recclean,degradation,level,param,psnr_clean_deg,psnr_clean_rec,psnr_deg_rec,mpsnr_clean_deg,mpsnr_clean_rec,mpsnr_deg_rec,delta,mdelta
1.png,31.699745011166264,31.822839146145007,poisson,0,1.0,26.845580353656885,27.648923128029054,24.634622074160085,27.61605318391702,28.070538040387824,25.24167803237969,0.8033427743721688,0.4544848564708026
1.png,31.699745011166264,31.822839146145007,poisson,1,0.8944444444444445,26.339570779379528,27.37434116157452,24.24328894848214,27.099596865499826,27.686447446980434,24.784539835888605,1.034770382194992,0.5868505814806078
1.png,31.699745011166264,31.822839146145007,poisson,2,0.7888888888888889,25.787440238111582,27.089621633548692,23.829109833509705,26.41440353444345,27.425035809802107,24.32311654834338,1.3021813954371098,1.010632275358656
1.png,31.699745011166264,31.822839146145007,poisson,3,0.6833333333333333,25.19173063481507,26.719018460210325,23.32628260513427,25.936446716030183,27.10391828673687,23.988456870713016,1.5272878253952555,1.167471570706688
1.png,31.699745011166264,31.822839146145007,poisson,4,0.5777777777777777,24.45668990082819,26.308350708616373,22.738232214546528,25.126793129399726,26.57557013203123,23.238273174446334,1.851660807788182,1.4487770026315054
1.png,31.699745011166264,31.822839146145007,poisson,5,0.4722222222222222,23.582025366477115,25.873270331842896,22.03976525520003,24.296433007252748,26.288581165745594,22.61052525027266,2.291244965365781,1.9921481584928458
1.png,31.699745011166264,31.822839146145007,poisson,6,0.3666666666666667,22.47842722505125,25.17580618445757,21.124969593836887,23.126448789439983,25.735315576732646,21.658702502134876,2.697378959406322,2.608866787292662
1.png,31.699745011166264,31.822839146145007,poisson,7,0.26111111111111107,21.06815781321037,24.479687826251006,19.940583829707524,21.711190267708034,24.928963895687453,20.51160214690455,3.411530013040636,3.217773627979419
1.png,31.699745011166264,31.822839146145007,poisson,8,0.15555555555555556,18.864300103275934,23.404212292350767,18.083448246243744,19.536797152495183,23.822391856717537,18.632625593266887,4.539912189074833,4.285594704222355
1.png,31.699745011166264,31.822839146145007,poisson,9,0.05,14.324594174784071,21.258624319426428,14.055540786566596,14.700832973863186,21.59830700257249,14.385783758563113,6.934030144642357,6.897474028709304
1.png,31.699745011166264,31.822839146145007,jpeg,0,95.0,44.11680398617599,31.62914597977033,31.558225446019392,43.52143275848054,31.77275944908353,31.65245944792064,-12.48765800640566,-11.748673309397013
1.png,31.699745011166264,31.822839146145007,jpeg,1,85.0,40.0197222311904,31.74572902487588,31.99525858148978,39.15496288967974,31.857639827900147,32.16016459051228,-8.273993206314518,-7.29732306177959
1.png,31.699745011166264,31.822839146145007,jpeg,2,75.0,38.63140751536369,31.80138258159183,32.205045632062216,37.79302658672605,31.940124909855353,32.397863550567024,-6.83002493377186,-5.852901676870697
1.png,31.699745011166264,31.822839146145007,jpeg,3,65.0,37.74549321348786,31.833348995615896,32.35924922016503,36.9177934961228,32.115447241070655,32.82363993616429,-5.912144217871965,-4.802346255052143
1.png,31.699745011166264,31.822839146145007,jpeg,4,55.0,37.019056253797544,31.962957706759298,32.63393533368422,36.21834326244376,32.053983080091115,32.93888337999366,-5.056098547038246,-4.164360182352645
1.png,31.699745011166264,31.822839146145007,jpeg,5,45.0,36.40822124794689,32.049966919679086,32.90401262587035,35.590037047187046,32.124619807166376,32.964089322382144,-4.358254328267805,-3.4654172400206704
1.png,31.699745011166264,31.822839146145007,jpeg,6,35.0,35.69905064278768,32.11729817396685,33.30159586169027,34.822263742151144,32.2113652651218,33.32855986648623,-3.581752468820831,-2.6108984770293446
1.png,31.699745011166264,31.822839146145007,jpeg,7,25.0,34.771218814770315,32.036413210113494,34.05154486346089,33.73450737449851,31.979790517961405,33.53745887631642,-2.7348056046568203,-1.754716856537108
1.png,31.699745011166264,31.822839146145007,jpeg,8,15.0,33.37523638583277,31.635938710573903,34.515554289321415,32.06561996388117,31.141046592964635,33.17843191297486,-1.739297675258868,-0.9245733709165336
1.png,31.699745011166264,31.822839146145007,jpeg,9,5.0,29.25343884474828,28.503817361620087,33.51974240155036,27.466400529971775,27.291176239404457,31.241197086213873,-0.7496214831281947,-0.1752242905673178
1.png,31.699745011166264,31.822839146145007,blur,0,1.0,inf,31.69971501767304,31.69971501767304,inf,31.82278303611148,31.82278303611148,-inf,-inf
1.png,31.699745011166264,31.822839146145007,blur,1,5.0,36.51509260191546,32.736091066441716,37.19311671752677,35.36675535609774,32.754485538744504,38.720224571349526,-3.7790015354737463,-2.612269817353237
1.png,31.699745011166264,31.822839146145007,blur,2,9.0,33.15666139374973,31.683921007206646,40.4332120077885,32.192894703847436,31.511340990773476,43.14911957184448,-1.4727403865430837,-0.68155371307396
1.png,31.699745011166264,31.822839146145007,blur,3,11.0,32.0714918762775,31.036966910916156,41.57823891656686,31.261663331825357,30.839243375034684,44.725545794886905,-1.0345249653613422,-0.422419956790673
1.png,31.699745011166264,31.822839146145007,blur,4,15.0,30.235515420762013,29.715869437482986,43.599016025792075,29.7486785408869,29.534701182831466,47.27769258424988,-0.5196459832790268,-0.21397735805543405
1.png,31.699745011166264,31.822839146145007,blur,5,19.0,28.807485886954133,28.600537408911194,45.754215441218804,28.58444510937753,28.434515092309354,49.03622007570181,-0.20694847804293914,-0.14993001706817566
1.png,31.699745011166264,31.822839146145007,blur,6,21.0,28.26262856216857,28.16977672552965,46.627468060366354,28.1371750937687,28.00502667223782,49.64148784523524,-0.09285183663891772,-0.13214842153088213
1.png,31.699745011166264,31.822839146145007,blur,7,25.0,27.22022839687966,27.25641534761376,47.65789572462785,27.248535360652166,27.138983927452287,50.76770149967799,0.03618695073410194,-0.10955143319987926
1.png,31.699745011166264,31.822839146145007,blur,8,29.0,26.39470605806268,26.463288384396083,48.26585176765582,26.509700690076393,26.38759608569182,51.44250024966552,0.06858232633340222,-0.1221046043845746
1.png,31.699745011166264,31.822839146145007,blur,9,31.0,26.0339329816121,26.11233821030577,48.40032354240242,26.188880665598134,26.06173096630632,51.79805666646435,0.0784052286936685,-0.12714969929181308
10.png,36.378999593157964,37.2053013335385,poisson,0,1.0,26.953702230431066,29.00199039344252,25.309856780866117,27.058773243205433,28.776506602841888,25.16898891161745,2.0482881630114527,1.7177333596364548
10.png,36.378999593157964,37.2053013335385,poisson,1,0.8944444444444445,26.45791089529222,28.463550298104572,24.798971949157064,26.618769386000018,28.383118604334644,24.69607186267738,2.0056394028123528,1.764349218334626
10.png,36.378999593157964,37.2053013335385,poisson,2,0.7888888888888889,25.899035606999163,27.941391956238057,24.2772147649476,26.020472363360938,28.04927960397896,24.248682367081948,2.0423563492388936,2.028807240618022
10.png,36.378999593157964,37.2053013335385,poisson,3,0.6833333333333333,25.303166070831068,27.64173632654652,23.78307555617457,25.352381394372983,27.406730750767522,23.633814288268997,2.338570255715453,2.054349356394539
10.png,36.378999593157964,37.2053013335385,poisson,4,0.5777777777777777,24.571901627728707,27.028841709151838,23.095326420287012,24.629615754366007,27.049025171709697,23.039889325921948,2.456940081423131,2.41940941734369
10.png,36.378999593157964,37.2053013335385,poisson,5,0.4722222222222222,23.7093830750303,26.275638617974376,22.289389176652364,23.800407966816074,26.27309445749605,22.12449642525669,2.566255542944077,2.472686490679976
10.png,36.378999593157964,37.2053013335385,poisson,6,0.3666666666666667,22.601352065153286,25.490070488335988,21.31631925428172,22.62818550210646,25.7409543925094,21.3580466094198,2.888718423182702,3.11276889040294
10.png,36.378999593157964,37.2053013335385,poisson,7,0.26111111111111107,21.143178384262736,24.499239111552594,20.002043493179254,21.28174778904821,24.904686532418147,20.12840306252805,3.356060727289858,3.622938743369936
10.png,36.378999593157964,37.2053013335385,poisson,8,0.15555555555555556,18.954990362731166,23.117412686852006,18.087045571447348,19.054677191385988,23.40772766445436,18.074178196226292,4.16242232412084,4.353050473068372
10.png,36.378999593157964,37.2053013335385,poisson,9,0.05,14.394623318577738,20.73428587289758,14.035715917074134,14.243118932665148,20.90924357987005,13.89162396623395,6.339662554319842,6.666124647204903
10.png,36.378999593157964,37.2053013335385,jpeg,0,95.0,46.947412876514385,36.310560039562404,36.36077240395323,46.9665510961034,37.11546761009921,37.129847986821346,-10.63685283695198,-9.851083486004192
10.png,36.378999593157964,37.2053013335385,jpeg,1,85.0,44.060662974604256,36.452933044149546,36.71576170208799,44.101179815402254,37.20625191404244,37.4287246132665,-7.60772993045471,-6.894927901359814
10.png,36.378999593157964,37.2053013335385,jpeg,2,75.0,42.57334776852431,36.68707177520795,37.13479498518946,42.42182300695439,37.235516521179264,37.5923856957995,-5.88627599331636,-5.186306485775127
10.png,36.378999593157964,37.2053013335385,jpeg,3,65.0,41.58202194205117,36.727146000291306,37.30615206353295,41.414097250342515,37.139595402358296,37.44132234740717,-4.854875941759865,-4.274501847984219
10.png,36.378999593157964,37.2053013335385,jpeg,4,55.0,40.667953141258685,36.69043876864943,37.35311363024181,40.442090390470675,37.09647070193323,37.39072117416027,-3.9775143726092566,-3.3456196885374467
10.png,36.378999593157964,37.2053013335385,jpeg,5,45.0,39.945384794715935,36.87356610994422,37.75252430227795,39.60211667504724,36.92708730447656,37.332872833921655,-3.0718186847717135,-2.675029370570684
10.png,36.378999593157964,37.2053013335385,jpeg,6,35.0,39.10551737230624,36.4956271348304,37.73256288302364,38.702889559108044,36.43623176102336,37.12199374739098,-2.609890237475838,-2.2666577980846867
10.png,36.378999593157964,37.2053013335385,jpeg,7,25.0,37.83675805230709,36.2441670484432,37.86308778342747,37.186403172706285,35.875135824642015,37.06297871391571,-1.5925910038638875,-1.3112673480642698
10.png,36.378999593157964,37.2053013335385,jpeg,8,15.0,35.601513133567906,34.848293015152045,36.94758013110953,34.53393355377349,34.02117495369334,35.699092927160976,-0.7532201184158609,-0.5127586000801472
10.png,36.378999593157964,37.2053013335385,jpeg,9,5.0,29.895974850929086,29.72157389183732,33.85822518407756,29.015300985683055,29.12687352630996,32.014766197803354,-0.17440095909176634,0.11157254062690569
10.png,36.378999593157964,37.2053013335385,blur,0,1.0,inf,36.3789334444647,36.3789334444647,inf,37.205391482066055,37.205391482066055,-inf,-inf
10.png,36.378999593157964,37.2053013335385,blur,1,5.0,34.94797584273012,34.202303777957155,41.90886086149352,41.69159398839993,37.71836308807087,41.4085336231523,-0.7456720647729682,-3.9732309003290567
10.png,36.378999593157964,37.2053013335385,blur,2,9.0,32.47670131896095,32.60498633264412,43.57519466867803,37.17992714394958,36.09889631536556,43.8189572341028,0.12828501368316836,-1.0810308285840193
10.png,36.378999593157964,37.2053013335385,blur,3,11.0,31.759247188758394,31.95490192035323,43.63579442611949,35.684342665130124,35.10178386612524,44.38292727721862,0.1956547315948356,-0.5825587990048859
10.png,36.378999593157964,37.2053013335385,blur,4,15.0,30.488970542473993,30.73657360077184,43.07764279404563,33.19311891636164,32.97186240941847,45.047812160441374,0.24760305829784812,-0.22125650694317045
10.png,36.378999593157964,37.2053013335385,blur,5,19.0,29.405095323686435,29.665290111012446,42.23667841903554,31.210866770312137,31.046844765407467,45.10292802804407,0.26019478732601087,-0.16402200490466967
10.png,36.378999593157964,37.2053013335385,blur,6,21.0,28.96321585751105,29.22269693172479,42.30197999190412,30.435052540429925,30.239002983967666,45.221679770786025,0.2594810742137419,-0.19604955646225974
10.png,36.378999593157964,37.2053013335385,blur,7,25.0,28.033579578208766,28.286355917555483,42.93478121430226,29.012766112348437,28.756921830006902,45.74015774639318,0.25277633934671684,-0.2558442823415348
10.png,36.378999593157964,37.2053013335385,blur,8,29.0,27.243869907468017,27.415799885687328,44.04852518690103,27.888003075813725,27.56170785316858,46.31228708097805,0.17192997821931044,-0.3262952226451432
10.png,36.378999593157964,37.2053013335385,blur,9,31.0,26.880095182299396,27.025774146773635,44.402885711918415,27.4129844681112,27.05488592518053,46.359815442977975,0.14567896447423934,-0.3580985429306729
100.png,30.569137982989854,31.173897544917196,poisson,0,1.0,26.533777338634774,26.741123918526615,23.990390587302844,27.06612238109671,27.255509370095545,24.543327724103797,0.20734657989184058,0.18938698899883377
100.png,30.569137982989854,31.173897544917196,poisson,1,0.8944444444444445,26.04735407297826,26.421270906400437,23.61342109095171,26.52865193204722,27.179604554328748,24.16651074454746,0.37391683342217874,0.6509526222815261
100.png,30.569137982989854,31.173897544917196,poisson,2,0.7888888888888889,25.506476672561,26.37180171142182,23.322199092244166,25.958737010946994,26.923798516936,23.82706691659076,0.8653250388608207,0.9650615059890058
100.png,30.569137982989854,31.173897544917196,poisson,3,0.6833333333333333,24.874727853260087,25.935650360611618,22.794112613104872,25.475956217484722,26.57172259999516,23.440153980689956,1.0609225073515312,1.095766382510437
100.png,30.569137982989854,31.173897544917196,poisson,4,0.5777777777777777,24.153834053605266,25.461473569966778,22.192609159478884,24.655815675765517,26.151425704005472,22.731301249246208,1.3076395163615118,1.4956100282399554
100.png,30.569137982989854,31.173897544917196,poisson,5,0.4722222222222222,23.286666531269624,25.052755052328344,21.53894099472116,23.643535086902684,25.46398501741698,21.84829881216668,1.7660885210587196,1.8204499305142967
100.png,30.569137982989854,31.173897544917196,poisson,6,0.3666666666666667,22.174041592728337,24.558910111353715,20.67184985049307,22.73017997509644,25.266947262670207,21.25420525702133,2.384868518625378,2.536767287573767
100.png,30.569137982989854,31.173897544917196,poisson,7,0.26111111111111107,20.743223044861573,23.58500415920238,19.42812477193916,21.34247684431349,24.28945486958404,20.05329189307404,2.841781114340808,2.9469780252705498
100.png,30.569137982989854,31.173897544917196,poisson,8,0.15555555555555556,18.53565475531108,22.42745412033198,17.582669401708003,19.00585261414368,23.224776297119764,18.065433987078006,3.8917993650209013,4.218923682976083
100.png,30.569137982989854,31.173897544917196,poisson,9,0.05,14.050434582581982,20.036129142784485,13.606923432016472,14.25540508026857,20.53864045543747,13.840079999474373,5.985694560202504,6.2832353751689
100.png,30.569137982989854,31.173897544917196,jpeg,0,95.0,43.567350891437435,30.485361472960825,30.387901401069286,43.31183737728735,31.051555927851133,30.882715520951358,-13.08198941847661,-12.260281449436214
100.png,30.569137982989854,31.173897544917196,jpeg,1,85.0,38.99239193964306,30.583766350641586,30.80274973251921,38.42240553181298,31.16788449525577,31.407062925338913,-8.408625589001478,-7.2545210365572075
100.png,30.569137982989854,31.173897544917196,jpeg,2,75.0,37.63289349549434,30.633825146731574,31.06238835366518,37.039397124563244,31.328080539526717,31.886827066713998,-6.999068348762769,-5.711316585036528
100.png,30.569137982989854,31.173897544917196,jpeg,3,65.0,36.79534314119918,30.667556435673333,31.199951400600078,36.15946602342844,31.351356129552794,31.91275998250992,-6.12778670552585,-4.808109893875649
100.png,30.569137982989854,31.173897544917196,jpeg,4,55.0,36.07471693739932,30.75536885067923,31.44383045055555,35.490552871080055,31.440347135575056,32.25331593484837,-5.319348086720094,-4.050205735504999
100.png,30.569137982989854,31.173897544917196,jpeg,5,45.0,35.51921445543533,30.91142284803022,31.849524001422225,34.8890403721262,31.584138890937872,32.61730333168238,-4.607791607405112,-3.304901481188331
100.png,30.569137982989854,31.173897544917196,jpeg,6,35.0,34.8720156812717,31.070839181767024,32.27536507400983,34.238004413186836,31.70635304870619,33.11486399417102,-3.801176499504674,-2.531651364480645
100.png,30.569137982989854,31.173897544917196,jpeg,7,25.0,33.87003273096199,31.084678168599382,32.84278569329548,33.38603629101456,31.70098922449106,33.9998757163212,-2.785354562362606,-1.6850470665235022
100.png,30.569137982989854,31.173897544917196,jpeg,8,15.0,32.388891956153984,31.026193637173293,34.58466149222906,32.04884413644588,31.257389789423705,34.551513529545936,-1.3626983189806907,-0.7914543470221744
100.png,30.569137982989854,31.173897544917196,jpeg,9,5.0,28.94646384606931,28.464815948632307,33.700667116010656,28.486558907227817,28.30150570039912,33.89376662398011,-0.48164789743700354,-0.18505320682869808
100.png,30.569137982989854,31.173897544917196,blur,0,1.0,inf,30.56913999693869,30.56913999693869,inf,31.173852731569642,31.173852731569642,-inf,-inf
100.png,30.569137982989854,31.173897544917196,blur,1,5.0,33.13891801655787,31.15926369062001,35.94689604514679,35.40651086422565,32.82620202889169,39.32590321689957,-1.979654325937858,-2.580308835333959
100.png,30.569137982989854,31.173897544917196,blur,2,9.0,30.657615219908344,30.079808427123105,37.25473144412624,33.14991845540107,32.28792922241052,44.081807465797844,-0.577806792785239,-0.8619892329905525
100.png,30.569137982989854,31.173897544917196,blur,3,11.0,29.86795257396116,29.53570581422222,38.0904636846231,32.53596883082421,31.931176217913748,45.527226775739834,-0.3322467597389398,-0.6047926129104617
100.png,30.569137982989854,31.173897544917196,blur,4,15.0,28.371694600760424,28.274457817418927,40.62868787237778,31.516061193813975,31.101078314582765,47.38532240706267,-0.0972367833414971,-0.4149828792312107
100.png,30.569137982989854,31.173897544917196,blur,5,19.0,27.08872240757723,27.11667388824437,42.623623589093214,30.657351350217713,30.313210441739884,48.28774001077356,0.02795148066714148,-0.3441409084778293
100.png,30.569137982989854,31.173897544917196,blur,6,21.0,26.585982015908314,26.649648123495968,42.95206453789116,30.3042214906384,29.96333161009875,48.42084176130764,0.0636661075876539,-0.3408898805396525
100.png,30.569137982989854,31.173897544917196,blur,7,25.0,25.60206154236044,25.757582807944335,42.45883201343652,29.573918779987395,29.238541022703313,48.21181488415223,0.15552126558389645,-0.3353777572840819
100.png,30.569137982989854,31.173897544917196,blur,8,29.0,24.84229343323218,25.033565766677086,42.36491735467968,28.902144115298867,28.53843665699221,47.93831773708361,0.1912723334449069,-0.3637074583066564
100.png,30.569137982989854,31.173897544917196,blur,9,31.0,24.49958632568248,24.708810190724503,42.22370578440576,28.598852173316192,28.218387115292927,47.761584937398666,0.2092238650420235,-0.38046505802326536
101.png,33.226154075208505,31.804127644540372,poisson,0,1.0,27.132439571303046,28.2527389218816,25.08930496840344,27.712685116639765,27.870770562042743,25.09942435367055,1.1202993505785557,0.1580854454029783
101.png,33.226154075208505,31.804127644540372,poisson,1,0.8944444444444445,26.629325852629627,28.00365785535554,24.72944247518008,26.946128710798614,27.690835389050307,24.69748741146887,1.3743320027259145,0.744706678251692
101.png,33.226154075208505,31.804127644540372,poisson,2,0.7888888888888889,26.097832438510714,27.757306926888397,24.31493137520856,26.549871490105858,27.438277745006893,24.322434503415344,1.6594744883776826,0.8884062549010352
101.png,33.226154075208505,31.804127644540372,poisson,3,0.6833333333333333,25.483201570930916,27.179543735940953,23.74484839419255,25.91696734641612,26.689087843066286,23.602412996187066,1.6963421650100372,0.7721204966501674
101.png,33.226154075208505,31.804127644540372,poisson,4,0.5777777777777777,24.749610153541475,27.001836274153167,23.213383839313057,25.262804003237402,26.73419534802492,23.253699818821257,2.2522261206116916,1.4713913447875164
101.png,33.226154075208505,31.804127644540372,poisson,5,0.4722222222222222,23.87429208127587,26.248427952151737,22.407957423095507,24.313604172919895,25.91047839093408,22.371609298787686,2.374135870875868,1.596874218014186
101.png,33.226154075208505,31.804127644540372,poisson,6,0.3666666666666667,22.765878494440216,25.451510630384462,21.424806129603798,23.308492290014616,25.49165040137883,21.648233814928417,2.685632135944246,2.1831581113642144
101.png,33.226154075208505,31.804127644540372,poisson,7,0.26111111111111107,21.313253494381705,24.8800873832014,20.273599111180133,21.90620466833956,24.8080508168289,20.535140938982096,3.566833888819694,2.9018461484893407
101.png,33.226154075208505,31.804127644540372,poisson,8,0.15555555555555556,19.09596435622022,23.414166400531325,18.30300692406166,19.570921029913166,23.41426628784928,18.46491310374295,4.3182020443111035,3.8433452579361145
101.png,33.226154075208505,31.804127644540372,poisson,9,0.05,14.436845577727722,20.91792384832607,14.102158584497637,14.651286419424157,20.92651724294481,14.172484507501164,6.481078270598347,6.275230823520655
101.png,33.226154075208505,31.804127644540372,jpeg,0,95.0,44.23814750548948,33.22789145628862,33.094810120474236,43.51563272117399,31.808860536308824,31.6673454602073,-11.010256049200862,-11.70677218486517
101.png,33.226154075208505,31.804127644540372,jpeg,1,85.0,40.094192895465326,33.325677454978326,33.65399871732723,38.95188070302698,31.85787363037163,32.11341794857339,-6.7685154404870005,-7.0940070726553515
101.png,33.226154075208505,31.804127644540372,jpeg,2,75.0,38.77584872777942,33.395769474465894,34.00255264915232,37.61235609138332,32.06103799796581,32.64686580669806,-5.380079253313525,-5.551318093417507
101.png,33.226154075208505,31.804127644540372,jpeg,3,65.0,37.938410321506424,33.561072162633224,34.39611950739983,36.86975054122547,32.04856970822203,32.700749637405686,-4.377338158873201,-4.821180833003439
101.png,33.226154075208505,31.804127644540372,jpeg,4,55.0,37.25602447522326,33.699678040813545,34.78459257191636,36.181528352152185,32.24079178262616,33.09158063765687,-3.5563464344097184,-3.940736569526024
101.png,33.226154075208505,31.804127644540372,jpeg,5,45.0,36.703712164347564,33.92427741292496,35.43945136482005,35.53632449108748,32.339308054960995,33.30434583741484,-2.779434751422606,-3.197016436126482
101.png,33.226154075208505,31.804127644540372,jpeg,6,35.0,36.073606759740166,33.754907773712766,35.770658588194614,34.846522056064586,32.06973198833332,33.28339220293191,-2.3186989860273997,-2.7767900677312696
101.png,33.226154075208505,31.804127644540372,jpeg,7,25.0,35.23468796803051,34.014549414441355,37.23604955150102,33.836332709620024,31.988754265480708,33.60112142582488,-1.2201385535891518,-1.847578444139316
101.png,33.226154075208505,31.804127644540372,jpeg,8,15.0,33.98515518277644,33.4462942407326,38.521516778655545,32.15972158301745,31.132850778598037,33.350657784797654,-0.5388609420438399,-1.0268708044194135
101.png,33.226154075208505,31.804127644540372,jpeg,9,5.0,30.074549853149662,24.197193287668924,25.848896917219722,27.246755908575835,24.003973748499895,26.0090158084975,-5.8773565654807385,-3.24278216007594
101.png,33.226154075208505,31.804127644540372,blur,0,1.0,inf,33.22623318046754,33.22623318046754,inf,31.804298946056985,31.804298946056985,-inf,-inf
101.png,33.226154075208505,31.804127644540372,blur,1,5.0,37.78213716552937,35.148046128464465,40.77706904017156,35.450146976308176,33.20732578096357,39.03304323887478,-2.6340910370649055,-2.242821195344604
101.png,33.226154075208505,31.804127644540372,blur,2,9.0,35.68938270466545,34.97677746506759,44.775842235724035,32.36689476796443,32.15350850305525,43.11546651778307,-0.7126052395978562,-0.21338626490918244
101.png,33.226154075208505,31.804127644540372,blur,3,11.0,35.178865357231025,34.74641673254604,45.85357568535194,31.43972083845375,31.45095414484299,44.40386298736478,-0.43244862468498724,0.011233306389240028
101.png,33.226154075208505,31.804127644540372,blur,4,15.0,34.39274406800743,34.15263038343126,45.81897725146068,29.866902897170853,30.042045120473947,45.88558858055784,-0.24011368457617266,0.17514222330309437
101.png,33.226154075208505,31.804127644540372,blur,5,19.0,33.805427850589155,33.65881953612705,46.20442695057392,28.593788552474095,28.69474889500603,47.64883293266381,-0.14660831446210665,0.10096034253193409
101.png,33.226154075208505,31.804127644540372,blur,6,21.0,33.588666686283375,33.449892092808405,46.1637858820691,28.07142062515136,28.126926072952667,48.130709480564505,-0.13877459347497023,0.05550544780130551
101.png,33.226154075208505,31.804127644540372,blur,7,25.0,33.1396219308826,33.02940549836971,46.18660098713195,27.083092980332708,27.05481513316121,48.90790669545133,-0.11021643251288538,-0.028277847171498394
101.png,33.226154075208505,31.804127644540372,blur,8,29.0,32.78021681893645,32.678501310709564,46.07123457275157,26.27874730455945,26.20272547984178,49.3104489588474,-0.10171550822688857,-0.07602182471766739
101.png,33.226154075208505,31.804127644540372,blur,9,31.0,32.61294145343623,32.51371162304022,45.90964182226284,25.934471922471808,25.847567789585483,49.45928789841459,-0.09922983039600553,-0.0869041328863247
102.png,29.587580184455632,30.76608132427652,poisson,0,1.0,26.78650646876438,26.892370365485156,24.201562655675495,26.89755847993501,27.60038578807995,24.66334424528263,0.105863896720777,0.7028273081449399
102.png,29.587580184455632,30.76608132427652,poisson,1,0.8944444444444445,26.29918895311291,26.690557806794565,23.87417245664239,26.634551923882434,27.656432667945996,24.54059064366826,0.3913688536816551,1.0218807440635622
102.png,29.587580184455632,30.76608132427652,poisson,2,0.7888888888888889,25.750264914195405,26.25655889748408,23.38310720050247,25.923219810922742,27.134413748362935,23.935489515465655,0.5062939832886748,1.2111939374401928
102.png,29.587580184455632,30.76608132427652,poisson,3,0.6833333333333333,25.11214783557478,26.05069172703022,22.95880305363793,25.360541341118967,26.74876457052141,23.40931802162625,0.9385438914554385,1.388223229402442
102.png,29.587580184455632,30.76608132427652,poisson,4,0.5777777777777777,24.397818795395736,25.677137109039002,22.411378067002353,24.714908396708665,26.75231382288352,23.00467221806203,1.279318313643266,2.0374054261748533
102.png,29.587580184455632,30.76608132427652,poisson,5,0.4722222222222222,23.540921987525763,25.107218729116166,21.694289550771856,23.779871442240385,26.00690382821153,22.08568666005281,1.5662967415904028,2.227032385971146
102.png,29.587580184455632,30.76608132427652,poisson,6,0.3666666666666667,22.46180447762327,24.61262068417102,20.86393414815185,22.631424161495847,25.51941911670535,21.19142276159056,2.1508162065477485,2.8879949552095034
102.png,29.587580184455632,30.76608132427652,poisson,7,0.26111111111111107,21.013376064458402,23.821719559846166,19.68206467627729,21.1777667606748,24.82284398484563,20.155727512883416,2.8083434953877635,3.64507722417083
102.png,29.587580184455632,30.76608132427652,poisson,8,0.15555555555555556,18.84564842057403,22.734031277787423,17.865793407646247,19.0096573907651,23.83795004798013,18.275663800823075,3.8883828572133936,4.82829265721503
102.png,29.587580184455632,30.76608132427652,poisson,9,0.05,14.360361659652455,20.520342658142066,13.968273880886908,14.266703870600788,21.324874355390826,13.868853176843468,6.159980998489612,7.058170484790038
102.png,29.587580184455632,30.76608132427652,jpeg,0,95.0,43.5479589324763,29.540268130434058,29.462670311758576,43.14377408430197,30.701563450754197,30.570357793612075,-14.00769080204224,-12.44221063354777
102.png,29.587580184455632,30.76608132427652,jpeg,1,85.0,38.82503094989979,29.481924853157864,29.64929142756023,38.250689198974136,30.8000727824111,30.964575396459544,-9.343106096741927,-7.450616416563037
102.png,29.587580184455632,30.76608132427652,jpeg,2,75.0,37.40244019350299,29.560294504160353,29.90533550422382,36.806693498186156,30.882069871315082,31.357568881905653,-7.842145689342637,-5.924623626871075
102.png,29.587580184455632,30.76608132427652,jpeg,3,65.0,36.56051903959992,29.534277488031368,29.96741604141679,35.9888243164836,30.884177428332393,31.527524482097895,-7.02624155156855,-5.104646888151208
102.png,29.587580184455632,30.76608132427652,jpeg,4,55.0,35.86078844480918,29.470905088942647,30.012769909298775,35.31156104081396,30.90683999527809,31.733312482887296,-6.389883355866534,-4.404721045535872
102.png,29.587580184455632,30.76608132427652,jpeg,5,45.0,35.28057662869038,29.737332913876678,30.438254745684183,34.73026715275458,30.952408069247795,31.86737423952486,-5.5432437148137055,-3.777859083506783
102.png,29.587580184455632,30.76608132427652,jpeg,6,35.0,34.607352218887996,29.94635537569153,30.85472426856588,33.99858419593137,31.084436953040395,32.30793358812523,-4.660996843196465,-2.9141472428909765
102.png,29.587580184455632,30.76608132427652,jpeg,7,25.0,33.68199628213609,30.23581045198513,31.885502404201212,33.07471779445717,31.09471757083369,32.82707798569778,-3.4461858301509594,-1.980000223623481
102.png,29.587580184455632,30.76608132427652,jpeg,8,15.0,32.35567445168095,30.242694134480082,32.707544271457124,31.685593648496038,30.70889194306975,33.09063616667828,-2.112980317200865,-0.9767017054262865
102.png,29.587580184455632,30.76608132427652,jpeg,9,5.0,28.765143433841178,27.03556475781102,30.40019733114495,27.373875177052113,27.36420514446159,32.5261255999589,-1.7295786760301581,-0.009670032590523903
102.png,29.587580184455632,30.76608132427652,blur,0,1.0,inf,29.587554854230753,29.587554854230753,inf,30.76609202089635,30.76609202089635,-inf,-inf
102.png,29.587580184455632,30.76608132427652,blur,1,5.0,28.97127909325885,28.73034309393182,38.67184832206828,34.62452671347627,32.297478960450206,39.019888195176755,-0.24093599932703214,-2.327047753026065
102.png,29.587580184455632,30.76608132427652,blur,2,9.0,27.16869893401219,27.270926107909276,41.168846154250474,32.00259740206778,31.487322581757308,44.16669679622632,0.10222717389708436,-0.51527482031047
102.png,29.587580184455632,30.76608132427652,blur,3,11.0,26.76432295590157,26.80497965815934,42.2591666761094,31.30858569798675,31.046073708772393,45.749218789757265,0.040656702257770405,-0.2625119892143566
102.png,29.587580184455632,30.76608132427652,blur,4,15.0,26.144801402616537,26.153175147219017,43.808862061782094,30.225801678330107,30.093676173293513,47.594274277492616,0.00837374460247986,-0.13212550503659415
102.png,29.587580184455632,30.76608132427652,blur,5,19.0,25.705913303518425,25.72244534863204,44.93453027801663,29.397323311695104,29.2486720153981,48.602563828276296,0.016532045113613947,-0.1486512962970039
102.png,29.587580184455632,30.76608132427652,blur,6,21.0,25.56798717018384,25.568664879428642,44.417528044429616,29.078275063328046,28.924502933829977,48.68007691126503,0.0006777092448011501,-0.15377212949806918
102.png,29.587580184455632,30.76608132427652,blur,7,25.0,25.232124627097665,25.260942973569776,45.11299789688231,28.42434477571132,28.2232593979084,49.282328754473696,0.02881834647211079,-0.20108537780291869
102.png,29.587580184455632,30.76608132427652,blur,8,29.0,25.023384600522935,25.00522957678672,44.88151927976222,27.85931312320244,27.63447928300517,49.38301493276458,-0.01815502373621314,-0.22483384019727026
102.png,29.587580184455632,30.76608132427652,blur,9,31.0,24.899697842030367,24.894191969790537,45.030566060918176,27.59657692113564,27.361465325494663,49.57572537408487,-0.005505872239830012,-0.2351115956409764
103.png,32.44063196706541,31.72770851438553,poisson,0,1.0,26.639049003908568,27.754673907297107,24.566292550322324,26.96964935734882,27.514997901730375,24.66660006717634,1.1156249033885395,0.5453485443815538
103.png,32.44063196706541,31.72770851438553,poisson,1,0.8944444444444445,26.15247814501163,27.414282432872575,24.17222369559196,26.490390576435004,27.429807882861933,24.204652422001722,1.2618042878609437,0.9394173064269289
103.png,32.44063196706541,31.72770851438553,poisson,2,0.7888888888888889,25.61283135422782,27.224690483367816,23.80876320726898,25.975373722922498,27.241952780765033,23.941958082405183,1.6118591291399973,1.2665790578425344
103.png,32.44063196706541,31.72770851438553,poisson,3,0.6833333333333333,24.99942709866104,26.898760349666993,23.305536705466476,25.390068660777683,26.883537483725057,23.43024058009146,1.8993332510059524,1.4934688229473743
103.png,32.44063196706541,31.72770851438553,poisson,4,0.5777777777777777,24.248132062818915,26.43627332422482,22.679761618808833,24.55965514017734,26.4243391191695,22.72473525594783,2.1881412614059066,1.8646839789921579
103.png,32.44063196706541,31.72770851438553,poisson,5,0.4722222222222222,23.40549811681751,26.001860287082728,22.002800640616105,23.76261688454003,25.983273548809773,22.25120501531009,2.5963621702652198,2.220656664269743
103.png,32.44063196706541,31.72770851438553,poisson,6,0.3666666666666667,22.33071938241669,25.273700245150085,21.062013448781414,22.62555074920659,25.36487431579436,21.18784344228108,2.942980862733396,2.739323566587771
103.png,32.44063196706541,31.72770851438553,poisson,7,0.26111111111111107,20.85048380017334,24.689245759534394,19.886322979771315,21.240950799894126,24.641629848665993,20.11744500402667,3.8387619593610545,3.4006790487718668
103.png,32.44063196706541,31.72770851438553,poisson,8,0.15555555555555556,18.694162208654564,23.500985693146784,17.997549167592798,18.9810644147654,23.46540110193753,18.103784902435574,4.80682348449222,4.4843366871721315
103.png,32.44063196706541,31.72770851438553,poisson,9,0.05,14.088069544987011,16.046538229087812,12.529319092926146,14.274331861051401,16.102965379427353,12.515896071190816,1.9584686841008008,1.828633518375952
103.png,32.44063196706541,31.72770851438553,jpeg,0,95.0,43.26077499928891,32.33739750618608,32.123704674431906,42.988408065747386,31.6138107531248,31.39340421029333,-10.923377493102834,-11.374597312622587
103.png,32.44063196706541,31.72770851438553,jpeg,1,85.0,38.36323251496448,32.38952092748295,32.72927657449927,38.05527999187822,31.639121322032846,31.837593326509005,-5.973711587481532,-6.416158669845377
103.png,32.44063196706541,31.72770851438553,jpeg,2,75.0,37.071422432347354,32.54816445945124,33.42562445577758,36.592637413549774,31.81622211452261,32.614804000696175,-4.523257972896111,-4.776415299027164
103.png,32.44063196706541,31.72770851438553,jpeg,3,65.0,36.3696292670987,32.69888470203368,33.86910393960893,35.936363304147164,31.924851897268297,32.830771604586786,-3.6707445650650214,-4.011511406878867
103.png,32.44063196706541,31.72770851438553,jpeg,4,55.0,35.79709513134476,32.82297631356225,34.3126637678528,35.40107102251963,31.966101579787647,33.04332803466129,-2.974118817782511,-3.4349694427319832
103.png,32.44063196706541,31.72770851438553,jpeg,5,45.0,35.33784659286036,32.97512870611597,34.92882820345844,34.89014169973143,32.15602583172784,33.48313591183053,-2.3627178867443916,-2.7341158680035917
103.png,32.44063196706541,31.72770851438553,jpeg,6,35.0,34.80985166522904,33.03820730150041,35.674427905622814,34.31811600266548,32.19661751921791,34.11519331908505,-1.7716443637286332,-2.121498483447567
103.png,32.44063196706541,31.72770851438553,jpeg,7,25.0,34.1452462827793,33.109802454487294,37.17379769126102,33.51424708515347,31.910486823340364,34.0340676311646,-1.0354438282920029,-1.6037602618131075
103.png,32.44063196706541,31.72770851438553,jpeg,8,15.0,33.165732506539065,32.804855799625784,39.44597605700487,32.15860647930982,31.318289647898638,34.74856756294565,-0.360876706913281,-0.8403168314111795
103.png,32.44063196706541,31.72770851438553,jpeg,9,5.0,29.89433267115336,29.71280285489998,39.46005966838885,27.825942181215154,27.63935009099789,33.472359800897394,-0.18152981625338072,-0.18659209021726397
103.png,32.44063196706541,31.72770851438553,blur,0,1.0,inf,32.44063602506897,32.44063602506897,inf,31.72770642378117,31.72770642378117,-inf,-inf
103.png,32.44063196706541,31.72770851438553,blur,1,5.0,36.010452608014624,34.167727343422854,41.72407388312574,35.38267393224996,33.173707966801416,39.44917009463054,-1.8427252645917704,-2.2089659654485416
103.png,32.44063196706541,31.72770851438553,blur,2,9.0,34.56284040172855,34.055017401765674,45.46212515739376,33.39338729559643,32.70893906248844,42.92020257258084,-0.507822999962876,-0.6844482331079931
103.png,32.44063196706541,31.72770851438553,blur,3,11.0,34.25624312237976,33.90680852400096,45.93125631943322,32.83973676227009,32.34554657875928,43.68878840653647,-0.3494345983787994,-0.4941901835108098
103.png,32.44063196706541,31.72770851438553,blur,4,15.0,33.78309641905894,33.57639908379065,45.888417263996146,31.87511235723599,31.493370647260992,44.351089189342005,-0.20669733526829503,-0.38174170997499957
103.png,32.44063196706541,31.72770851438553,blur,5,19.0,33.419012977633784,33.25954852300989,45.61550324779434,31.04798684325688,30.67327582334222,44.3771250160747,-0.15946445462389391,-0.3747110199146597
103.png,32.44063196706541,31.72770851438553,blur,6,21.0,33.277970118448025,33.12366319748585,45.552711475527346,30.694963815183375,30.306227439946664,44.382793822832305,-0.15430692096217768,-0.3887363752367108
103.png,32.44063196706541,31.72770851438553,blur,7,25.0,32.96694413403789,32.83471559419468,45.307191902328164,29.95610478350001,29.56383745794373,44.0143777531845,-0.13222853984321148,-0.3922673255562792
103.png,32.44063196706541,31.72770851438553,blur,8,29.0,32.70712529075442,32.58348155146041,45.31406081706414,29.29933185714085,28.92011313247763,43.828893262764296,-0.1236437392940104,-0.37921872466321815
103.png,32.44063196706541,31.72770851438553,blur,9,31.0,32.578721085457644,32.46304220148673,45.28874610553523,29.001061097962804,28.616493896007707,43.882722698635476,-0.11567888397091508,-0.38456720195509675
104.png,31.69202104716097,32.80796222370343,poisson,0,1.0,26.602120448795084,27.577544341930142,24.444827998621133,27.4010600850962,28.479025274112864,25.346438485913904,0.9754238931350585,1.0779651890166626
104.png,31.69202104716097,32.80796222370343,poisson,1,0.8944444444444445,26.140823578297415,27.257202907632312,24.079354926792945,26.792476640944646,28.103803789062983,24.80832860032812,1.1163793293348974,1.3113271481183375
104.png,31.69202104716097,32.80796222370343,poisson,2,0.7888888888888889,25.5716921596043,27.16619532745522,23.712298053919962,26.334257099889783,28.072432163104892,24.436693260569626,1.5945031678509203,1.7381750632151096
104.png,31.69202104716097,32.80796222370343,poisson,3,0.6833333333333333,24.959458511902053,26.74692316395259,23.186664897045112,25.59904013957325,27.485283276485738,23.902003644099914,1.787464652050538,1.886243136912487
104.png,31.69202104716097,32.80796222370343,poisson,4,0.5777777777777777,24.202436232404743,26.28494893660584,22.57856658969427,24.79221252264039,27.03204080595949,23.117933253309996,2.082512704201097,2.239828283319099
104.png,31.69202104716097,32.80796222370343,poisson,5,0.4722222222222222,23.359500496052288,25.75766417298398,21.850510142507623,24.12483264477833,26.73061789366391,22.591230634195423,2.3981636769316914,2.6057852488855815
104.png,31.69202104716097,32.80796222370343,poisson,6,0.3666666666666667,22.28593214477428,25.267938841059667,21.01261770486424,22.921867102765965,26.00218841334086,21.686125324811243,2.9820066962853886,3.080321310574895
104.png,31.69202104716097,32.80796222370343,poisson,7,0.26111111111111107,20.860730388751975,24.53300898134982,19.794801221586937,21.384140271804526,25.342307224904673,20.332174025942614,3.672278592597845,3.9581669531001467
104.png,31.69202104716097,32.80796222370343,poisson,8,0.15555555555555556,18.75451422798833,23.4871289678361,18.00199701853784,19.356156488546873,24.058006790060457,18.58712425538043,4.732614739847769,4.701850301513584
104.png,31.69202104716097,32.80796222370343,poisson,9,0.05,14.301733341810674,21.323665881729944,14.061443689163086,14.350264212532908,21.56692555173311,14.052381557526846,7.02193253991927,7.216661339200202
104.png,31.69202104716097,32.80796222370343,jpeg,0,95.0,44.2822804304767,31.691511665114195,31.623574775317785,43.69285387842419,32.77091719438906,32.62584740843537,-12.590768765362508,-10.921936684035131
104.png,31.69202104716097,32.80796222370343,jpeg,1,85.0,40.284192616947564,31.759738455933576,32.01092182850784,39.616000965781254,32.81210916057549,33.154394767434894,-8.524454161013988,-6.803891805205765
104.png,31.69202104716097,32.80796222370343,jpeg,2,75.0,38.94683487428368,31.795933860738064,32.16487079639532,38.2021164992258,32.97355945721419,33.57499205878607,-7.150901013545617,-5.228557042011609
104.png,31.69202104716097,32.80796222370343,jpeg,3,65.0,38.07554121644404,31.784136060864316,32.288655874295394,37.297488288007614,32.905593226376524,33.610192320543945,-6.291405155579721,-4.3918950616310894
104.png,31.69202104716097,32.80796222370343,jpeg,4,55.0,37.346000509181806,31.997400004208004,32.63982713294277,36.515125795642454,33.030992978679244,33.98736171788046,-5.348600504973803,-3.4841328169632106
104.png,31.69202104716097,32.80796222370343,jpeg,5,45.0,36.719216425114766,32.03475638530663,32.80101526102137,35.94922424346084,32.9414813563287,34.31594857941647,-4.684460039808137,-3.0077428871321388
104.png,31.69202104716097,32.80796222370343,jpeg,6,35.0,35.95619811924116,32.15543480946153,33.14533054446578,35.23750377212506,33.08555153943145,34.49105489248057,-3.800763309779626,-2.15195223269361
104.png,31.69202104716097,32.80796222370343,jpeg,7,25.0,34.93497369796912,32.063838496564166,33.703131957555854,34.22300270703198,32.90540567419123,34.95165139957998,-2.871135201404954,-1.3175970328407516
104.png,31.69202104716097,32.80796222370343,jpeg,8,15.0,33.39141833264891,31.742719880579852,34.16864043728531,32.68860700069368,32.22694283885466,35.383742919939706,-1.648698452069059,-0.4616641618390176
104.png,31.69202104716097,32.80796222370343,jpeg,9,5.0,29.332378961516902,28.706931730442857,34.10481973654963,28.511543799492834,28.65451953176091,33.758946900996285,-0.6254472310740447,0.14297573226807714
104.png,31.69202104716097,32.80796222370343,blur,0,1.0,inf,31.69193740693979,31.69193740693979,inf,32.808019700468336,32.808019700468336,-inf,-inf
104.png,31.69202104716097,32.80796222370343,blur,1,5.0,35.23227599994471,31.988578347417725,37.795397246388916,36.33278912068778,33.76051225861509,40.24062439764451,-3.2436976525269863,-2.572276862072691
104.png,31.69202104716097,32.80796222370343,blur,2,9.0,32.05970559710904,30.752992856269948,41.217889443273805,33.51372026485423,32.78715255883474,44.925592468984014,-1.3067127408390888,-0.7265677060194875
104.png,31.69202104716097,32.80796222370343,blur,3,11.0,31.10607048117454,30.174075843247053,42.27965706775479,32.70936868987103,32.250620169028096,46.58919477004045,-0.9319946379274882,-0.4587485208429314
104.png,31.69202104716097,32.80796222370343,blur,4,15.0,29.562311539068485,29.066263161522667,44.07055634436256,31.424645844574144,31.184802590320004,49.18893710012868,-0.49604837754581865,-0.23984325425414
104.png,31.69202104716097,32.80796222370343,blur,5,19.0,28.371532093286554,28.188542061458016,45.76638614342101,30.45034343510669,30.282267709079065,51.19865911885186,-0.18299003182853824,-0.16807572602762377
104.png,31.69202104716097,32.80796222370343,blur,6,21.0,27.925054699540585,27.838451587896195,46.44337368173713,30.076872391585745,29.903155922138723,51.7351512389429,-0.08660311164438994,-0.17371646944702235
104.png,31.69202104716097,32.80796222370343,blur,7,25.0,27.034278131901637,27.090435453471354,46.84684023170716,29.328943165352005,29.169379357788216,52.63668303538306,0.05615732156971731,-0.15956380756378863
104.png,31.69202104716097,32.80796222370343,blur,8,29.0,26.311367937486217,26.413314252596972,47.30449861864443,28.715500910126302,28.541601303050136,53.206180441827826,0.10194631511075514,-0.1738996070761658
104.png,31.69202104716097,32.80796222370343,blur,9,31.0,25.989035038230448,26.10980861855714,47.2099225677844,28.438700890987466,28.27066354615541,53.400010916042085,0.12077358032669139,-0.16803734483205446
105.png,31.743082819849878,32.07297891576885,poisson,0,1.0,26.483693286122705,27.395191845987657,24.304982876667005,27.658166697762304,28.220470792705115,25.27187291127496,0.9114985598649525,0.5623040949428102
105.png,31.743082819849878,32.07297891576885,poisson,1,0.8944444444444445,26.00898824304364,27.22814336776171,23.99366778055566,27.224059581355043,28.114873373688116,25.016790579813843,1.2191551247180712,0.8908137923330735
105.png,31.743082819849878,32.07297891576885,poisson,2,0.7888888888888889,25.482537412201406,26.950737410321853,23.553663217088857,26.674174964385152,27.66133851554791,24.47688668870814,1.468199998120447,0.9871635511627588
105.png,31.743082819849878,32.07297891576885,poisson,3,0.6833333333333333,24.82163674947095,26.566062469362386,23.030333020884445,26.140078479153097,27.25074573871342,24.014795675413126,1.744425719891435,1.1106672595603229
105.png,31.743082819849878,32.07297891576885,poisson,4,0.5777777777777777,24.13676244042618,26.156224229233096,22.484347468488938,25.362574533585075,27.048368091911552,23.47207612954921,2.019461788806918,1.685793558326477
105.png,31.743082819849878,32.07297891576885,poisson,5,0.4722222222222222,23.264687095842053,25.90115754450764,21.82139084439227,24.493928638703014,26.871955982482465,22.942260823971587,2.6364704486655874,2.3780273437794506
105.png,31.743082819849878,32.07297891576885,poisson,6,0.3666666666666667,22.193873289434297,25.281866528694152,20.93971892108364,23.38129909060839,26.309349699796524,21.944729578688104,3.0879932392598555,2.9280506091881335
105.png,31.743082819849878,32.07297891576885,poisson,7,0.26111111111111107,20.774011307354165,24.296829933521757,19.6706327252092,21.790001167690306,25.38056870364128,20.702177668112853,3.5228186261675916,3.5905675359509743
105.png,31.743082819849878,32.07297891576885,poisson,8,0.15555555555555556,18.657552544248315,23.418840009977306,17.899975108644988,19.515138220489106,24.287147431652446,18.691411487138033,4.761287465728991,4.77200921116334
105.png,31.743082819849878,32.07297891576885,poisson,9,0.05,14.298677569611055,21.382479491399433,14.037754155923372,14.818875888028069,21.910479923538038,14.458101574990135,7.083801921788378,7.0916040355099685
105.png,31.743082819849878,32.07297891576885,jpeg,0,95.0,44.57361050614683,31.682052016688218,31.63929481934849,43.89888075922514,31.97949871584285,31.869545644345344,-12.89155848945861,-11.919382043382292
105.png,31.743082819849878,32.07297891576885,jpeg,1,85.0,40.63667924514132,31.851554801545756,32.06344081086557,39.60666798409863,32.16665370650679,32.38964193883474,-8.785124443595567,-7.440014277591835
105.png,31.743082819849878,32.07297891576885,jpeg,2,75.0,39.23155330881925,32.02149274594507,32.38046479524603,38.19414998637575,32.29203063995044,32.63859314705206,-7.210060562874183,-5.902119346425309
105.png,31.743082819849878,32.07297891576885,jpeg,3,65.0,38.28984450596818,32.0009360212353,32.41053344050586,37.27127391066756,32.16594706889357,32.639765248414726,-6.288908484732886,-5.105326841773987
105.png,31.743082819849878,32.07297891576885,jpeg,4,55.0,37.52602125053981,32.13276692771287,32.72142466938231,36.50979483213383,32.14202241347774,32.602697245098035,-5.393254322826941,-4.367772418656088
105.png,31.743082819849878,32.07297891576885,jpeg,5,45.0,36.86711390282341,32.18456918597388,32.8912591231814,35.77109351882795,32.3831744205765,32.95816664300236,-4.682544716849534,-3.3879190982514515
105.png,31.743082819849878,32.07297891576885,jpeg,6,35.0,36.088657494219234,32.171415295372555,33.0677558478442,34.99981367878426,32.12557236388952,33.04089178652295,-3.9172421988466795,-2.874241314894739
105.png,31.743082819849878,32.07297891576885,jpeg,7,25.0,34.94776170007379,32.03343358912883,33.252391482263015,33.72984319750967,31.651105545264848,32.71491157822736,-2.9143281109449575,-2.0787376522448255
105.png,31.743082819849878,32.07297891576885,jpeg,8,15.0,33.30313636782516,31.622919907258023,33.92469802048487,31.977242089420304,31.18513365328625,32.83394635772378,-1.680216460567138,-0.792108436134054
105.png,31.743082819849878,32.07297891576885,jpeg,9,5.0,29.017141187836227,28.298022357350547,32.777605987163476,27.194437159098648,27.021346402094245,30.630606695813277,-0.7191188304856801,-0.17309075700440246
105.png,31.743082819849878,32.07297891576885,blur,0,1.0,inf,31.74305920537488,31.74305920537488,inf,32.07291222859212,32.07291222859212,-inf,-inf
105.png,31.743082819849878,32.07297891576885,blur,1,5.0,34.208258985992344,31.679470723740746,36.904206575741824,35.44755663199962,32.82618585547644,38.20431958208666,-2.5287882622515987,-2.621370776523179
105.png,31.743082819849878,32.07297891576885,blur,2,9.0,31.372764913550576,30.320824717351687,38.040811672058204,31.87500991254684,31.38667770944208,40.96133531562142,-1.0519401961988883,-0.4883322031047612
105.png,31.743082819849878,32.07297891576885,blur,3,11.0,30.54981029427111,29.790850809123818,38.0137177506527,30.79897344948116,30.603885716294034,41.376875361700414,-0.7589594851472938,-0.19508773318712613
105.png,31.743082819849878,32.07297891576885,blur,4,15.0,29.22760777334546,28.9138192414767,37.595454282743525,29.05064284181979,29.124635733916016,41.598096491597225,-0.313788531868763,0.07399289209622495
105.png,31.743082819849878,32.07297891576885,blur,5,19.0,28.227125096818988,28.152399560649272,37.16525911970041,27.72661969298397,27.859920566116003,41.632859199456846,-0.07472553616971567,0.13330087313203265
105.png,31.743082819849878,32.07297891576885,blur,6,21.0,27.860714828668847,27.848899924703435,37.01859473887451,27.21639435790658,27.34867847779625,41.693774570834705,-0.011814903965412071,0.13228411988966826
105.png,31.743082819849878,32.07297891576885,blur,7,25.0,27.121390889385996,27.196552488798158,36.79382839346684,26.254143878931618,26.370102052992536,41.91131419978198,0.07516159941216216,0.11595817406091768
105.png,31.743082819849878,32.07297891576885,blur,8,29.0,26.531997762743053,26.654396719892404,37.10356922921977,25.490387614862033,25.57753095192911,42.70836992658634,0.12239895714935045,0.08714333706707578
105.png,31.743082819849878,32.07297891576885,blur,9,31.0,26.260452821073184,26.406997676107473,37.45186185535996,25.159625572393743,25.223045377322286,43.32693374727874,0.14654485503428916,0.06341980492854304
106.png,32.34468486425564,30.293984755653693,poisson,0,1.0,27.21069978005717,27.94039243170632,24.95460094767646,28.48770059955281,27.99662480321066,25.632430727598603,0.7296926516491524,-0.49107579634214815
106.png,32.34468486425564,30.293984755653693,poisson,1,0.8944444444444445,26.70708813281552,27.472702989919636,24.514704406804306,27.907018541387508,27.69232180602053,25.206991867730416,0.765614857104115,-0.21469673536697798
106.png,32.34468486425564,30.293984755653693,poisson,2,0.7888888888888889,26.182029349254602,27.398993076563674,24.19171869571493,27.36717107370072,27.684384751645325,24.924383858723193,1.2169637273090714,0.3172136779446042
106.png,32.34468486425564,30.293984755653693,poisson,3,0.6833333333333333,25.554740736469487,26.905732638867335,23.663658677696553,26.73051462606292,27.303453011556446,24.367984900393672,1.3509919023978476,0.5729383854935257
106.png,32.34468486425564,30.293984755653693,poisson,4,0.5777777777777777,24.834973971155364,26.593628768829237,23.110157250392298,25.993362881642305,27.011752195277268,23.92874473192822,1.7586547976738736,1.0183893136349624
106.png,32.34468486425564,30.293984755653693,poisson,5,0.4722222222222222,23.956676477254494,25.973172965519638,22.35816693141503,25.121677053845097,26.23050576561276,23.155160923884523,2.016496488265144,1.1088287117676643
106.png,32.34468486425564,30.293984755653693,poisson,6,0.3666666666666667,22.84756581178033,25.375706087997063,21.452588787019916,24.004352972327897,26.023972524088453,22.37069710881903,2.5281402762167318,2.019619551760556
106.png,32.34468486425564,30.293984755653693,poisson,7,0.26111111111111107,21.402967892530956,24.534130439630996,20.22961681100908,22.652171566374257,25.542166453004196,21.288443802448732,3.1311625471000397,2.889994886629939
106.png,32.34468486425564,30.293984755653693,poisson,8,0.15555555555555556,19.158379562335057,23.463008055256402,18.344590275154577,20.173857166299403,24.085995287279044,19.338443087229173,4.304628492921346,3.912138120979641
106.png,32.34468486425564,30.293984755653693,poisson,9,0.05,14.535774683133216,20.947659231292644,14.195555995055404,15.4239210593017,21.420264900300094,14.975070181257353,6.411884548159428,5.996343840998394
106.png,32.34468486425564,30.293984755653693,jpeg,0,95.0,43.41672382805368,32.22929531590303,32.05863940982233,42.82613051619976,30.21109008942494,30.059322125489413,-11.187428512150646,-12.615040426774822
106.png,32.34468486425564,30.293984755653693,jpeg,1,85.0,38.91498934977414,32.47009847471952,32.84055556804612,37.80816511624516,30.4808950165533,30.69842604644962,-6.444890875054618,-7.327270099691862
106.png,32.34468486425564,30.293984755653693,jpeg,2,75.0,37.675322782135005,32.562647696885875,33.29822479377312,36.37971155070385,30.47595240526462,31.040682283765896,-5.11267508524913,-5.903759145439231
106.png,32.34468486425564,30.293984755653693,jpeg,3,65.0,36.95762325967829,32.742589035688326,33.73861976445991,35.73097726354908,30.608452327147333,31.31473489768535,-4.215034223989967,-5.122524936401746
106.png,32.34468486425564,30.293984755653693,jpeg,4,55.0,36.37175355046886,32.87599131638186,34.13238973656365,35.16955674076149,30.795186113566572,31.503253177551453,-3.495762234087003,-4.374370627194921
106.png,32.34468486425564,30.293984755653693,jpeg,5,45.0,35.88262470556345,33.05536639683948,34.68245495644231,34.67206501582657,30.96589124930878,31.973149382273427,-2.8272583087239695,-3.7061737665177894
106.png,32.34468486425564,30.293984755653693,jpeg,6,35.0,35.321250998294985,33.26585234190852,35.494585048705474,34.0218231464759,31.195018402893165,32.19991379963446,-2.0553986563864655,-2.8268047435827377
106.png,32.34468486425564,30.293984755653693,jpeg,7,25.0,34.57128572596902,33.33541943957258,36.69614507867608,33.01330649522927,31.420184630637166,33.054789050905015,-1.235866286396437,-1.5931218645921064
106.png,32.34468486425564,30.293984755653693,jpeg,8,15.0,33.417115528472735,32.89839168992978,37.931002099349044,31.609350874151467,30.67186615314497,33.02246410364089,-0.5187238385429538,-0.9374847210064985
106.png,32.34468486425564,30.293984755653693,jpeg,9,5.0,29.705678062916938,29.689714275295565,37.698540219354264,27.121478910369056,27.394479887576285,31.82196369898072,-0.015963787621373626,0.2730009772072286
106.png,32.34468486425564,30.293984755653693,blur,0,1.0,inf,32.34471109528054,32.34471109528054,inf,30.294250916801253,30.294250916801253,-inf,-inf
106.png,32.34468486425564,30.293984755653693,blur,1,5.0,36.61868315305037,34.4170546446781,40.51193363832347,34.45757824853072,31.970209463365542,35.65833700648902,-2.2016285083722664,-2.487368785165181
106.png,32.34468486425564,30.293984755653693,blur,2,9.0,34.844245105277935,34.286285183568715,44.72667078899593,31.76224358720427,31.494520606400506,38.50633135166494,-0.5579599217092195,-0.26772298080376444
106.png,32.34468486425564,30.293984755653693,blur,3,11.0,34.4051263905909,34.08648282985431,45.99807602866029,30.923596465286312,30.99117494277012,39.72660524979214,-0.3186435607365894,0.06757847748380641
106.png,32.34468486425564,30.293984755653693,blur,4,15.0,33.711629065994714,33.620577990000925,47.8456104845391,29.519607468425185,29.74656603423359,42.652803703943434,-0.09105107599378925,0.22695856580840612
106.png,32.34468486425564,30.293984755653693,blur,5,19.0,33.16951341917971,33.14352934239518,48.58802680862799,28.35743118554226,28.386510451712294,46.136930286905525,-0.025984076784524746,0.02907926617003298
106.png,32.34468486425564,30.293984755653693,blur,6,21.0,32.958159644488994,32.93911383562198,48.35475979894754,27.878246423274028,27.885599757608126,47.39910977564112,-0.01904580886701268,0.007353334334098349
106.png,32.34468486425564,30.293984755653693,blur,7,25.0,32.509279529821036,32.499099671601655,48.05591776498069,26.918969595646868,26.805196143998444,48.26450581401762,-0.010179858219380833,-0.11377345164842367
106.png,32.34468486425564,30.293984755653693,blur,8,29.0,32.12613473315828,32.11321539203939,48.03609255643032,26.09598919987984,25.93579125972182,48.670724796752026,-0.012919341118887928,-0.16019794015801736
106.png,32.34468486425564,30.293984755653693,blur,9,31.0,31.947331229146123,31.935778814140576,48.04127981185502,25.74180820745572,25.57033496002477,48.73094567200028,-0.01155241500554638,-0.17147324743094927
107.png,33.24907881186335,31.444505905727837,poisson,0,1.0,26.926935141150565,27.9457868192257,24.81519350427145,27.800857867828917,27.641781059448167,25.1011343298873,1.0188516780751335,-0.15907680838074967
107.png,33.24907881186335,31.444505905727837,poisson,1,0.8944444444444445,26.441252281636935,27.81014832228425,24.52863446112906,27.33422342515112,27.632680353755397,24.960682586973746,1.3688960406473143,0.29845692860427775
107.png,33.24907881186335,31.444505905727837,poisson,2,0.7888888888888889,25.883622829798945,27.440289616853892,24.05962548598119,26.813487030114963,27.40383709799989,24.48707517489855,1.5566667870549473,0.5903500678849269
107.png,33.24907881186335,31.444505905727837,poisson,3,0.6833333333333333,25.265533508136706,27.055875752589106,23.550347307418043,26.11090018768902,26.998729393196363,23.840207203079274,1.7903422444524004,0.8878292055073445
107.png,33.24907881186335,31.444505905727837,poisson,4,0.5777777777777777,24.539217742374735,26.719839819711453,22.98847008862161,25.39183994450997,27.00844332502762,23.556367009817226,2.180622077336718,1.616603380517649
107.png,33.24907881186335,31.444505905727837,poisson,5,0.4722222222222222,23.685231955200052,25.96522291182329,22.204111707592816,24.468396041177062,26.061208648496695,22.622572884172328,2.2799909566232373,1.5928126073196331
107.png,33.24907881186335,31.444505905727837,poisson,6,0.3666666666666667,22.56836290387306,25.224646258367894,21.242144567443688,23.45983209193591,25.42470664969731,21.86747061063364,2.6562833544948354,1.9648745577614015
107.png,33.24907881186335,31.444505905727837,poisson,7,0.26111111111111107,21.079410027951702,24.403751454257478,19.970863464957734,21.958206158776306,24.696425792582133,20.60969432851013,3.324341426305775,2.7382196338058264
107.png,33.24907881186335,31.444505905727837,poisson,8,0.15555555555555556,18.895372899226928,23.467380595951937,18.155267133115935,19.76445754881288,24.062973289985923,18.892922243255224,4.572007696725009,4.298515741173041
107.png,33.24907881186335,31.444505905727837,poisson,9,0.05,14.25327465290155,20.69776606364036,13.909424008428847,14.782710262706264,21.037591263290505,14.32232047386249,6.444491410738808,6.254881000584241
107.png,33.24907881186335,31.444505905727837,jpeg,0,95.0,44.28955999847058,33.162508306243026,33.03725703283891,43.58479057780397,31.37404122752995,31.24030906878086,-11.127051692227553,-12.210749350274021
107.png,33.24907881186335,31.444505905727837,jpeg,1,85.0,40.144609963466486,33.28178834981812,33.586936831014846,38.81311565858391,31.40767353071244,31.67719063779994,-6.862821613648364,-7.405442127871471
107.png,33.24907881186335,31.444505905727837,jpeg,2,75.0,38.776123579640014,33.3981734968626,33.94755388964337,37.437397811589776,31.5457004126254,32.034244304306455,-5.377950082777417,-5.891697398964375
107.png,33.24907881186335,31.444505905727837,jpeg,3,65.0,37.92441277463762,33.54713704741635,34.31540315263521,36.59581887021747,31.50488944034983,32.165192687340046,-4.377275727221267,-5.090929429867639
107.png,33.24907881186335,31.444505905727837,jpeg,4,55.0,37.225222457536674,33.67421783331006,34.70543096187059,35.8194631780443,31.609248000256652,32.32134720583688,-3.5510046242266142,-4.210215177787649
107.png,33.24907881186335,31.444505905727837,jpeg,5,45.0,36.64971410785099,33.71691967279848,35.040675340833936,35.13680853351238,31.72753725676237,32.50410011500476,-2.9327944350525073,-3.409271276750008
107.png,33.24907881186335,31.444505905727837,jpeg,6,35.0,35.99435193302903,33.81645450067119,35.70208936263762,34.45919291565014,31.61753243494866,32.69498502514358,-2.177897432357838,-2.8416604807014814
107.png,33.24907881186335,31.444505905727837,jpeg,7,25.0,35.12256424971095,33.77529644245679,36.68961654568513,33.376003360494785,31.506869051663276,33.05839933524844,-1.3472678072541555,-1.8691343088315087
107.png,33.24907881186335,31.444505905727837,jpeg,8,15.0,33.78414733264456,33.26912295269765,38.012407046241364,31.559888261587723,30.746304933643387,32.959501262000245,-0.5150243799469081,-0.8135833279443361
107.png,33.24907881186335,31.444505905727837,jpeg,9,5.0,29.826312691148296,29.6932817935626,37.82230981923201,26.701501374981987,26.582419738741553,31.58035743830498,-0.13303089758569442,-0.11908163624043411
107.png,33.24907881186335,31.444505905727837,blur,0,1.0,inf,33.249077087187395,33.249077087187395,inf,31.444569640971494,31.444569640971494,-inf,-inf
107.png,33.24907881186335,31.444505905727837,blur,1,5.0,37.59784577291448,35.07869774262796,41.19055268411052,34.22303494198883,32.16423375182791,38.687955490674156,-2.519148030286523,-2.0588011901609207
107.png,33.24907881186335,31.444505905727837,blur,2,9.0,35.349707350488664,34.74812954815793,45.76365579410886,30.959699828346015,30.689101792432712,43.03477469704811,-0.6015778023307377,-0.2705980359133022
107.png,33.24907881186335,31.444505905727837,blur,3,11.0,34.79068422145912,34.459877724239306,47.01513299059151,30.058513258567036,29.960091166159458,44.236903012753814,-0.33080649721981104,-0.09842209240757782
107.png,33.24907881186335,31.444505905727837,blur,4,15.0,33.93337843834623,33.83933236341162,48.57398774690239,28.646325781013772,28.606825309475585,45.703562945160186,-0.09404607493461015,-0.03950047153818659
107.png,33.24907881186335,31.444505905727837,blur,5,19.0,33.294258108149776,33.268138362104224,49.394904571756086,27.60430912435322,27.5148904524195,46.84139352396219,-0.026119746045552006,-0.08941867193372133
107.png,33.24907881186335,31.444505905727837,blur,6,21.0,33.05941259219721,33.03569126096593,49.632032585620145,27.225079808125592,27.10135100754031,47.170793267573615,-0.023721331231278953,-0.12372880058528324
107.png,33.24907881186335,31.444505905727837,blur,7,25.0,32.57826898014829,32.568679355746596,49.83933201532593,26.480227341108073,26.331028959222024,47.67332035159775,-0.00958962440169131,-0.14919838188604828
107.png,33.24907881186335,31.444505905727837,blur,8,29.0,32.192856124502576,32.18174563760707,49.8697905331906,25.89891531648074,25.731176721035762,48.27936957565598,-0.011110486895503868,-0.16773859544497682
107.png,33.24907881186335,31.444505905727837,blur,9,31.0,32.01950330377687,32.009808377095936,49.73089826366002,25.647400266847036,25.485178745548268,48.53167212191033,-0.009694926680936078,-0.16222152129876832
108.png,31.60092477816912,31.664058268934163,poisson,0,1.0,26.453196846196857,27.638861667951076,24.40350670809698,26.62423213501327,27.48596360601151,24.357339330554552,1.1856648217542194,0.8617314709982402
108.png,31.60092477816912,31.664058268934163,poisson,1,0.8944444444444445,25.93982118009752,27.379546510312082,24.017696535682767,26.22728262540518,27.314425216798984,24.066466539797315,1.4397253302145607,1.0871425913938033
108.png,31.60092477816912,31.664058268934163,poisson,2,0.7888888888888889,25.414829606048887,27.200523143833067,23.66154853298199,25.604824483743357,27.020890527118535,23.542837998837282,1.78569353778418,1.416066043375178
108.png,31.60092477816912,31.664058268934163,poisson,3,0.6833333333333333,24.7936481427794,26.68579593609323,23.058163308009764,25.030747919400604,26.796251211575214,23.171892766617788,1.8921477933138284,1.7655032921746106
108.png,31.60092477816912,31.664058268934163,poisson,4,0.5777777777777777,24.09511524018597,26.36686144835504,22.541935895848244,24.39682507345529,26.462443138904106,22.68055479723212,2.27174620816907,2.0656180654488168
108.png,31.60092477816912,31.664058268934163,poisson,5,0.4722222222222222,23.230639704347148,25.837192203792792,21.78827615948599,23.440056312819827,26.075915869389476,21.956108647338944,2.6065524994456446,2.635859556569649
108.png,31.60092477816912,31.664058268934163,poisson,6,0.3666666666666667,22.147575545379485,25.05974792303597,20.83094211431387,22.33456892346316,25.64084467636077,21.022199721602934,2.9121723776564856,3.306275752897612
108.png,31.60092477816912,31.664058268934163,poisson,7,0.26111111111111107,20.715463435279887,24.244002046065965,19.611638764242795,20.941141912315786,24.483029974826888,19.808029755074507,3.5285386107860788,3.541888062511102
108.png,31.60092477816912,31.664058268934163,poisson,8,0.15555555555555556,18.55964670922524,23.179677720756743,17.776437294702582,18.668674877950743,23.691421317365318,17.892690226246636,4.620031011531502,5.0227464394145755
108.png,31.60092477816912,31.664058268934163,poisson,9,0.05,14.099236098514872,21.13972515395715,13.840312788670063,14.084774827629579,21.686354989169708,13.791262918842879,7.040489055442279,7.601580161540129
108.png,31.60092477816912,31.664058268934163,jpeg,0,95.0,43.91528623245886,31.539234220888414,31.443531033129922,43.72632185302457,31.561951310825627,31.462662963551267,-12.376052011570447,-12.164370542198945
108.png,31.60092477816912,31.664058268934163,jpeg,1,85.0,39.63991494658381,31.61165884256759,31.84736825726293,39.3536360365325,31.6118011577796,31.856407675879975,-8.028256104016219,-7.7418348787529006
108.png,31.60092477816912,31.664058268934163,jpeg,2,75.0,38.27949260497532,31.742671462227676,32.18637064327244,37.89433910422216,31.73845390344613,32.18962529374229,-6.536821142747641,-6.155885200776034
108.png,31.60092477816912,31.664058268934163,jpeg,3,65.0,37.432201854561214,31.9302711226412,32.54357516629717,36.97462908180115,31.81331455081468,32.357342203550495,-5.501930731920012,-5.161314530986466
108.png,31.60092477816912,31.664058268934163,jpeg,4,55.0,36.73263489282329,31.811457955967654,32.56795213517501,36.2240560002785,31.78998731060272,32.54814002382325,-4.9211769368556375,-4.434068689675783
108.png,31.60092477816912,31.664058268934163,jpeg,5,45.0,36.152691409499475,32.03311283032774,32.99392511010082,35.63827727886923,31.937686548202837,32.83194227413034,-4.119578579171737,-3.700590730666395
108.png,31.60092477816912,31.664058268934163,jpeg,6,35.0,35.4730716819812,32.21318113079927,33.508865341062354,34.91149766309259,31.814676436046945,32.90299555880964,-3.2598905511819325,-3.0968212270456448
108.png,31.60092477816912,31.664058268934163,jpeg,7,25.0,34.58813420395981,32.08567747413681,34.16703670843439,33.83365429128687,31.774184174253183,33.03241116199666,-2.5024567298230025,-2.059470117033687
108.png,31.60092477816912,31.664058268934163,jpeg,8,15.0,33.242202632989695,31.8492257676085,34.85021276421496,32.121797048013306,31.106737557667397,33.17460017240026,-1.3929768653811934,-1.0150594903459087
108.png,31.60092477816912,31.664058268934163,jpeg,9,5.0,29.466649899923265,28.938133533643423,33.98582030747963,27.49223631826787,27.2495680513859,31.169040233850783,-0.5285163662798418,-0.24266826688197085
108.png,31.60092477816912,31.664058268934163,blur,0,1.0,inf,31.60085758157871,31.60085758157871,inf,31.663984166757963,31.663984166757963,-inf,-inf
108.png,31.60092477816912,31.664058268934163,blur,1,5.0,31.200075168068327,30.978197477598883,39.15502313131823,35.937428445074815,32.81404499376144,38.32993984075645,-0.2218776904694444,-3.123383451313373
108.png,31.60092477816912,31.664058268934163,blur,2,9.0,29.392942646635394,29.66804872414493,41.64047456370507,32.952696786606296,31.82123045815224,41.901664121945586,0.2751060775095375,-1.1314663284540565
108.png,31.60092477816912,31.664058268934163,blur,3,11.0,28.98656805652591,29.183048932103443,42.51204980420029,32.0783212309827,31.204000754526927,43.00131403505931,0.19648087557753158,-0.8743204764557753
108.png,31.60092477816912,31.664058268934163,blur,4,15.0,28.348780059769993,28.430661095393695,43.26451671675147,30.54977190433156,29.89485598138196,44.47752142973173,0.0818810356237023,-0.654915922949602
108.png,31.60092477816912,31.664058268934163,blur,5,19.0,27.869450928525303,27.92750664849159,43.90100208379151,29.308561724312504,28.730946407567725,45.501234989826756,0.058055719966287,-0.5776153167447795
108.png,31.60092477816912,31.664058268934163,blur,6,21.0,27.70546443702472,27.73883236561474,43.54401757246251,28.804153947339273,28.215674119913523,45.468389883488356,0.03336792859002102,-0.5884798274257506
108.png,31.60092477816912,31.664058268934163,blur,7,25.0,27.309898000221793,27.34977447921988,43.40855424376659,27.848494212089165,27.260208451392963,45.48704514210079,0.03987647899808877,-0.588285760696202
108.png,31.60092477816912,31.664058268934163,blur,8,29.0,27.025049318313272,27.026470528760438,43.396334182354664,27.0584002707672,26.468642544631173,45.41691951762151,0.0014212104471660325,-0.5897577261360283
108.png,31.60092477816912,31.664058268934163,blur,9,31.0,26.870153110141498,26.880820341136435,43.9648930183407,26.723452396047882,26.15853040951684,45.78343856259444,0.010667230994936716,-0.5649219865310435
109.png,31.7187020428857,31.1084503996217,poisson,0,1.0,26.961644023841842,27.552124484655735,24.648742712143278,27.59852170729905,27.616630097676506,24.999774544359997,0.5904804608138932,0.018108390377456374
109.png,31.7187020428857,31.1084503996217,poisson,1,0.8944444444444445,26.45877128141892,27.14818931067333,24.245076799308332,27.036964357434883,27.16525355213911,24.52967177305117,0.6894180292544121,0.12828919470422662
109.png,31.7187020428857,31.1084503996217,poisson,2,0.7888888888888889,25.93645555172397,26.82959645913773,23.79391792147308,26.38695396225276,26.843129215260497,24.06118537954125,0.8931409074137591,0.45617525300773565
109.png,31.7187020428857,31.1084503996217,poisson,3,0.6833333333333333,25.313219203944,26.654021394074206,23.39614661498549,25.893550671685148,26.79186710842852,23.738095017630847,1.340802190130205,0.8983164367433716
109.png,31.7187020428857,31.1084503996217,poisson,4,0.5777777777777777,24.580458750161796,26.101346481985512,22.77420433402042,25.070737726662138,26.21926127300318,23.09869849150141,1.5208877318237164,1.1485235463410426
109.png,31.7187020428857,31.1084503996217,poisson,5,0.4722222222222222,23.705549302344334,25.56405866447264,22.03787411080423,24.265245586806966,25.574454703572297,22.48588610856134,1.8585093621283058,1.3092091167653308
109.png,31.7187020428857,31.1084503996217,poisson,6,0.3666666666666667,22.60929009090775,24.960494438319138,21.131164129466278,23.036609772397227,24.95986833339198,21.2262600537506,2.3512043474113895,1.9232585609947535
109.png,31.7187020428857,31.1084503996217,poisson,7,0.26111111111111107,21.125039743233156,24.367820910727644,19.962929775615365,21.567156515795872,24.65996152787426,20.38973352706028,3.2427811674944884,3.0928050120783865
109.png,31.7187020428857,31.1084503996217,poisson,8,0.15555555555555556,18.921548330090452,23.119690070470938,18.064760176482235,19.319693554772,23.2901662997378,18.357526402136905,4.1981417403804855,3.9704727449657966
109.png,31.7187020428857,31.1084503996217,poisson,9,0.05,14.260689814661589,20.56847241801753,13.914204386125986,14.562731236350308,20.69368753403598,14.175385320618549,6.3077826033559425,6.130956297685673
109.png,31.7187020428857,31.1084503996217,jpeg,0,95.0,43.03821996396198,31.617098920609155,31.413314454533253,42.72447606352532,31.03577022408269,30.847712970369283,-11.421121043352823,-11.688705839442633
109.png,31.7187020428857,31.1084503996217,jpeg,1,85.0,38.01436183354384,31.671768287297738,31.965340199782677,37.325982771313384,31.066180584262728,31.428884059264455,-6.3425935462461,-6.259802187050656
109.png,31.7187020428857,31.1084503996217,jpeg,2,75.0,36.70186027896761,31.882435979228486,32.663392344373875,35.82568167841658,31.196762165249705,32.078751886472716,-4.819424299739122,-4.628919513166874
109.png,31.7187020428857,31.1084503996217,jpeg,3,65.0,35.9938920662034,31.96838140052307,33.00768314515812,35.122906705313596,31.25542175969196,32.33374630980816,-4.025510665680329,-3.867484945621637
109.png,31.7187020428857,31.1084503996217,jpeg,4,55.0,35.43058537349477,32.14959380156753,33.495597602260986,34.55346231086554,31.435776978103817,32.8185184112743,-3.2809915719272382,-3.1176853327617238
109.png,31.7187020428857,31.1084503996217,jpeg,5,45.0,34.96192180653878,32.2901019462189,33.98271224673324,34.188450298587334,31.515559495875195,33.0784299239624,-2.6718198603198857,-2.672890802712139
109.png,31.7187020428857,31.1084503996217,jpeg,6,35.0,34.42990277151186,32.47384633628489,34.80443654891221,33.58804545733111,31.51309851599197,33.42570864541453,-1.9560564352269694,-2.0749469413391424
109.png,31.7187020428857,31.1084503996217,jpeg,7,25.0,33.71750068568373,32.506042318330294,35.997216048314286,32.75415112425704,31.356900394282192,33.86021531818085,-1.211458367353437,-1.39725072997485
109.png,31.7187020428857,31.1084503996217,jpeg,8,15.0,32.6678292084883,32.253384973646256,37.83050786627104,31.330165139237533,30.670804889470332,33.61567451454311,-0.41444423484204407,-0.6593602497672002
109.png,31.7187020428857,31.1084503996217,jpeg,9,5.0,29.483058897640607,29.398806142692383,37.915881916063206,26.797719446877302,26.763196822208215,32.083898023400735,-0.08425275494822415,-0.034522624669087065
109.png,31.7187020428857,31.1084503996217,blur,0,1.0,inf,31.718714947867724,31.718714947867724,inf,31.108416522891353,31.108416522891353,-inf,-inf
109.png,31.7187020428857,31.1084503996217,blur,1,5.0,35.495372400461804,33.6379786794928,41.1071093071952,34.03482772318096,32.5419132753826,39.99973390470022,-1.8573937209690072,-1.4929144477983627
109.png,31.7187020428857,31.1084503996217,blur,2,9.0,33.860555030474806,33.45238662878174,46.20278513781054,31.633141515577808,31.535439571977815,44.093779562269866,-0.408168401693068,-0.09770194359999351
109.png,31.7187020428857,31.1084503996217,blur,3,11.0,33.47351033838512,33.25751093368937,47.75851881018039,30.9324081063701,30.97435138415813,45.44138471119666,-0.21599940469575074,0.041943277788028865
109.png,31.7187020428857,31.1084503996217,blur,4,15.0,32.858564581209365,32.81729470500203,49.400085202283385,29.724452383631466,29.818105940753714,47.48939333377591,-0.041269876207337575,0.09365355712224854
109.png,31.7187020428857,31.1084503996217,blur,5,19.0,32.3732086310327,32.387124527915084,49.97243795142677,28.7485717304966,28.784845949142355,48.75685910226942,0.013915896882380707,0.03627421864575453
109.png,31.7187020428857,31.1084503996217,blur,6,21.0,32.18798827928497,32.205835839232925,50.058098116899586,28.375749483329923,28.38567778603107,49.014592476662315,0.017847559947952618,0.009928302701148084
109.png,31.7187020428857,31.1084503996217,blur,7,25.0,31.787205902180247,31.82238902032594,50.02744129337376,27.643453895155794,27.62075016530403,49.299908228427974,0.035183118145692305,-0.022703729851762944
109.png,31.7187020428857,31.1084503996217,blur,8,29.0,31.45300537239486,31.48621843311412,49.76487718255956,27.043921466025868,27.004406603906244,49.38596787011058,0.033213060719262444,-0.03951486211962418
109.png,31.7187020428857,31.1084503996217,blur,9,31.0,31.29435939234908,31.327624373065646,49.54561851565052,26.77849476293219,26.730171664718053,49.344769588358844,0.03326498071656658,-0.04832309821413716
11.png,32.65858003695712,31.542367926084914,poisson,0,1.0,26.9871649911377,28.012362187614876,24.868733302506524,27.140419372644807,27.51340333522931,24.626665749650748,1.0251971964771762,0.3729839625845024
11.png,32.65858003695712,31.542367926084914,poisson,1,0.8944444444444445,26.485137863873383,27.763766170052055,24.514680212079377,26.54363034625969,27.304808196315605,24.224388058617116,1.2786283061786712,0.7611778500559154
11.png,32.65858003695712,31.542367926084914,poisson,2,0.7888888888888889,25.96568843948685,27.45305716781516,24.115689260278387,26.182556050614522,26.881289216218857,23.945153951226608,1.4873687283283097,0.6987331656043345
11.png,32.65858003695712,31.542367926084914,poisson,3,0.6833333333333333,25.313058835500975,27.025070678510442,23.549932499269254,25.45607781404452,26.582860105731292,23.293199639382117,1.712011843009467,1.126782291686773
11.png,32.65858003695712,31.542367926084914,poisson,4,0.5777777777777777,24.58422420379994,26.647120739435227,22.98669625803942,24.591018450240508,26.112168858324196,22.664009105377332,2.0628965356352857,1.5211504080836882
11.png,32.65858003695712,31.542367926084914,poisson,5,0.4722222222222222,23.74499912625331,26.070375711277563,22.234518127914864,24.014352307861884,25.731595844715688,22.1033108335841,2.3253765850242516,1.717243536853804
11.png,32.65858003695712,31.542367926084914,poisson,6,0.3666666666666667,22.614437820179667,25.660782972774008,21.374382232686745,22.69149015712636,25.409785925598495,21.24729573043256,3.0463451525943412,2.718295768472135
11.png,32.65858003695712,31.542367926084914,poisson,7,0.26111111111111107,21.179329156340778,24.75533759586343,20.148129126501626,21.524323917945626,24.599318747537353,20.30666347219187,3.576008439522653,3.074994829591727
11.png,32.65858003695712,31.542367926084914,poisson,8,0.15555555555555556,18.935382407208813,23.49477421458504,18.18001639349318,18.950741779248812,23.06993599063793,18.10792272794185,4.559391807376226,4.119194211389118
11.png,32.65858003695712,31.542367926084914,poisson,9,0.05,14.279241627134592,20.38130691152638,13.884006841935086,14.321940504556263,20.22918146731447,13.847124256186884,6.102065284391788,5.907240962758205
11.png,32.65858003695712,31.542367926084914,jpeg,0,95.0,43.18498675252097,32.54821518183316,32.33210820143003,42.92093619940965,31.42579592667332,31.220282970372093,-10.636771570687813,-11.495140272736332
11.png,32.65858003695712,31.542367926084914,jpeg,1,85.0,38.45551544258707,32.63107641496106,33.032008438715316,37.83549327084817,31.57039660726616,31.970040450293006,-5.824439027626013,-6.265096663582007
11.png,32.65858003695712,31.542367926084914,jpeg,2,75.0,37.2023845396567,32.78434930772344,33.69290011345319,36.55945084603849,31.607883940572826,32.380720781776226,-4.41803523193326,-4.951566905465661
11.png,32.65858003695712,31.542367926084914,jpeg,3,65.0,36.50517750058582,32.84847334926275,34.01059301964605,35.87181989679094,31.70696780643247,32.65041128540843,-3.6567041513230762,-4.164852090358469
11.png,32.65858003695712,31.542367926084914,jpeg,4,55.0,35.93599417857593,33.03028682323369,34.54789179066956,35.19123235577308,31.959625811905838,33.073448321598256,-2.905707355342244,-3.231606543867244
11.png,32.65858003695712,31.542367926084914,jpeg,5,45.0,35.47121507987032,33.11390512810445,35.045185870876715,34.73283630931968,32.060339124957856,33.68167093664031,-2.3573099517658704,-2.6724971843618235
11.png,32.65858003695712,31.542367926084914,jpeg,6,35.0,34.939166505669725,33.233822535023,35.83965568105145,34.122191708056164,32.02977332076071,33.63576141074298,-1.705343970646723,-2.092418387295453
11.png,32.65858003695712,31.542367926084914,jpeg,7,25.0,34.239779120451345,33.217789949772,37.020269186381626,33.39452917577456,31.852716469041333,33.83750159935112,-1.0219891706793476,-1.541812706733225
11.png,32.65858003695712,31.542367926084914,jpeg,8,15.0,33.13564140897361,32.8192893477776,38.67678265132908,31.67967323692734,31.092031364008605,33.914997736692484,-0.3163520611960138,-0.5876418729187343
11.png,32.65858003695712,31.542367926084914,jpeg,9,5.0,29.677696287438007,29.464193981947098,37.75926442111596,27.22183270809454,27.03894209179262,32.143477406942964,-0.2135023054909091,-0.18289061630191839
11.png,32.65858003695712,31.542367926084914,blur,0,1.0,inf,32.658618077789676,32.658618077789676,inf,31.542438829443885,31.542438829443885,-inf,-inf
11.png,32.65858003695712,31.542367926084914,blur,1,5.0,36.16839983634431,34.32194093983523,41.82928179251008,34.5636891801333,32.74534170486914,39.965244818075575,-1.846458896509077,-1.8183474752641615
11.png,32.65858003695712,31.542367926084914,blur,2,9.0,34.54837694401653,34.10718600142665,46.30774600205916,32.000117362190736,31.651778870618436,44.44770951766568,-0.4411909425898841,-0.34833849157229935
11.png,32.65858003695712,31.542367926084914,blur,3,11.0,34.162086473755245,33.89684056548806,47.07244358148494,31.227944994777662,31.06362387558552,45.86730367987985,-0.26524590826718253,-0.16432111919214165
11.png,32.65858003695712,31.542367926084914,blur,4,15.0,33.54292541383134,33.43184469974001,47.3097360251906,29.936188525473714,29.85550981344968,47.84436332463163,-0.11108071409132947,-0.08067871202403509
11.png,32.65858003695712,31.542367926084914,blur,5,19.0,33.0560089852374,32.999956049632154,47.57021572109673,28.877642791222378,28.7490653592638,48.8010606925161,-0.05605293560524416,-0.12857743195857907
11.png,32.65858003695712,31.542367926084914,blur,6,21.0,32.86804812011629,32.796104265429896,46.749250935220104,28.446189169591957,28.30757295345724,48.76978168999755,-0.07194385468639553,-0.13861621613471797
11.png,32.65858003695712,31.542367926084914,blur,7,25.0,32.473048128270506,32.416904178099266,46.55786239580231,27.591659574645675,27.393934698807925,48.8673663970891,-0.056143950171239965,-0.1977248758377499
11.png,32.65858003695712,31.542367926084914,blur,8,29.0,32.15117858836107,32.12504772948022,47.691119637656676,26.873178544657648,26.647696518579586,49.55515607065047,-0.02613085888084754,-0.2254820260780619
11.png,32.65858003695712,31.542367926084914,blur,9,31.0,31.998005445943626,31.976633262546343,47.581150095993365,26.55498524148172,26.318601220277912,49.58768901885719,-0.02137218339728264,-0.23638402120380775
110.png,31.506560534240023,33.22909248337964,poisson,0,1.0,26.311356604780933,27.193758693420417,24.10726322116465,26.492477088999266,27.82375342644905,24.431267515946757,0.8824020886394841,1.3312763374497827
110.png,31.506560534240023,33.22909248337964,poisson,1,0.8944444444444445,25.83602777304403,26.816721254374208,23.685609004930782,25.97452267607825,27.55648257317032,24.100327866796924,0.980693481330178,1.5819598970920694
110.png,31.506560534240023,33.22909248337964,poisson,2,0.7888888888888889,25.30017771429676,26.523489755599726,23.270988121293605,25.359654583414976,27.360832038295992,23.591686715892386,1.2233120413029681,2.0011774548810166
110.png,31.506560534240023,33.22909248337964,poisson,3,0.6833333333333333,24.69707088935659,26.194326573226576,22.795697200535997,24.886168297191244,27.01407993415224,23.21818112136459,1.4972556838699873,2.127911636960995
110.png,31.506560534240023,33.22909248337964,poisson,4,0.5777777777777777,23.971412934810953,25.888752307689458,22.24153678978269,24.070366392603198,26.74913441347913,22.555587375828253,1.917339372878505,2.678768020875932
110.png,31.506560534240023,33.22909248337964,poisson,5,0.4722222222222222,23.12700475147245,25.587843332563374,21.631748607519164,23.167058489524127,26.16428841368483,21.827038343261734,2.460838581090922,2.9972299241607026
110.png,31.506560534240023,33.22909248337964,poisson,6,0.3666666666666667,22.06792129616805,25.02297706540871,20.75856436756126,22.15257497208386,25.787174110170547,21.00514707072895,2.955055769240662,3.6345991380866884
110.png,31.506560534240023,33.22909248337964,poisson,7,0.26111111111111107,20.64712964875963,24.34643582165847,19.583891633026525,20.62422792093336,24.735869855015288,19.60477654137655,3.69930617289884,4.111641934081927
110.png,31.506560534240023,33.22909248337964,poisson,8,0.15555555555555556,18.548087697321893,23.395085916558905,17.817974332406532,18.437566167643958,23.528683145107124,17.734730187688417,4.846998219237012,5.091116977463166
110.png,31.506560534240023,33.22909248337964,poisson,9,0.05,14.243944972595164,21.300275543421513,13.997076600158188,13.943317125504397,21.308724914389856,13.65238493655184,7.056330570826349,7.365407788885459
110.png,31.506560534240023,33.22909248337964,jpeg,0,95.0,44.387567296252975,31.448730589212936,31.395860825398067,43.98353735511735,33.10591756423825,33.022394464664806,-12.93883670704004,-10.877619790879102
110.png,31.506560534240023,33.22909248337964,jpeg,1,85.0,40.38115842949884,31.666138041750735,31.908618543125776,40.0715343107924,33.17728471828751,33.62062385745945,-8.715020387748105,-6.894249592504892
110.png,31.506560534240023,33.22909248337964,jpeg,2,75.0,39.042940494841694,31.602471736307052,32.00515071943929,38.81299340013698,33.39188443922462,34.01046348953359,-7.440468758534642,-5.421108960912363
110.png,31.506560534240023,33.22909248337964,jpeg,3,65.0,38.22416270597314,31.74756151722108,32.25232107783821,37.92427057823949,33.265931419539136,34.0637253567877,-6.476601188752063,-4.6583391587003575
110.png,31.506560534240023,33.22909248337964,jpeg,4,55.0,37.52909094599141,31.860229869611082,32.5071086467814,37.28059992700001,33.3682236171129,34.30017223634041,-5.668861076380331,-3.912376309887108
110.png,31.506560534240023,33.22909248337964,jpeg,5,45.0,36.91964800089735,32.073024042556725,32.86996832257533,36.70170703934001,33.48878423546835,34.57474852516762,-4.846623958340622,-3.212922803871656
110.png,31.506560534240023,33.22909248337964,jpeg,6,35.0,36.1924718746395,32.341353744434535,33.60166733013839,36.05504852350073,33.66196414745387,35.34137034250017,-3.8511181302049664,-2.3930843760468576
110.png,31.506560534240023,33.22909248337964,jpeg,7,25.0,35.2942910513524,32.21331786327437,33.77137768014021,35.05495255920529,33.3928213339171,35.86278365512462,-3.0809731880780333,-1.6621312252881921
110.png,31.506560534240023,33.22909248337964,jpeg,8,15.0,33.722292912563454,31.548678566313907,33.567053184611176,33.16507097679707,32.26744035732451,35.12055465561843,-2.173614346249547,-0.8976306194725581
110.png,31.506560534240023,33.22909248337964,jpeg,9,5.0,29.257985821232566,27.73452259466062,30.580059004680162,28.42984452312264,28.212340697929967,32.97907598202873,-1.5234632265719448,-0.2175038251926722
110.png,31.506560534240023,33.22909248337964,blur,0,1.0,inf,31.506547496871487,31.506547496871487,inf,33.22916453420109,33.22916453420109,-inf,-inf
110.png,31.506560534240023,33.22909248337964,blur,1,5.0,31.789368040940793,30.982962853707473,40.60676588136328,37.547153605530454,34.637138039792234,40.32338153186518,-0.8064051872333202,-2.9100155657382203
110.png,31.506560534240023,33.22909248337964,blur,2,9.0,29.90961950468745,29.47322537274637,44.19611554288909,34.70949276380287,33.788220811177666,44.476631510407216,-0.43639413194107846,-0.9212719526252044
110.png,31.506560534240023,33.22909248337964,blur,3,11.0,29.466840086987407,29.104741700710587,44.997379538856094,33.81632889674135,33.17376218721667,45.78707395419525,-0.3620983862768199,-0.6425667095246794
110.png,31.506560534240023,33.22909248337964,blur,4,15.0,28.77375427452291,28.655787256441037,45.96429710758799,32.279460684514454,31.817167857174166,47.34896254137926,-0.11796701808187393,-0.4622928273402884
110.png,31.506560534240023,33.22909248337964,blur,5,19.0,28.267361977999307,28.30217518985467,46.97894143656075,31.01435451131176,30.588932809683186,48.380971485436966,0.03481321185536146,-0.4254217016285722
110.png,31.506560534240023,33.22909248337964,blur,6,21.0,28.102064507342885,28.143733102798333,47.24241282236939,30.506141075141095,30.073099848435383,48.617577493775485,0.0416685954554481,-0.4330412267057113
110.png,31.506560534240023,33.22909248337964,blur,7,25.0,27.71357439862285,27.786540442502684,47.7004136896217,29.532944594417785,29.100087228060186,48.99510456625854,0.07296604387983407,-0.43285736635759875
110.png,31.506560534240023,33.22909248337964,blur,8,29.0,27.45104951254895,27.480526162830117,48.59189683646687,28.72232093843357,28.297849332662604,49.32601930426368,0.029476650281168304,-0.42447160577096454
110.png,31.506560534240023,33.22909248337964,blur,9,31.0,27.30638145545455,27.348661289046362,48.87061072917761,28.37982985254851,27.96281105227373,49.46667889159406,0.04227983359181309,-0.4170188002747821
111.png,35.034538219079955,32.50987466024438,poisson,0,1.0,27.905583119524692,29.291162035683705,25.958356496556746,27.099064398188393,27.45787400534755,24.61180960169349,1.3855789161590124,0.3588096071591558
111.png,35.034538219079955,32.50987466024438,poisson,1,0.8944444444444445,27.441852030979767,28.954498029894413,25.567369106593386,26.51238186107104,27.099033801381488,24.243250746039386,1.5126459989146461,0.5866519403104462
111.png,35.034538219079955,32.50987466024438,poisson,2,0.7888888888888889,26.89036921153518,28.539577102006184,25.092695817124632,26.02172144415753,26.78215550934238,23.762813553080917,1.6492078904710041,0.7604340651848496
111.png,35.034538219079955,32.50987466024438,poisson,3,0.6833333333333333,26.25807366100065,28.059886407294638,24.531140406100917,25.25734248390386,26.19286066488053,23.122356456611264,1.8018127462939866,0.9355181809766719
111.png,35.034538219079955,32.50987466024438,poisson,4,0.5777777777777777,25.553100089156725,27.61184134308497,23.928542988948994,24.712081041174585,25.95339205066073,22.683855676801578,2.0587412539282433,1.2413110094861466
111.png,35.034538219079955,32.50987466024438,poisson,5,0.4722222222222222,24.653979423865803,26.892567526338745,23.118749213623563,23.8661775291283,25.322590099127574,21.971035352804364,2.238588102472942,1.456412569999273
111.png,35.034538219079955,32.50987466024438,poisson,6,0.3666666666666667,23.597835468130647,26.006261334712303,22.11244572829355,22.840099631428753,24.490157664067773,20.99115447340371,2.4084258665816556,1.65005803263902
111.png,35.034538219079955,32.50987466024438,poisson,7,0.26111111111111107,22.13987509022016,25.058394717961697,20.873631369300504,21.30185422301826,23.655871898390775,19.707236952668946,2.9185196277415386,2.354017675372514
111.png,35.034538219079955,32.50987466024438,poisson,8,0.15555555555555556,20.0055049609611,23.597726411109456,18.995065106909408,19.13480939816171,22.070816488595337,17.84906898825956,3.5922214501483545,2.936007090433627
111.png,35.034538219079955,32.50987466024438,poisson,9,0.05,15.508893008967675,20.80810047083284,15.004594917735403,14.421558436170848,19.739971512894996,13.728080696654592,5.299207461865166,5.318413076724148
111.png,35.034538219079955,32.50987466024438,jpeg,0,95.0,46.13707204655221,34.92084521230748,34.82085987116265,44.313584897779734,32.425286412033515,32.34235818668105,-11.216226834244729,-11.888298485746219
111.png,35.034538219079955,32.50987466024438,jpeg,1,85.0,42.02498784536309,35.12804120371137,35.44277502830014,40.09259514999795,32.57642936220887,32.798925954817484,-6.8969466416517236,-7.5161657877890775
111.png,35.034538219079955,32.50987466024438,jpeg,2,75.0,40.63245385459085,35.2097893936205,35.71119984569118,38.66032636704793,32.72439184206413,33.08884645768229,-5.422664460970353,-5.9359345249838
111.png,35.034538219079955,32.50987466024438,jpeg,3,65.0,39.67321799317263,35.26300322889646,35.890568203976265,37.83344296296714,32.66186342272426,33.20893460597396,-4.410214764276169,-5.171579540242881
111.png,35.034538219079955,32.50987466024438,jpeg,4,55.0,38.843544892775824,35.282426180279856,36.18390701572125,36.997951504460445,32.590129038037844,33.21068964808587,-3.5611187124959685,-4.407822466422601
111.png,35.034538219079955,32.50987466024438,jpeg,5,45.0,38.143422799779515,35.4357732308318,36.70095188516822,36.321341444267354,32.61910223529651,33.361976066599986,-2.7076495689477156,-3.7022392089708447
111.png,35.034538219079955,32.50987466024438,jpeg,6,35.0,37.40532000364325,35.50094612941392,37.117641709681095,35.55168607551266,32.61052863352292,33.373020625362585,-1.9043738742293286,-2.941157441989745
111.png,35.034538219079955,32.50987466024438,jpeg,7,25.0,36.457171367726,35.391978174899364,38.2054038221729,34.42699755054224,32.521736664546744,33.570857042090516,-1.0651931928266336,-1.9052608859954958
111.png,35.034538219079955,32.50987466024438,jpeg,8,15.0,34.82083695900054,34.6777425588194,38.09565212277911,32.33939051750479,31.209006665207237,32.64670949773849,-0.14309440018113406,-1.1303838522975518
111.png,35.034538219079955,32.50987466024438,jpeg,9,5.0,29.565533769846507,29.59053915140717,36.807776122095575,27.09190022500454,27.244289393914123,30.68386453279708,0.02500538156066412,0.15238916890958265
111.png,35.034538219079955,32.50987466024438,blur,0,1.0,inf,35.034559449511335,35.034559449511335,inf,32.5098890025933,32.5098890025933,-inf,-inf
111.png,35.034538219079955,32.50987466024438,blur,1,5.0,36.73569410369721,35.555392746208675,41.7410562913018,36.190721570499626,33.59046893664264,39.165521928744866,-1.1803013574885384,-2.6002526338569893
111.png,35.034538219079955,32.50987466024438,blur,2,9.0,34.009650958347414,33.702993129269984,45.32358396674791,32.428806856565366,31.857364161953733,42.976726042354734,-0.3066578290774302,-0.5714426946116333
111.png,35.034538219079955,32.50987466024438,blur,3,11.0,33.20169264748551,33.04535941638536,46.36451321563666,31.29049400726105,30.950292548642494,44.224487130773724,-0.15633323110014885,-0.3402014586185551
111.png,35.034538219079955,32.50987466024438,blur,4,15.0,31.840789611251267,31.867744605919196,47.45572749997958,29.380049592217617,29.201045113592357,46.21880325010834,0.02695499466792839,-0.17900447862525937
111.png,35.034538219079955,32.50987466024438,blur,5,19.0,30.73232789351924,30.84063831267208,48.10840107139124,27.859831660210254,27.69490065274384,47.45688883836234,0.1083104191528399,-0.16493100746641431
111.png,35.034538219079955,32.50987466024438,blur,6,21.0,30.29564977529398,30.40651192122498,48.43685773473618,27.262747666272297,27.088530416690332,47.84382887285577,0.11086214593099797,-0.1742172495819645
111.png,35.034538219079955,32.50987466024438,blur,7,25.0,29.375431118173502,29.496386626127673,49.10714457222491,26.110759399340076,25.941860065765802,48.635372482975285,0.12095550795417154,-0.16889933357427367
111.png,35.034538219079955,32.50987466024438,blur,8,29.0,28.55124261708786,28.658561050517733,49.717910988502325,25.172239322326963,25.01486205572688,49.393397816717055,0.10731843342987446,-0.15737726660008278
111.png,35.034538219079955,32.50987466024438,blur,9,31.0,28.180497811297165,28.281210347887097,49.960347199369785,24.777763107918098,24.62154991652184,49.804925103799604,0.10071253658993129,-0.1562131913962581
112.png,34.07124153014479,31.999146722448955,poisson,0,1.0,26.63848805501493,28.43293070543019,24.871998558277507,27.399110915030512,28.01446091019074,25.09003122037853,1.794442650415263,0.6153499951602264
112.png,34.07124153014479,31.999146722448955,poisson,1,0.8944444444444445,26.15056249097057,28.125019292594146,24.469381201854148,27.046333471192646,27.689038354312263,24.68036283625276,1.9744568016235746,0.6427048831196167
112.png,34.07124153014479,31.999146722448955,poisson,2,0.7888888888888889,25.601497864992346,27.77418341130261,24.023813135448204,26.395064449149814,27.492838609494704,24.290153828784263,2.1726855463102623,1.0977741603448905
112.png,34.07124153014479,31.999146722448955,poisson,3,0.6833333333333333,24.975790512290935,27.41996156118009,23.52610543004524,25.728674012715267,27.301057206011347,23.820487349088268,2.4441710488891566,1.57238319329608
112.png,34.07124153014479,31.999146722448955,poisson,4,0.5777777777777777,24.25380468536057,26.968433785163974,22.8865613866394,25.062992706225778,26.85802874319629,23.357757150238527,2.7146290998034033,1.7950360369705116
112.png,34.07124153014479,31.999146722448955,poisson,5,0.4722222222222222,23.378661251415455,26.366111291058413,22.13013194008,24.218008472163916,26.194078720337515,22.495749971408596,2.987450039642958,1.976070248173599
112.png,34.07124153014479,31.999146722448955,poisson,6,0.3666666666666667,22.279852795162785,25.707711115079483,21.18677970691509,23.0675029179903,25.84847722737962,21.623850330816417,3.427858319916698,2.7809743093893218
112.png,34.07124153014479,31.999146722448955,poisson,7,0.26111111111111107,20.850655236618092,24.929315110054983,19.95031427408255,21.684235057306363,24.936828175957928,20.461260617685593,4.078659873436891,3.252593118651564
112.png,34.07124153014479,31.999146722448955,poisson,8,0.15555555555555556,18.661639670132693,23.71664789702075,18.036435311717412,19.415602952472675,23.916474093258635,18.519014028905413,5.055008226888056,4.500871140785961
112.png,34.07124153014479,31.999146722448955,poisson,9,0.05,14.11515012801921,21.463879727063457,13.905051373473347,14.670897220171673,21.432704854519862,14.323076690130884,7.348729599044248,6.761807634348189
112.png,34.07124153014479,31.999146722448955,jpeg,0,95.0,44.57736607702805,33.99836016717555,33.881570163016065,43.97967809961456,31.924706821811366,31.82252125540987,-10.579005909852505,-12.054971277803194
112.png,34.07124153014479,31.999146722448955,jpeg,1,85.0,40.55202557049605,34.041744815651434,34.378779399094654,39.619264795182055,32.00724223849154,32.29467281885684,-6.510280754844615,-7.612022556690512
112.png,34.07124153014479,31.999146722448955,jpeg,2,75.0,39.21586239066505,34.22402545067213,34.83756481469544,38.36748375703029,32.154040707463054,32.619097532976696,-4.991836939992922,-6.213443049567239
112.png,34.07124153014479,31.999146722448955,jpeg,3,65.0,38.35741978793199,34.264052547231685,35.060167231588295,37.572230761827775,32.10964530793616,32.6380322399756,-4.093367240700303,-5.462585453891613
112.png,34.07124153014479,31.999146722448955,jpeg,4,55.0,37.659485431675364,34.32873408361995,35.395575089283994,36.788143249834796,32.149328524922154,32.669131826695,-3.330751348055415,-4.638814724912642
112.png,34.07124153014479,31.999146722448955,jpeg,5,45.0,37.088243219570906,34.41495008150181,35.84188751759582,36.17528380794986,32.22196978570124,32.791185416132194,-2.6732931380690985,-3.9533140222486196
112.png,34.07124153014479,31.999146722448955,jpeg,6,35.0,36.44212307397214,34.44307890392622,36.333976964732,35.395955333935454,31.98405219838545,32.68176885985072,-1.99904417004592,-3.4119031355500056
112.png,34.07124153014479,31.999146722448955,jpeg,7,25.0,35.5595831833849,34.34332919430568,37.07758344379044,34.26589190941202,31.755363100531916,32.58038318379501,-1.2162539890792203,-2.510528808880103
112.png,34.07124153014479,31.999146722448955,jpeg,8,15.0,34.13620505597477,33.619416977928125,37.586709846829706,32.33435028528466,30.885109754889783,32.02242344563214,-0.5167880780466447,-1.4492405303948743
112.png,34.07124153014479,31.999146722448955,jpeg,9,5.0,29.830670441490316,29.814493897659858,36.45655128575226,27.01622315662412,26.67408322232648,29.34990577064361,-0.016176543830457746,-0.34213993429764145
112.png,34.07124153014479,31.999146722448955,blur,0,1.0,inf,34.07125459092964,34.07125459092964,inf,31.999229113839135,31.999229113839135,-inf,-inf
112.png,34.07124153014479,31.999146722448955,blur,1,5.0,38.00271477950373,35.577651759195795,41.72010398391765,35.63107987151029,32.89175220878715,37.85094738226989,-2.425063020307931,-2.7393276627231344
112.png,34.07124153014479,31.999146722448955,blur,2,9.0,35.44061983194582,34.90540430255151,45.89084204815735,31.60321301536433,31.14068619796264,41.245737344831795,-0.535215529394307,-0.4625268174016881
112.png,34.07124153014479,31.999146722448955,blur,3,11.0,34.7179830982404,34.45522528485823,47.013968848115255,30.34620943454112,30.18782443949107,42.253359644283265,-0.26275781338217286,-0.15838499505004933
112.png,34.07124153014479,31.999146722448955,blur,4,15.0,33.52447304247553,33.511834438173395,48.01887671460867,28.29136697076246,28.350891250881315,42.926117641746444,-0.012638604302132705,0.05952428011885402
112.png,34.07124153014479,31.999146722448955,blur,5,19.0,32.58675333427555,32.64306097480318,47.77319494943161,26.746476562774234,26.809022246496955,42.355492544412044,0.05630764052762771,0.06254568372272118
112.png,34.07124153014479,31.999146722448955,blur,6,21.0,32.22080327539183,32.28666280867141,47.519087868811674,26.15093223543473,26.199635404944527,41.87558272020456,0.06585953327957839,0.04870316950979614
112.png,34.07124153014479,31.999146722448955,blur,7,25.0,31.503124450305357,31.573760269128908,47.50768400707123,25.039460210423666,25.048311486646607,42.20743949243666,0.07063581882355052,0.008851276222941351
112.png,34.07124153014479,31.999146722448955,blur,8,29.0,30.922889730706306,30.987416018942135,47.661651229079936,24.14088337470369,24.117912529926638,42.538349811207766,0.06452628823582884,-0.02297084477705269
112.png,34.07124153014479,31.999146722448955,blur,9,31.0,30.66779684907031,30.727799980685422,48.000251360673836,23.765228558929387,23.725440176494686,43.10269990602564,0.06000313161511173,-0.03978838243470051
113.png,31.574592399620304,31.93526088804488,poisson,0,1.0,27.16591340890846,27.893689867804092,24.915973027981657,27.784500138503432,28.16433352045541,25.452364334331495,0.727776458895633,0.379833381951979
113.png,31.574592399620304,31.93526088804488,poisson,1,0.8944444444444445,26.644554588185095,27.59085637710112,24.51620184843438,27.203929355570065,27.992436862069667,25.07209540567162,0.9463017889160241,0.7885075064996023
113.png,31.574592399620304,31.93526088804488,poisson,2,0.7888888888888889,26.089524468237165,27.342083459035074,24.108951308073845,26.477762303915142,27.640491459602373,24.415429045546333,1.2525589907979082,1.1627291556872308
113.png,31.574592399620304,31.93526088804488,poisson,3,0.6833333333333333,25.47267586365458,27.018334033809207,23.619827279612412,25.93840212065658,27.403574023962772,24.02763757632971,1.5456581701546277,1.4651719033061923
113.png,31.574592399620304,31.93526088804488,poisson,4,0.5777777777777777,24.76606877374123,26.613626657932503,23.041633271327825,25.214773910393852,26.906257348929206,23.433697635369143,1.8475578841912714,1.6914834385353537
113.png,31.574592399620304,31.93526088804488,poisson,5,0.4722222222222222,23.913589997475206,26.140130605860374,22.362049601553817,24.405998704144295,26.434161039014814,22.711002940521144,2.226540608385168,2.028162334870519
113.png,31.574592399620304,31.93526088804488,poisson,6,0.3666666666666667,22.858998553027504,25.586364740062567,21.516946182612212,23.252280039865862,25.771326125296007,21.86353786402865,2.727366187035063,2.519046085430144
113.png,31.574592399620304,31.93526088804488,poisson,7,0.26111111111111107,21.417685328551176,24.765434090310162,20.286160351642074,21.861715661939975,25.27221570402142,20.61575523968921,3.347748761758986,3.410500042081445
113.png,31.574592399620304,31.93526088804488,poisson,8,0.15555555555555556,19.21991739743229,23.64528754875098,18.43107807277766,19.567605782421985,24.01798646168716,18.683186705593947,4.425370151318688,4.450380679265173
113.png,31.574592399620304,31.93526088804488,poisson,9,0.05,14.653638001987003,21.31714020583904,14.387127257716443,14.69252498218242,21.50231901451667,14.366228914964147,6.663502203852035,6.809794032334249
113.png,31.574592399620304,31.93526088804488,jpeg,0,95.0,43.854347671565954,31.486645466237455,31.378879559750036,43.52376911818928,31.843101560805817,31.715352858690643,-12.367702205328499,-11.680667557383462
113.png,31.574592399620304,31.93526088804488,jpeg,1,85.0,39.4282819312533,31.639082283043276,31.876173550365927,39.05744138862356,31.897359537010285,32.158432769152405,-7.789199648210026,-7.160081851613274
113.png,31.574592399620304,31.93526088804488,jpeg,2,75.0,38.075732603949206,31.737497316242383,32.22402397754602,37.71319641512455,32.076506442560806,32.63772477586939,-6.338235287706823,-5.636689972563744
113.png,31.574592399620304,31.93526088804488,jpeg,3,65.0,37.25291439237789,31.826368051492203,32.44315006766235,36.81933050618054,32.07522074705574,32.695015095274314,-5.426546340885686,-4.744109759124804
113.png,31.574592399620304,31.93526088804488,jpeg,4,55.0,36.5702005683079,32.04587747261188,32.873894221914185,36.12667412786437,32.22690714707592,32.98782602860157,-4.524323095696019,-3.899766980788449
113.png,31.574592399620304,31.93526088804488,jpeg,5,45.0,36.007318117754224,32.21451988802045,33.275240711035906,35.46770748618346,32.28392397712224,33.33300536724637,-3.7927982297337763,-3.1837835090612145
113.png,31.574592399620304,31.93526088804488,jpeg,6,35.0,35.36922707430455,32.38437367114449,33.883707152145504,34.8004199516986,32.35300038994632,33.756624487243464,-2.9848534031600593,-2.447419561752284
113.png,31.574592399620304,31.93526088804488,jpeg,7,25.0,34.534792384761744,32.33676910280619,34.63598070760528,33.927785133997006,32.47434933328818,34.633403364524604,-2.1980232819555567,-1.4534358007088244
113.png,31.574592399620304,31.93526088804488,jpeg,8,15.0,33.31495224702836,32.14224641899648,35.81805326375379,32.25474752190971,31.667525190438262,35.294775354951135,-1.17270582803188,-0.5872223314714446
113.png,31.574592399620304,31.93526088804488,jpeg,9,5.0,29.494364688879212,29.04275120273934,35.06015200028679,27.894884345378856,27.93595241280668,33.79375573991611,-0.4516134861398733,0.041068067427826094
113.png,31.574592399620304,31.93526088804488,blur,0,1.0,inf,31.57459757755563,31.57459757755563,inf,31.93532540219891,31.93532540219891,-inf,-inf
113.png,31.574592399620304,31.93526088804488,blur,1,5.0,35.38673302345818,32.43805097894746,39.2838649521708,35.93731154737757,33.51552723664791,40.22298537451594,-2.9486820445107185,-2.421784310729656
113.png,31.574592399620304,31.93526088804488,blur,2,9.0,32.64482506074591,31.315647338284922,42.99991786826763,33.394056812418626,32.80625243215877,45.34187012855084,-1.3291777224609866,-0.587804380259854
113.png,31.574592399620304,31.93526088804488,blur,3,11.0,31.872322776328247,30.881966664688658,44.34098868366546,32.67394026922246,32.346775146631856,47.02232285545171,-0.9903561116395885,-0.3271651225906069
113.png,31.574592399620304,31.93526088804488,blur,4,15.0,30.626226469867078,30.153097232429072,46.66907232671342,31.45625493723869,31.346908424450458,49.593236592707335,-0.4731292374380054,-0.10934651278823182
113.png,31.574592399620304,31.93526088804488,blur,5,19.0,29.6794142590758,29.508385206204522,48.042119265878554,30.446747868434155,30.3360481415109,51.13493617449435,-0.17102905287127612,-0.11069972692325436
113.png,31.574592399620304,31.93526088804488,blur,6,21.0,29.33305082438174,29.235432661285998,47.79447390494455,30.032474829141865,29.931900388483538,51.74263778762856,-0.097618163095742,-0.10057444065832755
113.png,31.574592399620304,31.93526088804488,blur,7,25.0,28.638727227977977,28.66524689122982,47.207614526896116,29.217813269627094,29.103830762250173,52.30866420338127,0.026519663251843184,-0.11398250737692095
113.png,31.574592399620304,31.93526088804488,blur,8,29.0,28.097730546984543,28.15569603014264,46.66342472540989,28.53361140385704,28.401308468095124,52.28928661491304,0.05796548315809602,-0.13230293576191698
113.png,31.574592399620304,31.93526088804488,blur,9,31.0,27.847953124090452,27.92225014550926,46.06332364866665,28.236413963576684,28.102336968891514,52.112455153849204,0.07429702141880767,-0.1340769946851701
114.png,33.15273424979273,32.77184813439422,poisson,0,1.0,26.40788319492152,27.97468713587321,24.564277130903914,26.123445310483856,27.250528555825056,24.06140343207297,1.56680394095169,1.1270832453412005
114.png,33.15273424979273,32.77184813439422,poisson,1,0.8944444444444445,25.903688400137153,27.807933436385262,24.206908544774723,25.60879683663692,26.960053169576867,23.548471161295716,1.9042450362481098,1.351256332939947
114.png,33.15273424979273,32.77184813439422,poisson,2,0.7888888888888889,25.37482091786483,27.328255513617528,23.712543696531384,25.145743257330388,26.619284687271033,23.186213786418083,1.9534345957526966,1.4735414299406457
114.png,33.15273424979273,32.77184813439422,poisson,3,0.6833333333333333,24.783781678263857,27.13297242238808,23.262525382502762,24.3899915821807,26.507267162350278,22.792191155407842,2.349190744124222,2.1172755801695793
114.png,33.15273424979273,32.77184813439422,poisson,4,0.5777777777777777,24.068484623787164,26.6733237566447,22.658111875497834,23.91564244329262,25.993771424567704,22.232501051467853,2.604839132857535,2.0781289812750856
114.png,33.15273424979273,32.77184813439422,poisson,5,0.4722222222222222,23.1855809751846,26.126140211158937,21.894854802625435,22.885391268691485,25.52101107782576,21.446432838882167,2.9405592359743373,2.635619809134276
114.png,33.15273424979273,32.77184813439422,poisson,6,0.3666666666666667,22.09504757557507,25.618421406697323,21.013181332167278,21.811443355931864,24.839143612760786,20.423986878438882,3.523373831122253,3.027700256828922
114.png,33.15273424979273,32.77184813439422,poisson,7,0.26111111111111107,20.6655477856086,24.98538798956588,19.83051610911277,20.348897312976362,24.204250390172056,19.439707302240365,4.3198402039572805,3.8553530771956943
114.png,33.15273424979273,32.77184813439422,poisson,8,0.15555555555555556,18.543861298909377,24.00418104104495,17.996142678645516,18.084058216914777,23.393669858935134,17.339654163105955,5.4603197421355745,5.309611642020357
114.png,33.15273424979273,32.77184813439422,poisson,9,0.05,14.15736123013236,21.658442230789646,13.981810284983208,13.869103972980433,20.885496568174553,13.580961614886535,7.501081000657287,7.0163925951941195
114.png,33.15273424979273,32.77184813439422,jpeg,0,95.0,44.1486675123097,33.086116569930205,32.968151541390675,44.211762418017535,32.691061651843,32.605625794461,-11.062550942379495,-11.520700766174535
114.png,33.15273424979273,32.77184813439422,jpeg,1,85.0,40.09167589129089,33.161623696201914,33.48504335372519,40.41602864529892,32.82824268248609,33.14996536113514,-6.930052195088976,-7.587785962812831
114.png,33.15273424979273,32.77184813439422,jpeg,2,75.0,38.7898980391092,33.24316456378067,33.8179457464254,38.97072238768779,32.87507766560691,33.23485731311516,-5.54673347532853,-6.095644722080884
114.png,33.15273424979273,32.77184813439422,jpeg,3,65.0,37.97509865258503,33.4601992942674,34.26333225590677,38.159296068655216,33.053070388724144,33.65063374610874,-4.514899358317635,-5.106225679931072
114.png,33.15273424979273,32.77184813439422,jpeg,4,55.0,37.317411086114284,33.65823455010623,34.75627411930151,37.46223380363793,33.17728252074148,33.822670237161034,-3.6591765360080544,-4.284951282896451
114.png,33.15273424979273,32.77184813439422,jpeg,5,45.0,36.77112709604636,33.64091501724771,35.037876923407374,36.826052637692,33.12187314042453,34.10108959638208,-3.1302120787986496,-3.704179497267468
114.png,33.15273424979273,32.77184813439422,jpeg,6,35.0,36.15822313435019,33.84074303207538,35.82812136413366,35.97990864752501,33.12171203530754,34.310386030052754,-2.317480102274807,-2.858196612217469
114.png,33.15273424979273,32.77184813439422,jpeg,7,25.0,35.3501605868904,33.58799805882137,36.40786424424946,34.88754816551835,32.81395062555477,34.4685279530626,-1.7621625280690267,-2.073597539963586
114.png,33.15273424979273,32.77184813439422,jpeg,8,15.0,34.08754818434317,33.24178471621924,37.677842026546216,33.105286544159334,32.23966524626011,34.80208072509106,-0.845763468123927,-0.8656212978992244
114.png,33.15273424979273,32.77184813439422,jpeg,9,5.0,29.988981945466286,29.661301869092902,37.21241838016377,27.80464932120555,27.385515979965586,33.59107953305576,-0.32768007637338314,-0.41913334123996293
114.png,33.15273424979273,32.77184813439422,blur,0,1.0,inf,33.152785494819476,33.152785494819476,inf,32.77183620580648,32.77183620580648,-inf,-inf
114.png,33.15273424979273,32.77184813439422,blur,1,5.0,37.92408576594234,34.88003767886394,39.50732153643298,37.482780174271085,34.144615369955986,39.04546086407616,-3.0440480870783944,-3.338164804315099
114.png,33.15273424979273,32.77184813439422,blur,2,9.0,35.8946244910732,34.44093495218685,40.1590156312152,34.33426048032166,32.94211476217143,41.246807527522535,-1.4536895388863513,-1.392145718150232
114.png,33.15273424979273,32.77184813439422,blur,3,11.0,35.38961216706912,34.17124474506618,39.999214736081996,33.375710075905346,32.24858659968256,41.63459274443629,-1.2183674220029346,-1.1271234762227849
114.png,33.15273424979273,32.77184813439422,blur,4,15.0,34.572998524358646,33.94187462790275,41.27526897948269,31.831293491655327,31.009836344437197,42.94800771690254,-0.6311238964558967,-0.8214571472181298
114.png,33.15273424979273,32.77184813439422,blur,5,19.0,33.908309006316884,33.5833293614606,42.38689662469704,30.634415258166364,29.90123400129776,43.76891598924815,-0.3249796448562847,-0.7331812568686047
114.png,33.15273424979273,32.77184813439422,blur,6,21.0,33.6395831936666,33.36241202127768,42.43068818856126,30.18418839134661,29.445499119379352,43.817909300643066,-0.2771711723889254,-0.7386892719672566
114.png,33.15273424979273,32.77184813439422,blur,7,25.0,33.07494267710699,32.958306031620374,43.53974825807178,29.313925437149937,28.63585471805483,44.60159960228349,-0.11663664548661501,-0.678070719095107
114.png,33.15273424979273,32.77184813439422,blur,8,29.0,32.57995446506432,32.5609802338976,44.90089324308681,28.62943085886534,28.02232637028526,45.526936636319284,-0.018974231166716038,-0.6071044885800809
114.png,33.15273424979273,32.77184813439422,blur,9,31.0,32.35479977353449,32.36640834103422,45.61081846792153,28.353372599984986,27.77265673254349,45.986362939488465,0.011608567499735045,-0.5807158674414978
115.png,32.442393889195586,33.36444342619496,poisson,0,1.0,26.64464283218041,27.58777698725737,24.498761486295386,27.23244621093119,28.294148942957126,25.160683662130552,0.9431341550769616,1.0617027320259353
115.png,32.442393889195586,33.36444342619496,poisson,1,0.8944444444444445,26.147246150858734,27.336074420750496,24.135041524698234,26.55373029189049,28.008339140164416,24.60229506024564,1.1888282698917614,1.454608848273928
115.png,32.442393889195586,33.36444342619496,poisson,2,0.7888888888888889,25.60330714842471,27.042695602801217,23.70305664235115,26.068926188860623,27.535398906578767,24.16654457016746,1.4393884543765054,1.466472717718144
115.png,32.442393889195586,33.36444342619496,poisson,3,0.6833333333333333,24.975857493457365,26.66621514660703,23.183962903279145,25.586833098112415,27.221785426476206,23.729189010034087,1.6903576531496647,1.6349523283637915
115.png,32.442393889195586,33.36444342619496,poisson,4,0.5777777777777777,24.261780617727876,26.264544109542957,22.5995498015364,24.886779393869713,26.91371395984155,23.245625347149932,2.002763491815081,2.026934565971839
115.png,32.442393889195586,33.36444342619496,poisson,5,0.4722222222222222,23.405824451513567,25.90704119692214,21.94563044718422,23.950247112299984,26.586546943567825,22.527412325982343,2.5012167454085734,2.6362998312678414
115.png,32.442393889195586,33.36444342619496,poisson,6,0.3666666666666667,22.343391292758707,25.29795650157805,21.04514714412382,22.754289387269115,25.73475454365916,21.395980023823974,2.954565208819343,2.9804651563900464
115.png,32.442393889195586,33.36444342619496,poisson,7,0.26111111111111107,20.895795374387887,24.267459690825387,19.750840201749085,21.26477477354276,25.064140255712726,20.21313157956972,3.3716643164374993,3.7993654821699643
115.png,32.442393889195586,33.36444342619496,poisson,8,0.15555555555555556,18.782656640680546,23.25653165718372,17.97511830014805,19.359205401280846,23.86120001149642,18.50743563155124,4.473875016503175,4.501994610215572
115.png,32.442393889195586,33.36444342619496,poisson,9,0.05,14.360550095220477,21.10016931779925,14.078498323257186,14.257068720407899,21.395868806005982,13.88526461783523,6.7396192225787726,7.138800085598083
115.png,32.442393889195586,33.36444342619496,jpeg,0,95.0,44.605357282659355,32.425321198025664,32.369458718471364,44.075698515547785,33.26628050304956,33.15801055228902,-12.180036084633691,-10.809418012498227
115.png,32.442393889195586,33.36444342619496,jpeg,1,85.0,40.74085850313548,32.709715360944486,32.99226007703113,39.97218261768628,33.34716727473359,33.70668789798765,-8.031143142190992,-6.625015342952686
115.png,32.442393889195586,33.36444342619496,jpeg,2,75.0,39.377035551854725,32.755247103118904,33.198555693517875,38.65880343735168,33.431801876010006,34.008417375758185,-6.6217884487358205,-5.227001561341673
115.png,32.442393889195586,33.36444342619496,jpeg,3,65.0,38.45330399677507,32.6913835656884,33.219815981682764,37.738355230378716,33.449199996556644,34.03306117100477,-5.761920431086672,-4.289155233822072
115.png,32.442393889195586,33.36444342619496,jpeg,4,55.0,37.726034412432774,32.9383316320534,33.74898703468796,37.103076097971915,33.52036564208746,34.26000948999795,-4.787702780379377,-3.5827104558844525
115.png,32.442393889195586,33.36444342619496,jpeg,5,45.0,37.11240783599621,33.03516149732652,33.982748893745416,36.39167192503581,33.39946731843306,34.343003684239186,-4.077246338669688,-2.9922046066027477
115.png,32.442393889195586,33.36444342619496,jpeg,6,35.0,36.359158920405854,33.308394179548195,34.60928565831423,35.7776339592902,33.4247276860775,34.62211786702808,-3.050764740857659,-2.352906273212696
115.png,32.442393889195586,33.36444342619496,jpeg,7,25.0,35.319814590879844,33.16198752451708,35.095458012191614,34.5590380138328,33.08962714267721,34.60951684156154,-2.1578270663627634,-1.4694108711555884
115.png,32.442393889195586,33.36444342619496,jpeg,8,15.0,33.77277190901871,32.35863757283327,35.15399282650624,32.65440394779958,31.909367052791396,34.42846118241857,-1.414134336185441,-0.7450368950081838
115.png,32.442393889195586,33.36444342619496,jpeg,9,5.0,29.418972725807016,28.441701933034107,32.27573882683498,27.32217531102432,26.967650051153843,32.4586450708461,-0.9772707927729094,-0.3545252598704778
115.png,32.442393889195586,33.36444342619496,blur,0,1.0,inf,32.442377994760584,32.442377994760584,inf,33.364421661272544,33.364421661272544,-inf,-inf
115.png,32.442393889195586,33.36444342619496,blur,1,5.0,32.07692002530799,31.884692292136926,38.08415405182033,36.88283265120322,34.17615806875717,40.147250164722834,-0.192227733171066,-2.7066745824460554
115.png,32.442393889195586,33.36444342619496,blur,2,9.0,29.51475603982493,29.370196734164292,40.97686111748607,33.68145941361878,32.9627384105407,44.59263898894861,-0.14455930566063913,-0.7187210030780804
115.png,32.442393889195586,33.36444342619496,blur,3,11.0,28.79546081607483,28.514112256624497,41.769782528406495,32.73711281979598,32.27440231813559,46.18524938289632,-0.28134855945033266,-0.4627105016603892
115.png,32.442393889195586,33.36444342619496,blur,4,15.0,27.622087881202383,27.51201512103851,42.830100806493064,31.18503419297717,30.906983151904875,48.47363359207506,-0.1100727601638738,-0.2780510410722954
115.png,32.442393889195586,33.36444342619496,blur,5,19.0,26.71165309518967,26.77700767402476,42.90066919954383,30.003736297128416,29.72978623679291,49.29202072331136,0.06535457883508755,-0.27395006033550473
115.png,32.442393889195586,33.36444342619496,blur,6,21.0,26.376380527091282,26.479258544127834,42.908899452894964,29.562707466937887,29.268877508154976,49.21730930235636,0.1028780170365522,-0.2938299587829114
115.png,32.442393889195586,33.36444342619496,blur,7,25.0,25.651001588769553,25.803995658138028,43.23481370877802,28.717217872542356,28.36832056576227,48.963054445943214,0.15299406936847504,-0.3488973067800849
115.png,32.442393889195586,33.36444342619496,blur,8,29.0,25.036272367598574,25.17479763402352,43.476056073923964,28.062355273593987,27.676559915896256,48.56338748236598,0.13852526642494567,-0.3857953576977309
115.png,32.442393889195586,33.36444342619496,blur,9,31.0,24.752418614119062,24.896365962759063,43.26215711861427,27.77353582386867,27.37566999792163,48.27572418107293,0.14394734864000114,-0.39786582594704
116.png,31.209588575190494,32.250995660143865,poisson,0,1.0,26.709287849495134,27.891014394681633,24.654363643850317,27.381060450537245,28.50730353448475,25.30669616479731,1.1817265451864998,1.1262430839475037
116.png,31.209588575190494,32.250995660143865,poisson,1,0.8944444444444445,26.22773952187905,27.668554710202006,24.30853988481749,26.810511115093064,28.246556463459736,24.877266477709217,1.4408151883229543,1.4360453483666724
116.png,31.209588575190494,32.250995660143865,poisson,2,0.7888888888888889,25.692168478182232,27.533812219022785,23.959870569585306,26.369040080809416,27.950128542256337,24.504501806835528,1.8416437408405528,1.581088461446921
116.png,31.209588575190494,32.250995660143865,poisson,3,0.6833333333333333,25.082080177725548,27.026196918563503,23.377889601912862,25.770139357400062,27.602243128417015,23.928570400444013,1.9441167408379556,1.8321037710169534
116.png,31.209588575190494,32.250995660143865,poisson,4,0.5777777777777777,24.378070947760143,26.640585632865537,22.814297181387772,25.0251177659063,27.318959033341276,23.318098738125887,2.262514685105394,2.293841267434974
116.png,31.209588575190494,32.250995660143865,poisson,5,0.4722222222222222,23.51812411566829,26.222573533278656,22.120933537890224,24.00307418868313,26.863484387949118,22.619470900075832,2.704449417610366,2.8604101992659885
116.png,31.209588575190494,32.250995660143865,poisson,6,0.3666666666666667,22.44845293595542,25.568652453700153,21.210691931045087,22.982815330236136,26.301905799143718,21.646277607182746,3.1201995177447337,3.319090468907582
116.png,31.209588575190494,32.250995660143865,poisson,7,0.26111111111111107,21.02058790656497,24.7876233918009,20.023862179275675,21.672861472370904,25.533945645258026,20.544582309685183,3.7670354852359296,3.8610841728871215
116.png,31.209588575190494,32.250995660143865,poisson,8,0.15555555555555556,18.859200796685258,23.58890856308536,18.129590002543328,19.2152693867516,24.180042664628374,18.43391814326275,4.729707766400104,4.964773277876773
116.png,31.209588575190494,32.250995660143865,poisson,9,0.05,14.36692274790943,21.05535661467996,14.089337536617927,14.453114079165214,21.58370316748602,14.161881784108433,6.688433866770529,7.130589088320807
116.png,31.209588575190494,32.250995660143865,jpeg,0,95.0,44.217805553656,31.155424436901058,31.09245923580543,43.69293020676036,32.19855467513747,32.07712231060904,-13.062381116754942,-11.494375531622886
116.png,31.209588575190494,32.250995660143865,jpeg,1,85.0,40.143503800776614,31.295966508182254,31.52671794856356,39.36193064636949,32.321004386937766,32.555355289850326,-8.84753729259436,-7.040926259431721
116.png,31.209588575190494,32.250995660143865,jpeg,2,75.0,38.79277201944232,31.302312524528972,31.685748748625578,38.05009041871004,32.46889080640001,33.01520761710238,-7.490459494913345,-5.58119961231003
116.png,31.209588575190494,32.250995660143865,jpeg,3,65.0,37.92179107881179,31.31036861202876,31.818824171120866,37.197771019001244,32.40255453888948,32.96306489333486,-6.611422466783033,-4.795216480111762
116.png,31.209588575190494,32.250995660143865,jpeg,4,55.0,37.19896370589593,31.233958061976633,31.853485055874195,36.4427441194508,32.43453350856574,33.18255004935942,-5.965005643919294,-4.008210610885058
116.png,31.209588575190494,32.250995660143865,jpeg,5,45.0,36.58844607587367,31.457997268481197,32.294815952246836,35.87623049732302,32.60732171257425,33.51344001625874,-5.130448807392472,-3.268908784748774
116.png,31.209588575190494,32.250995660143865,jpeg,6,35.0,35.946962048180715,31.565153626417445,32.66007770349671,35.15609612320935,32.621100095745426,33.948132242581714,-4.381808421763271,-2.534996027463926
116.png,31.209588575190494,32.250995660143865,jpeg,7,25.0,34.98873922542999,31.449086307680048,32.60561961074619,34.10558141692955,32.3809890164945,33.97346909770104,-3.5396529177499403,-1.72459240043505
116.png,31.209588575190494,32.250995660143865,jpeg,8,15.0,33.17773277025027,31.522049338823884,34.0782400264556,32.55625824201125,31.610303227966483,33.94920980692248,-1.6556834314263895,-0.9459550140447703
116.png,31.209588575190494,32.250995660143865,jpeg,9,5.0,29.084388308787204,28.60726843147389,33.40980400292929,27.80451232335002,27.65275197562547,32.18744129798806,-0.4771198773133136,-0.15176034772455083
116.png,31.209588575190494,32.250995660143865,blur,0,1.0,inf,31.209547467569493,31.209547467569493,inf,32.25095901694629,32.25095901694629,-inf,-inf
116.png,31.209588575190494,32.250995660143865,blur,1,5.0,32.18274893670004,30.55662195883454,36.645854557826176,36.40760144649158,33.30143844965891,38.91162328573421,-1.6261269778654963,-3.1061629968326727
116.png,31.209588575190494,32.250995660143865,blur,2,9.0,28.979644156973986,28.23010702827251,39.11891696298409,33.6266886548588,32.56692081260334,43.27807662961381,-0.7495371287014763,-1.0597678422554608
116.png,31.209588575190494,32.250995660143865,blur,3,11.0,28.055493947860235,27.36538814455482,40.747354818978884,32.78729820662494,32.08088506367681,44.9382698497284,-0.6901058033054142,-0.7064131429481293
116.png,31.209588575190494,32.250995660143865,blur,4,15.0,26.652191856734802,26.238399556713546,43.597846813690055,31.3196926149423,30.96718383464217,47.607211718806994,-0.41379230002125666,-0.35250878030013055
116.png,31.209588575190494,32.250995660143865,blur,5,19.0,25.66331971685586,25.517683998711167,45.2831389421409,30.10793086296296,29.864169490655236,49.19499809507937,-0.14563571814469256,-0.24376137230772343
116.png,31.209588575190494,32.250995660143865,blur,6,21.0,25.33316962926355,25.279521199223588,44.85625773123678,29.61896868088442,29.413760744748593,49.714410324237804,-0.05364843003996356,-0.2052079361358281
116.png,31.209588575190494,32.250995660143865,blur,7,25.0,24.679120800234738,24.72979513459721,45.819423706383105,28.660488831922358,28.430926437805102,50.56777022133464,0.050674334362472706,-0.22956239411725576
116.png,31.209588575190494,32.250995660143865,blur,8,29.0,24.200571665933776,24.299902500463336,45.59843625428428,27.8636937216514,27.623862735412835,50.95555478453055,0.09933083452956026,-0.2398309862385659
116.png,31.209588575190494,32.250995660143865,blur,9,31.0,23.980340094517075,24.087977793610555,45.46494014950931,27.506347719737967,27.273401469075612,51.15347577733516,0.10763769909348042,-0.23294625066235497
117.png,32.70905047342899,31.02239162918206,poisson,0,1.0,27.07301496687257,28.06147402047337,24.950005559405657,27.780651279608783,27.62088086412172,24.9315662798369,0.9884590536007991,-0.1597704154870634
117.png,32.70905047342899,31.02239162918206,poisson,1,0.8944444444444445,26.57076190372303,27.71734435909245,24.568315700540463,27.074449832259006,27.389399663502154,24.662829731071497,1.146582455369419,0.31494983124314757
117.png,32.70905047342899,31.02239162918206,poisson,2,0.7888888888888889,26.04372890056503,27.43568103503997,24.14947057316615,26.682660460414592,26.95996304948817,24.213518314070782,1.3919521344749413,0.2773025890735781
117.png,32.70905047342899,31.02239162918206,poisson,3,0.6833333333333333,25.438819832681723,27.123569653431062,23.667781271789398,26.108085468989014,26.860091869056273,23.8341896273568,1.6847498207493388,0.752006400067259
117.png,32.70905047342899,31.02239162918206,poisson,4,0.5777777777777777,24.70766523942593,26.60468323133843,23.02964663152779,25.324309862023767,26.287219572783652,23.159645744458434,1.8970179919125023,0.9629097107598845
117.png,32.70905047342899,31.02239162918206,poisson,5,0.4722222222222222,23.82151201351129,26.224560097334976,22.34770065275988,24.417171773273783,26.048462271815303,22.47743501803464,2.4030480838236876,1.6312904985415209
117.png,32.70905047342899,31.02239162918206,poisson,6,0.3666666666666667,22.734900600875324,25.625523050554836,21.458768012846015,23.347299086564792,25.449418168415157,21.736799142360308,2.890622449679512,2.102119081850365
117.png,32.70905047342899,31.02239162918206,poisson,7,0.26111111111111107,21.249286202919848,24.910249712653176,20.240018651664315,21.855907909228883,24.590134258825064,20.487429134019443,3.660963509733328,2.734226349596181
117.png,32.70905047342899,31.02239162918206,poisson,8,0.15555555555555556,19.033373094381258,23.469065065077817,18.26377147590731,19.376960087648555,23.39870695943553,18.443885568132863,4.43569197069656,4.0217468717869735
117.png,32.70905047342899,31.02239162918206,poisson,9,0.05,14.419317161568298,21.043444627537667,14.115205374836119,14.818345157941266,20.987980307351567,14.403653374180411,6.624127465969369,6.169635149410301
117.png,32.70905047342899,31.02239162918206,jpeg,0,95.0,43.27096778177007,32.64265006734496,32.4307878843141,42.9055886072384,30.964719057560362,30.772271897139895,-10.628317714425108,-11.940869549678037
117.png,32.70905047342899,31.02239162918206,jpeg,1,85.0,38.60592155690475,32.761374405619364,33.15839879470419,37.8294632408343,31.029295339585406,31.27636117129149,-5.844547151285383,-6.800167901248894
117.png,32.70905047342899,31.02239162918206,jpeg,2,75.0,37.37784566853568,32.83461353867311,33.70027180581494,36.45463047187481,31.123381275289073,31.833415798379875,-4.543232129862567,-5.331249196585734
117.png,32.70905047342899,31.02239162918206,jpeg,3,65.0,36.66484204256555,32.93116618980511,34.04234812326632,35.74661049526016,31.137141885884848,31.935060344369177,-3.7336758527604417,-4.609468609375309
117.png,32.70905047342899,31.02239162918206,jpeg,4,55.0,36.08411838704438,33.09638644221478,34.5667829246691,35.16993745201718,31.272208423301496,32.29558644107814,-2.987731944829598,-3.897729028715684
117.png,32.70905047342899,31.02239162918206,jpeg,5,45.0,35.61623756637851,33.20362333263775,35.0438562641822,34.66221460866307,31.273627671965706,32.41227497908758,-2.4126142337407614,-3.388586936697365
117.png,32.70905047342899,31.02239162918206,jpeg,6,35.0,35.07691085766065,33.32080674346895,35.86103389277187,33.96345297577194,31.203671792720115,32.34808578705467,-1.7561041141917002,-2.759781183051828
117.png,32.70905047342899,31.02239162918206,jpeg,7,25.0,34.36209000481406,33.25219376748078,36.887271768366276,33.03871335248331,31.03417175355731,32.56722328127072,-1.109896237333274,-2.0045415989260036
117.png,32.70905047342899,31.02239162918206,jpeg,8,15.0,33.21545282361551,32.86816523941244,38.39322803234653,31.266862009768765,30.426711897529085,32.69031890195076,-0.34728758420306605,-0.8401501122396802
117.png,32.70905047342899,31.02239162918206,jpeg,9,5.0,29.716125164772702,29.55463983283325,37.796451395072495,26.866211075701692,26.72834520085943,30.768818190022728,-0.1614853319394527,-0.13786587484226231
117.png,32.70905047342899,31.02239162918206,blur,0,1.0,inf,32.70901317810675,32.70901317810675,inf,31.02228038940251,31.02228038940251,-inf,-inf
117.png,32.70905047342899,31.02239162918206,blur,1,5.0,36.259639558796145,34.41567420747769,41.84756823599862,33.90375822064483,32.11587802900501,39.137492282323116,-1.8439653513184524,-1.7878801916398217
117.png,32.70905047342899,31.02239162918206,blur,2,9.0,34.54695400382855,34.120347522259216,46.38544517943352,31.31278237677702,30.974438856357757,43.53094106704164,-0.4266064815693369,-0.3383435204192615
117.png,32.70905047342899,31.02239162918206,blur,3,11.0,34.12026801051783,33.877979091615494,47.328377072575016,30.566861991586425,30.418897077034956,44.65028340850324,-0.2422889189023394,-0.1479649145514692
117.png,32.70905047342899,31.02239162918206,blur,4,15.0,33.4195179843034,33.35414789638865,48.75913044112085,29.278607067539696,29.286100001932365,46.65054449517659,-0.06537008791474364,0.007492934392669071
117.png,32.70905047342899,31.02239162918206,blur,5,19.0,32.85814733204437,32.84334373461284,49.58390362242745,28.16355930272843,28.159496486164567,47.96389706551644,-0.01480359743153059,-0.004062816563862981
117.png,32.70905047342899,31.02239162918206,blur,6,21.0,32.63875842152056,32.63013868641491,49.6009429024583,27.678927106593285,27.689632568943182,48.16855685389914,-0.008619735105654058,0.010705462349896777
117.png,32.70905047342899,31.02239162918206,blur,7,25.0,32.17028473533176,32.18005489016315,49.86787032016572,26.675998607048328,26.61097529710341,48.99724181718674,0.009770154831386435,-0.06502330994491956
117.png,32.70905047342899,31.02239162918206,blur,8,29.0,31.77499094343998,31.78850283062964,49.21291170584509,25.781134486608302,25.69309376599477,48.8245367018953,0.013511887189658012,-0.08804072061353097
117.png,32.70905047342899,31.02239162918206,blur,9,31.0,31.58808262411182,31.604529417964553,47.82399800884526,25.38298373574982,25.319600054912744,47.8473385526371,0.016446793852733066,-0.06338368083707735
118.png,37.391449860750164,35.60951458462172,poisson,0,1.0,27.225458760871607,29.53874582461996,25.69333333857532,28.894654282892752,30.887358922082168,27.209756563209282,2.3132870637483514,1.9927046391894159
118.png,37.391449860750164,35.60951458462172,poisson,1,0.8944444444444445,26.724797202195006,29.189079261641105,25.277397725665892,28.341193971874166,30.522588399907534,26.744125513504862,2.4642820594460986,2.181394428033368
118.png,37.391449860750164,35.60951458462172,poisson,2,0.7888888888888889,26.183860950243208,28.828944570829336,24.827667944618636,27.674005931162455,30.18544119218342,26.251962819498264,2.645083620586128,2.5114352610209636
118.png,37.391449860750164,35.60951458462172,poisson,3,0.6833333333333333,25.56364480748148,28.339372949307965,24.25464435040899,27.12236141686145,29.797371317250366,25.797469378624015,2.775728141826484,2.6750099003889147
118.png,37.391449860750164,35.60951458462172,poisson,4,0.5777777777777777,24.853115219274006,27.87410938457196,23.617293256718344,26.336400753069604,29.35509546792051,25.089479057876652,3.020994165297953,3.0186947148509056
118.png,37.391449860750164,35.60951458462172,poisson,5,0.4722222222222222,23.996004246489697,27.2872930082345,22.872286277555396,25.49243478294926,28.813322388030336,24.28618671847485,3.291288761744802,3.320887605081076
118.png,37.391449860750164,35.60951458462172,poisson,6,0.3666666666666667,22.905335881229455,26.525757410901917,21.899678724756413,24.33792340592103,28.128267764827935,23.363636337770977,3.6204215296724627,3.790344358906907
118.png,37.391449860750164,35.60951458462172,poisson,7,0.26111111111111107,21.446882262572935,25.64572905576881,20.641600265954946,22.8570516748078,27.31491462992429,22.056400615994924,4.198846793195877,4.4578629551164894
118.png,37.391449860750164,35.60951458462172,poisson,8,0.15555555555555556,19.291091593130226,24.239941575639925,18.704325612457943,20.77848044807167,26.071675814084575,20.150168519749954,4.948849982509699,5.293195366012906
118.png,37.391449860750164,35.60951458462172,poisson,9,0.05,14.636769400750245,21.24633910637907,14.404810015057885,15.958738557294813,22.81765976436459,15.670212909871976,6.609569705628827,6.858921207069775
118.png,37.391449860750164,35.60951458462172,jpeg,0,95.0,46.784876078943086,37.35649704713259,37.41949627143609,45.611807758953404,35.58156418331172,35.61470941424201,-9.428379031810493,-10.030243575641684
118.png,37.391449860750164,35.60951458462172,jpeg,1,85.0,44.2009688599542,37.471335862165716,37.90518835846556,42.76228545259474,35.65576208314664,36.0156866735409,-6.729632997788485,-7.106523369448098
118.png,37.391449860750164,35.60951458462172,jpeg,2,75.0,42.949080367308696,37.45256673046964,38.08508133571384,41.40122142776163,35.626402204969004,36.0933928023979,-5.496513636839055,-5.7748192227926225
118.png,37.391449860750164,35.60951458462172,jpeg,3,65.0,42.10141963900475,37.44836756531371,38.276292039500376,40.562958303232584,35.577609487672454,36.16158559568983,-4.653052073691043,-4.98534881556013
118.png,37.391449860750164,35.60951458462172,jpeg,4,55.0,41.357583568933094,37.46462191185962,38.49887450644777,39.79920662351003,35.60465101596269,36.20829121124786,-3.892961657073471,-4.194555607547343
118.png,37.391449860750164,35.60951458462172,jpeg,5,45.0,40.71916566936529,37.30471591900014,38.54411058751987,39.11134760524705,35.274935434260776,36.08876027039105,-3.4144497503651507,-3.8364121709862715
118.png,37.391449860750164,35.60951458462172,jpeg,6,35.0,39.926140201398596,37.026058279383804,38.42249464917485,38.27714954998767,35.12666868786912,35.815269344222365,-2.9000819220147918,-3.150480862118549
118.png,37.391449860750164,35.60951458462172,jpeg,7,25.0,38.71415901713702,36.74582343128171,38.66128746707938,37.10267666024167,34.92000293848455,36.11903628272303,-1.9683355858553142,-2.1826737217571193
118.png,37.391449860750164,35.60951458462172,jpeg,8,15.0,36.57912134546781,35.23649135608098,37.91066660937779,34.72668863697143,33.08689000796097,34.73280647718216,-1.342629989386829,-1.639798629010464
118.png,37.391449860750164,35.60951458462172,jpeg,9,5.0,30.73380888430807,30.790509512126842,37.54925502493948,28.8845086883444,28.897421361314343,34.0024971105727,0.05670062781877405,0.012912672969942918
118.png,37.391449860750164,35.60951458462172,blur,0,1.0,inf,37.39138151043815,37.39138151043815,inf,35.609360412927444,35.609360412927444,-inf,-inf
118.png,37.391449860750164,35.60951458462172,blur,1,5.0,43.320399667946546,37.97489298184154,39.726933151866724,41.01430352543996,36.46558343746153,37.33750988042506,-5.345506686105004,-4.548720087978431
118.png,37.391449860750164,35.60951458462172,blur,2,9.0,40.449240936657134,37.4554449427019,39.844489343780545,37.37729526143874,36.478447735749185,37.244831613729,-2.9937959939552314,-0.8988475256895541
118.png,37.391449860750164,35.60951458462172,blur,3,11.0,39.50439598767485,37.056877360597916,39.651171359957445,36.11048766775149,36.14847139013331,37.03825167139812,-2.4475186270769314,0.03798372238181713
118.png,37.391449860750164,35.60951458462172,blur,4,15.0,37.842594212838854,36.11232498413748,39.088359121655266,33.86151956003479,35.11999789753417,36.58656697420476,-1.7302692287013741,1.2584783374993762
118.png,37.391449860750164,35.60951458462172,blur,5,19.0,36.4701691800123,35.22145870161236,38.660389012360426,32.04136973133729,33.83251068106856,36.41876207899254,-1.2487104783999357,1.7911409497312718
118.png,37.391449860750164,35.60951458462172,blur,6,21.0,35.9113576505254,34.8598863884725,38.580994970057816,31.318867461122405,33.214556172419655,36.48327858434815,-1.0514712620528996,1.8956887112972503
118.png,37.391449860750164,35.60951458462172,blur,7,25.0,34.828235070895715,34.14054839785753,38.5545619214796,29.972376523567334,31.861447855396527,36.818917250912264,-0.6876866730381863,1.889071331829193
118.png,37.391449860750164,35.60951458462172,blur,8,29.0,33.91828977640895,33.52896147789396,38.762110776880164,28.89300237841068,30.637874940531557,37.37287299332857,-0.3893282985149895,1.7448725621208752
118.png,37.391449860750164,35.60951458462172,blur,9,31.0,33.52259661923541,33.24369514647367,38.91211466231833,28.452343487336968,30.094757138643253,37.7020564383736,-0.2789014727617385,1.6424136513062848
119.png,31.971217922951325,32.23896278934554,poisson,0,1.0,26.945176845877008,27.980538762791358,24.820741172732607,27.3339267973219,28.412280909754806,25.198994936422757,1.0353619169143506,1.0783541124329048
119.png,31.971217922951325,32.23896278934554,poisson,1,0.8944444444444445,26.43909800350353,27.76370700153834,24.469122761724794,26.937528926477498,28.303222092369392,24.997196691733205,1.3246089980348081,1.3656931658918943
119.png,31.971217922951325,32.23896278934554,poisson,2,0.7888888888888889,25.882442364586478,27.497840356662433,24.029101481298238,26.388867323039435,28.062963690319176,24.53272995811062,1.6153979920759554,1.6740963672797413
119.png,31.971217922951325,32.23896278934554,poisson,3,0.6833333333333333,25.266433933566844,27.153312158379038,23.53356887901663,25.7533962416393,27.82293944844024,24.011503432199017,1.8868782248121931,2.0695432068009403
119.png,31.971217922951325,32.23896278934554,poisson,4,0.5777777777777777,24.55691245801549,26.69811451986824,22.929014252114726,25.12904038102573,27.39538170747316,23.525604821488347,2.141202061852752,2.266341326447428
119.png,31.971217922951325,32.23896278934554,poisson,5,0.4722222222222222,23.692396434865053,26.192171284437507,22.23496162602745,24.138459105501067,26.681877968643406,22.5873698931491,2.4997748495724537,2.543418863142339
119.png,31.971217922951325,32.23896278934554,poisson,6,0.3666666666666667,22.595704374952383,25.66726853625008,21.334501021419232,22.99422372184674,26.09891735592578,21.669329440522837,3.0715641612976974,3.104693634079041
119.png,31.971217922951325,32.23896278934554,poisson,7,0.26111111111111107,21.16252051901139,24.906361098035642,20.149133108292112,21.51807118265794,25.420251323573325,20.516137277345766,3.7438405790242513,3.902180140915384
119.png,31.971217922951325,32.23896278934554,poisson,8,0.15555555555555556,19.00922531126264,23.546983663714762,18.221409945692912,19.452218906295045,24.313831839237913,18.576612766903562,4.537758352452123,4.861612932942869
119.png,31.971217922951325,32.23896278934554,poisson,9,0.05,14.462749494680082,21.03076591624943,14.14828268449842,14.58378296235514,21.829724393731933,14.319686830860988,6.568016421569347,7.245941431376792
119.png,31.971217922951325,32.23896278934554,jpeg,0,95.0,44.182434806637175,31.846599314461002,31.77663657449003,43.86148135173486,32.18063388083128,32.07461755246752,-12.335835492176173,-11.68084747090358
119.png,31.971217922951325,32.23896278934554,jpeg,1,85.0,40.06030351432403,31.958659415672134,32.218176101627996,39.53716323794608,32.24185021945685,32.482779512803326,-8.1016440986519,-7.295313018489232
119.png,31.971217922951325,32.23896278934554,jpeg,2,75.0,38.68464269400241,32.2279560339034,32.69394536711302,38.110994930939015,32.327225172057055,32.769441425219526,-6.45668666009901,-5.783769758881959
119.png,31.971217922951325,32.23896278934554,jpeg,3,65.0,37.82586279237881,32.022835327075455,32.599682706290956,37.20552203952724,32.44025813532288,33.03204212589262,-5.803027465303352,-4.76526390420436
119.png,31.971217922951325,32.23896278934554,jpeg,4,55.0,37.11502025434323,32.18833711800255,32.99297546321701,36.47190341292604,32.47925821398451,33.32290798093578,-4.926683136340678,-3.9926451989415312
119.png,31.971217922951325,32.23896278934554,jpeg,5,45.0,36.53160442569347,32.406107333736365,33.34677961653574,35.88167898625295,32.51404863949249,33.42196967030096,-4.125497091957108,-3.367630346760457
119.png,31.971217922951325,32.23896278934554,jpeg,6,35.0,35.814211039274,32.33613122398643,33.58519514897197,35.16039413460825,32.49597526969968,33.687605594423815,-3.478079815287572,-2.664418864908569
119.png,31.971217922951325,32.23896278934554,jpeg,7,25.0,34.91505843819772,32.636524986206396,34.47597276648173,34.099690533360814,32.436971807700296,34.17426891902099,-2.278533451991322,-1.6627187256605183
119.png,31.971217922951325,32.23896278934554,jpeg,8,15.0,33.27690206186618,32.19264442430923,34.413554295694496,32.28281968338426,31.661508866815563,34.21932062601003,-1.0842576375569521,-0.6213108165686982
119.png,31.971217922951325,32.23896278934554,jpeg,9,5.0,29.22063568465864,28.514509535630744,31.858146185372238,27.8175639756264,27.61599121962355,31.984891378770183,-0.7061261490278952,-0.20157275600285018
119.png,31.971217922951325,32.23896278934554,blur,0,1.0,inf,31.971211935004312,31.971211935004312,inf,32.239053764570095,32.239053764570095,-inf,-inf
119.png,31.971217922951325,32.23896278934554,blur,1,5.0,30.714540321912263,30.938303880766775,38.720617424595446,36.11019974309135,33.27770267112069,39.236319471710544,0.22376355885451105,-2.832497071970657
119.png,31.971217922951325,32.23896278934554,blur,2,9.0,28.03521044055632,28.263470423937566,42.29583004659922,32.99787071885932,32.20544126736007,43.866671459128916,0.2282599833812462,-0.7924294514992454
119.png,31.971217922951325,32.23896278934554,blur,3,11.0,27.328446212947956,27.3474337447983,43.86968306412857,32.066864613945064,31.545700912101722,45.354550056937654,0.01898753185034252,-0.5211637018433422
119.png,31.971217922951325,32.23896278934554,blur,4,15.0,26.2947036927177,26.226085531606383,45.69265783015077,30.538432882945724,30.230184196067434,47.41535984488887,-0.06861816111131702,-0.3082486868782901
119.png,31.971217922951325,32.23896278934554,blur,5,19.0,25.601259867227014,25.588663359282897,46.4050484924331,29.369192818469717,29.095760184531233,48.64056503673951,-0.012596507944117263,-0.2734326339384836
119.png,31.971217922951325,32.23896278934554,blur,6,21.0,25.38578591352995,25.408141630403804,46.503774619116015,28.922418338245713,28.642705281997614,49.015216396434354,0.022355716873853737,-0.2797130562480987
119.png,31.971217922951325,32.23896278934554,blur,7,25.0,24.92561841012325,24.977421725420953,46.46135835499446,28.061599921796017,27.772218314128484,49.270307492731284,0.05180331529770399,-0.28938160766753285
119.png,31.971217922951325,32.23896278934554,blur,8,29.0,24.59526457074132,24.646513807565608,46.66573374402173,27.36358668654323,27.058759171045914,49.51854269115918,0.051249236824286726,-0.30482751549731546
119.png,31.971217922951325,32.23896278934554,blur,9,31.0,24.43501639121451,24.482424781855418,46.87669455636655,27.06047829182685,26.752145654324096,49.625853833337466,0.04740839064090707,-0.30833263750275464
12.png,33.53100485770041,33.41005382260578,poisson,0,1.0,26.844675311912667,28.41100147642984,24.970486412067775,26.65463495498582,27.76431608147899,24.4295191384267,1.5663261645171715,1.1096811264931716
12.png,33.53100485770041,33.41005382260578,poisson,1,0.8944444444444445,26.35475506721169,27.972473893936534,24.527886959902116,26.20262383624292,27.57897905894321,24.188572815478988,1.6177188267248432,1.3763552227002904
12.png,33.53100485770041,33.41005382260578,poisson,2,0.7888888888888889,25.79411105085539,27.715178229143223,24.11045680056707,25.57396553070823,27.395200488082235,23.83605467997362,1.921067178287835,1.8212349573740063
12.png,33.53100485770041,33.41005382260578,poisson,3,0.6833333333333333,25.184070038555177,27.260546572909504,23.563414892149716,24.94662649587032,26.877123413117594,23.269442364922376,2.0764765343543274,1.9304969172472752
12.png,33.53100485770041,33.41005382260578,poisson,4,0.5777777777777777,24.4595012990615,26.692730933767074,22.88925453729017,24.37779535996625,26.464702761602222,22.67136832211587,2.233229634705573,2.0869074016359725
12.png,33.53100485770041,33.41005382260578,poisson,5,0.4722222222222222,23.60006628237672,26.290228788484878,22.196195993279943,23.44600923455804,25.858934799376826,21.932375263444573,2.690162506108159,2.412925564818785
12.png,33.53100485770041,33.41005382260578,poisson,6,0.3666666666666667,22.51453651748222,25.621083936319607,21.272759392074427,22.38185916448993,25.469659759656977,21.037753357807574,3.106547418837387,3.087800595167046
12.png,33.53100485770041,33.41005382260578,poisson,7,0.26111111111111107,21.07653817163852,24.726597272377493,20.023516234038816,20.927356488294553,24.365801250917,19.684222785689403,3.6500591007389716,3.4384447626224457
12.png,33.53100485770041,33.41005382260578,poisson,8,0.15555555555555556,18.890676075050813,23.475058912694692,18.147497473108622,18.570618068963324,23.220431975159578,17.824570408042963,4.584382837643879,4.649813906196254
12.png,33.53100485770041,33.41005382260578,poisson,9,0.05,14.46656771601688,21.01730030866987,14.124450300531004,14.195177271589905,20.955384720643746,13.833705576449965,6.55073259265299,6.760207449053841
12.png,33.53100485770041,33.41005382260578,jpeg,0,95.0,44.73084588777511,33.4634021770684,33.402535341228614,44.60577907004365,33.362754812692216,33.30701188586007,-11.267443710706708,-11.243024257351436
12.png,33.53100485770041,33.41005382260578,jpeg,1,85.0,40.99200484721956,33.69219263319617,34.02862947648602,40.907670259108926,33.50295288777944,33.73931826300148,-7.29981221402339,-7.4047173713294825
12.png,33.53100485770041,33.41005382260578,jpeg,2,75.0,39.62464260480158,33.66470342951058,34.196193828050056,39.55946800460389,33.521142376126335,34.02157813319847,-5.959939175290998,-6.038325628477558
12.png,33.53100485770041,33.41005382260578,jpeg,3,65.0,38.733286228493306,33.75850068638593,34.466726496862535,38.58737274793065,33.60861751317736,34.03264416358047,-4.974785542107377,-4.978755234753294
12.png,33.53100485770041,33.41005382260578,jpeg,4,55.0,37.978763633717456,33.79426056912155,34.725238744590555,37.866594500864316,33.59177723185918,34.25073811854657,-4.1845030645959085,-4.274817269005133
12.png,33.53100485770041,33.41005382260578,jpeg,5,45.0,37.40470884781186,33.835660071841744,35.06067593800738,37.15344845890697,33.55445385344771,34.36705962779304,-3.569048775970117,-3.5989946054592608
12.png,33.53100485770041,33.41005382260578,jpeg,6,35.0,36.670848815750084,33.87231603665571,35.433066061926,36.312551824128654,33.562543672058545,34.62329909637303,-2.798532779094373,-2.7500081520701087
12.png,33.53100485770041,33.41005382260578,jpeg,7,25.0,35.52769254200452,33.625829011335526,35.3151069364513,35.20942716167363,32.99175242715531,34.20097456544901,-1.9018635306689973,-2.2176747345183188
12.png,33.53100485770041,33.41005382260578,jpeg,8,15.0,33.45995738507275,32.95001471139715,35.413793126784135,32.953827008962776,32.12805537360755,34.289987231507496,-0.5099426736755959,-0.825771635355224
12.png,33.53100485770041,33.41005382260578,jpeg,9,5.0,29.52250192892209,29.60565997789645,34.507155412993704,28.619056304330126,28.486846899613848,32.360747953657864,0.08315804897436152,-0.13220940471627785
12.png,33.53100485770041,33.41005382260578,blur,0,1.0,inf,33.53102475329533,33.53102475329533,inf,33.41012193324903,33.41012193324903,-inf,-inf
12.png,33.53100485770041,33.41005382260578,blur,1,5.0,33.40465942580445,33.11227472202554,38.132654167904874,37.72099368300856,34.210197366405524,39.65028068665902,-0.29238470377890735,-3.5107963166030345
12.png,33.53100485770041,33.41005382260578,blur,2,9.0,30.373655684488156,30.42130079611436,38.76428442111873,34.30529894462995,32.655333173559946,42.04351986215403,0.04764511162620266,-1.6499657710700077
12.png,33.53100485770041,33.41005382260578,blur,3,11.0,29.45921457374174,29.476416592054342,39.19398628011808,33.28682043116998,31.917263151230255,42.37953443059822,0.017202018312602263,-1.3695572799397233
12.png,33.53100485770041,33.41005382260578,blur,4,15.0,27.92681032650947,28.037217221336974,39.96431523759833,31.542350133070663,30.374198576889757,41.914781191974136,0.1104068948275021,-1.1681515561809057
12.png,33.53100485770041,33.41005382260578,blur,5,19.0,26.718966383894987,26.893331697652265,40.006547120227005,30.099315895884658,28.965422499537972,41.06782414586063,0.17436531375727782,-1.1338933963466857
12.png,33.53100485770041,33.41005382260578,blur,6,21.0,26.267356388601407,26.439525591868474,39.90197536575546,29.493619668656343,28.36493934679064,40.73619943432361,0.17216920326706742,-1.1286803218657049
12.png,33.53100485770041,33.41005382260578,blur,7,25.0,25.384853887788186,25.54865801420826,39.836557293008184,28.342104083371513,27.250764954420134,40.37939279473775,0.16380412642007514,-1.091339128951379
12.png,33.53100485770041,33.41005382260578,blur,8,29.0,24.719310336041715,24.87378810073867,40.210205433124344,27.429314916695454,26.399717608241584,40.52677890697835,0.15447776469695285,-1.0295973084538694
12.png,33.53100485770041,33.41005382260578,blur,9,31.0,24.41875204380739,24.570043615823348,40.46058279628611,27.038081631086982,26.03996939238317,40.66121257927611,0.1512915720159569,-0.9981122387038113
120.png,32.75247156303215,32.66197087406492,poisson,0,1.0,26.853375211710908,28.146315778357778,24.8517074263816,27.885608056019834,28.907233058735187,25.722151393179807,1.2929405666468696,1.0216250027153535
120.png,32.75247156303215,32.66197087406492,poisson,1,0.8944444444444445,26.370660790074435,27.981382039602074,24.549045717554257,27.39292722634419,28.610205568293267,25.229127641543254,1.6107212495276393,1.2172783419490756
120.png,32.75247156303215,32.66197087406492,poisson,2,0.7888888888888889,25.853350479019216,27.62941308501782,24.086975737609613,26.86224917364171,28.36216405698182,24.866859605101347,1.7760626059986038,1.4999148833401073
120.png,32.75247156303215,32.66197087406492,poisson,3,0.6833333333333333,25.210578289347186,27.280095186443027,23.558335684365495,26.121523343988553,28.03755981417622,24.351057428027254,2.0695168970958413,1.9160364701876667
120.png,32.75247156303215,32.66197087406492,poisson,4,0.5777777777777777,24.5075537757663,26.729970316404255,22.932958023264362,25.45927455933297,27.474105882792582,23.80528902440637,2.222416540637955,2.0148313234596102
120.png,32.75247156303215,32.66197087406492,poisson,5,0.4722222222222222,23.64632663687817,26.339279208411114,22.266186052966294,24.49730872520737,27.133180546658778,23.113252504566987,2.692952571532942,2.63587182145141
120.png,32.75247156303215,32.66197087406492,poisson,6,0.3666666666666667,22.54202363827506,25.596467792452145,21.280172739114647,23.48872809872114,26.419670782545673,22.092243972054955,3.0544441541770837,2.930942683824533
120.png,32.75247156303215,32.66197087406492,poisson,7,0.26111111111111107,21.1391129971417,24.882096032364657,20.120905100321043,21.93921515336031,25.82427539770339,20.782900211891455,3.742983035222956,3.88506024434308
120.png,32.75247156303215,32.66197087406492,poisson,8,0.15555555555555556,19.017178938600154,23.816107288186963,18.303304803258555,19.674900466083745,24.391926894349712,18.89335547718993,4.798928349586809,4.717026428265967
120.png,32.75247156303215,32.66197087406492,poisson,9,0.05,14.462808784845082,21.30644719429176,14.194788644854782,14.805984722758772,22.197630445961373,14.47430723220837,6.843638409446678,7.3916457232026005
120.png,32.75247156303215,32.66197087406492,jpeg,0,95.0,44.41095161720825,32.65217779887231,32.58001955819954,43.8618830557489,32.5850052995659,32.48069758696378,-11.75877381833594,-11.276877756182998
120.png,32.75247156303215,32.66197087406492,jpeg,1,85.0,40.44898947859992,32.79965627713449,33.104528895731974,39.540340013734415,32.65792883438284,32.967778727799384,-7.649333201465431,-6.882411179351578
120.png,32.75247156303215,32.66197087406492,jpeg,2,75.0,39.071750490572704,32.89898900776742,33.393712667339344,38.19891671597843,32.87530791774906,33.408487292523255,-6.172761482805285,-5.323608798229365
120.png,32.75247156303215,32.66197087406492,jpeg,3,65.0,38.20307553089795,32.97053041435074,33.61227098505007,37.34017356001659,32.84640052369984,33.60780428879401,-5.232545116547207,-4.493773036316746
120.png,32.75247156303215,32.66197087406492,jpeg,4,55.0,37.424902825003215,33.181199028248784,34.031464008024976,36.66541035285969,32.89795651450062,33.87825849781476,-4.243703796754431,-3.767453838359067
120.png,32.75247156303215,32.66197087406492,jpeg,5,45.0,36.83676690635607,33.09845109138575,34.21263666480988,36.05972064788963,32.86807677316006,33.93428754228958,-3.7383158149703206,-3.1916438747295643
120.png,32.75247156303215,32.66197087406492,jpeg,6,35.0,36.1268806774425,33.11527984675324,34.54276676771662,35.39589840974771,32.97123031014296,34.31202657368324,-3.011600830689261,-2.4246680996047516
120.png,32.75247156303215,32.66197087406492,jpeg,7,25.0,35.168606334590464,33.22834177511286,35.288573668904434,34.39880996614506,32.71950665467506,34.601437497939735,-1.9402645594776047,-1.679303311470001
120.png,32.75247156303215,32.66197087406492,jpeg,8,15.0,33.544821016207784,32.68995244641359,36.25285081276358,32.7244175869175,31.93715596944547,34.83316415065274,-0.854868569794192,-0.7872616174720264
120.png,32.75247156303215,32.66197087406492,jpeg,9,5.0,29.433415611111723,29.162299492375183,34.4275822051769,28.441492435036288,28.354556771635465,33.12457003686831,-0.27111611873653985,-0.0869356634008227
120.png,32.75247156303215,32.66197087406492,blur,0,1.0,inf,32.75247575376732,32.75247575376732,inf,32.661964800902794,32.661964800902794,-inf,-inf
120.png,32.75247156303215,32.66197087406492,blur,1,5.0,33.594824315433456,32.80952897415234,37.90584532304973,36.65753306310145,33.868125381210646,39.84545633404532,-0.7852953412811132,-2.7894076818908005
120.png,32.75247156303215,32.66197087406492,blur,2,9.0,30.655772987401214,30.120872537800928,40.57488354604071,33.94022301100022,33.1611117741622,44.43544119468782,-0.5349004496002863,-0.7791112368380197
120.png,32.75247156303215,32.66197087406492,blur,3,11.0,29.684421806943533,29.056770109458956,41.53294954190007,33.13287446361352,32.66490663924231,45.968106510915305,-0.6276516974845769,-0.46796782437120754
120.png,32.75247156303215,32.66197087406492,blur,4,15.0,28.090470042487947,27.712285845412318,43.573074574828745,31.772160323884368,31.58056291423753,48.57183482634013,-0.37818419707562967,-0.1915974096468389
120.png,32.75247156303215,32.66197087406492,blur,5,19.0,26.925563218485486,26.801835111846046,44.59889005543262,30.68101613625007,30.56665102658539,50.240169376206495,-0.12372810663944023,-0.1143651096646785
120.png,32.75247156303215,32.66197087406492,blur,6,21.0,26.53021880115577,26.516197936489366,44.623121492272915,30.24001872169828,30.152623155393652,50.55353767865764,-0.014020864666402844,-0.08739556630462886
120.png,32.75247156303215,32.66197087406492,blur,7,25.0,25.769317486994932,25.8407634508005,44.83613220096853,29.38409630755016,29.289484394906346,51.29346121762315,0.07144596380556933,-0.09461191264381341
120.png,32.75247156303215,32.66197087406492,blur,8,29.0,25.219317771913854,25.312328028743746,45.04736297959303,28.671350427692385,28.546799309499,51.68134737654756,0.09301025682989206,-0.12455111819338427
120.png,32.75247156303215,32.66197087406492,blur,9,31.0,24.963796641472477,25.069593016701393,44.73113547739503,28.35850300388472,28.245219824842867,51.636416048128034,0.10579637522891616,-0.11328317904185425
121.png,40.12909548559965,38.41113942870825,poisson,0,1.0,27.39019425069622,29.957057799878246,25.928198649576053,27.424589547317183,29.150846040986824,25.561910595400764,2.5668635491820275,1.7262564936696414
121.png,40.12909548559965,38.41113942870825,poisson,1,0.8944444444444445,26.88704634020841,29.63125988506675,25.521311107039985,26.807642589797243,28.88544570449367,25.030241644867246,2.74421354485834,2.077803114696426
121.png,40.12909548559965,38.41113942870825,poisson,2,0.7888888888888889,26.35652215057224,29.183214533016937,25.035170760426105,26.38801296750488,28.467832831467888,24.655448313477496,2.8266923824446977,2.0798198639630066
121.png,40.12909548559965,38.41113942870825,poisson,3,0.6833333333333333,25.751625130690847,28.644551278441934,24.460508013010454,25.778339227558263,27.936748580580897,24.0426012016857,2.892926147751087,2.158409353022634
121.png,40.12909548559965,38.41113942870825,poisson,4,0.5777777777777777,25.017022325956123,28.094874989925202,23.79660305728573,24.944879896070464,27.48505888390712,23.367298408148347,3.077852663969079,2.5401789878366543
121.png,40.12909548559965,38.41113942870825,poisson,5,0.4722222222222222,24.16725717414451,27.510159138567975,23.0428205053915,24.048599303171052,26.8627955601282,22.664064724442664,3.342901964423465,2.814196256957146
121.png,40.12909548559965,38.41113942870825,poisson,6,0.3666666666666667,23.13447984316359,26.84079080286875,22.127594061234394,22.975247187049412,26.216336108267235,21.69090152283744,3.70631095970516,3.2410889212178233
121.png,40.12909548559965,38.41113942870825,poisson,7,0.26111111111111107,21.729684270136364,25.929591175495045,20.86803808257601,21.585028482587802,25.445578250189374,20.55261461447957,4.199906905358681,3.8605497676015723
121.png,40.12909548559965,38.41113942870825,poisson,8,0.15555555555555556,19.58210132632465,24.534379200834803,18.953471555080625,19.26379117128012,23.882573506622407,18.39486550262111,4.952277874510152,4.6187823353422885
121.png,40.12909548559965,38.41113942870825,poisson,9,0.05,15.086844808638133,21.92791827618059,14.876741777036182,14.703746785145842,21.72697832401479,14.393351397030283,6.841073467542458,7.023231538868949
121.png,40.12909548559965,38.41113942870825,jpeg,0,95.0,47.8280115373363,40.092543807645995,40.22546329663036,47.53302375525039,38.3838373861291,38.46111538657673,-7.735467729690306,-9.149186369121288
121.png,40.12909548559965,38.41113942870825,jpeg,1,85.0,45.14969321291187,40.182082362836695,40.67871653696792,44.67677738195964,38.31697939661614,38.60326696744568,-4.967610850075175,-6.359797985343498
121.png,40.12909548559965,38.41113942870825,jpeg,2,75.0,43.71727581433683,40.208152098521445,41.02087433966092,43.06157313810925,38.426095665909685,38.688597388946434,-3.5091237158153845,-4.635477472199568
121.png,40.12909548559965,38.41113942870825,jpeg,3,65.0,42.792492662519805,40.130925338998765,41.278253216932356,41.98355131490178,38.23202308448185,38.525669756901,-2.661567323521041,-3.751528230419929
121.png,40.12909548559965,38.41113942870825,jpeg,4,55.0,42.000672124828604,40.05596353745736,41.584243405801374,41.045249202982944,38.18552425552057,38.584442351476525,-1.9447085873712453,-2.859724947462375
121.png,40.12909548559965,38.41113942870825,jpeg,5,45.0,41.36785938236482,39.89574797752374,41.77954056229704,40.23491917191666,38.0127254678185,38.3929675651264,-1.4721114048410797,-2.22219370409816
121.png,40.12909548559965,38.41113942870825,jpeg,6,35.0,40.54819676666007,39.46655350391218,41.71049312590446,39.23181816529039,37.473168344911365,38.107281458165815,-1.081643262747889,-1.758649820379027
121.png,40.12909548559965,38.41113942870825,jpeg,7,25.0,39.29203629488158,38.75042603786968,41.36097887980227,37.66940240623227,36.750122762208534,37.47343492729683,-0.5416102570118966,-0.9192796440237387
121.png,40.12909548559965,38.41113942870825,jpeg,8,15.0,37.0600543342406,36.89223430575714,40.319411656100655,35.234703216257756,35.006528127061245,36.43326176079084,-0.16782002848345456,-0.22817508919651175
121.png,40.12909548559965,38.41113942870825,jpeg,9,5.0,30.8298120185767,30.854647030564017,36.88461232203184,28.824228120064078,28.843599614102807,32.05925672943973,0.0248350119873173,0.01937149403872951
121.png,40.12909548559965,38.41113942870825,blur,0,1.0,inf,40.12911656183363,40.12911656183363,inf,38.41126211537449,38.41126211537449,-inf,-inf
121.png,40.12909548559965,38.41113942870825,blur,1,5.0,44.49237966894764,41.074431271898455,45.13832914620026,42.35802807287207,38.70256787861446,42.59669648139568,-3.4179483970491873,-3.655460194257607
121.png,40.12909548559965,38.41113942870825,blur,2,9.0,41.21471487329923,40.17470868717845,47.604432273365276,37.47825051567387,36.5334407084888,45.36434787085041,-1.0400061861207774,-0.9448098071850737
121.png,40.12909548559965,38.41113942870825,blur,3,11.0,40.11094583407011,39.515146985099875,48.25014155509595,35.87239857995618,35.27080967405874,46.33233938475122,-0.595798848970233,-0.6015889058974437
121.png,40.12909548559965,38.41113942870825,blur,4,15.0,38.11968977412409,37.98059740753778,48.65846081507422,33.1578968235583,32.77145531207146,47.55586819275006,-0.1390923665863113,-0.3864415114868436
121.png,40.12909548559965,38.41113942870825,blur,5,19.0,36.45699670343304,36.48199720395591,48.120862300722955,31.094372311466778,30.721852878465402,47.70045243638674,0.025000500522871505,-0.3725194330013757
121.png,40.12909548559965,38.41113942870825,blur,6,21.0,35.77214905900165,35.83164862528118,47.695101155657476,30.296367425772686,29.91577696521795,47.53373119726891,0.05949956627953412,-0.38059046055473544
121.png,40.12909548559965,38.41113942870825,blur,7,25.0,34.461875108579264,34.57006846725493,46.61356427299859,28.856241546957236,28.461758200014238,46.955712833019604,0.10819335867566338,-0.394483346942998
121.png,40.12909548559965,38.41113942870825,blur,8,29.0,33.35915868379181,33.49647300169784,45.539570086320325,27.74221151617406,27.345710721691745,46.297773220948244,0.137314317906025,-0.39650079448231423
121.png,40.12909548559965,38.41113942870825,blur,9,31.0,32.890459317298394,33.036161814529976,45.00490763479773,27.28515107734796,26.8939902238443,45.99838818411057,0.14570249723158213,-0.3911608535036635
122.png,32.017687071905826,31.049895939087033,poisson,0,1.0,26.704685764233716,27.665161127582962,24.568670644768005,27.7619441376265,27.920156433796656,25.204951279616566,0.9604753633492464,0.15821229617015575
122.png,32.017687071905826,31.049895939087033,poisson,1,0.8944444444444445,26.237391738046316,27.40493795477483,24.217777160800978,27.3474172484595,27.72017821098197,24.934338553411585,1.167546216728514,0.37276096252247015
122.png,32.017687071905826,31.049895939087033,poisson,2,0.7888888888888889,25.713422960737773,27.049643731154504,23.764060533168724,26.79753898234534,27.50927615359483,24.518226887770496,1.3362207704167304,0.7117371712494887
122.png,32.017687071905826,31.049895939087033,poisson,3,0.6833333333333333,25.09668128802483,26.845770361695305,23.341181608054576,26.098283171432985,27.362847308013873,24.07273729045403,1.7490890736704756,1.264564136580887
122.png,32.017687071905826,31.049895939087033,poisson,4,0.5777777777777777,24.35924570514608,26.32485630355701,22.702778399085428,25.280214096551866,26.839937061583466,23.449660427114118,1.9656105984109296,1.5597229650316002
122.png,32.017687071905826,31.049895939087033,poisson,5,0.4722222222222222,23.51087747135186,25.91893611844419,22.034175921595157,24.544773891729367,26.555919112660327,22.85628930919359,2.4080586470923286,2.0111452209309597
122.png,32.017687071905826,31.049895939087033,poisson,6,0.3666666666666667,22.460754919591686,25.3695587030432,21.174377653738947,23.34337199648371,25.828571431397727,21.842197081434634,2.908803783451514,2.4851994349140156
122.png,32.017687071905826,31.049895939087033,poisson,7,0.26111111111111107,21.036217224667716,24.56103567996179,19.973580161140994,21.90013278518223,25.228391013508165,20.744581043273836,3.5248184552940742,3.328258228325936
122.png,32.017687071905826,31.049895939087033,poisson,8,0.15555555555555556,18.890895807319396,23.389036351108935,18.107363297414047,19.694354308938134,24.00049594896039,18.830831977659034,4.498140543789539,4.306141640022254
122.png,32.017687071905826,31.049895939087033,poisson,9,0.05,14.434168406321534,21.039798409334853,14.145670141092971,14.785182665124792,21.52210182796083,14.46306089543329,6.605630003013319,6.73691916283604
122.png,32.017687071905826,31.049895939087033,jpeg,0,95.0,43.83423157634965,31.932464907978154,31.799807776767473,42.96701229743906,30.974794576262298,30.7730496469651,-11.901766668371497,-11.992217721176765
122.png,32.017687071905826,31.049895939087033,jpeg,1,85.0,39.26941515402036,32.10564747714728,32.35797271458843,37.98057790632391,31.19041932581512,31.409839078455583,-7.1637676768730785,-6.790158580508788
122.png,32.017687071905826,31.049895939087033,jpeg,2,75.0,37.896029620953676,32.25172919486817,32.836024975021424,36.53782614552352,31.231027447632496,31.897926960934445,-5.644300426085508,-5.306798697891022
122.png,32.017687071905826,31.049895939087033,jpeg,3,65.0,37.09904135144731,32.317557609465574,33.06946058544301,35.79210956062566,31.339336793858948,32.26717565502253,-4.781483741981738,-4.452772766766714
122.png,32.017687071905826,31.049895939087033,jpeg,4,55.0,36.389716116202685,32.404710048802926,33.303274043156755,35.21471365314081,31.52979180131561,32.63415130663334,-3.985006067399759,-3.6849218518252016
122.png,32.017687071905826,31.049895939087033,jpeg,5,45.0,35.79532212472296,32.601504750926765,33.7941543708405,34.682071742020845,31.67583809215877,33.09695876221116,-3.1938173737961932,-3.006233649862075
122.png,32.017687071905826,31.049895939087033,jpeg,6,35.0,35.1102103452553,32.76864677900142,34.4357407180827,33.99368909004409,31.76778566103031,33.59466615591244,-2.3415635662538747,-2.2259034290137834
122.png,32.017687071905826,31.049895939087033,jpeg,7,25.0,34.266875732959285,32.79185264124463,35.45738915987116,33.247945535336875,31.921382027295756,35.2078111413087,-1.4750230917146538,-1.3265635080411187
122.png,32.017687071905826,31.049895939087033,jpeg,8,15.0,32.90725847289042,32.52166272820197,36.46093228542257,31.996106061852064,31.575474303090246,36.36057633204738,-0.3855957446884517,-0.420631758761818
122.png,32.017687071905826,31.049895939087033,jpeg,9,5.0,28.954304357577172,29.003692802066546,34.396383841287104,28.211985563469334,28.07743048452856,35.36769091414136,0.04938844448937374,-0.13455507894077456
122.png,32.017687071905826,31.049895939087033,blur,0,1.0,inf,32.01771549504666,32.01771549504666,inf,31.049923259021767,31.049923259021767,-inf,-inf
122.png,32.017687071905826,31.049895939087033,blur,1,5.0,33.470804747105994,33.066795944332966,39.81143325382394,35.153593302170016,33.02765854597328,40.66797131804722,-0.40400880277302775,-2.1259347561967346
122.png,32.017687071905826,31.049895939087033,blur,2,9.0,31.170109663881505,31.289452760996884,44.79775764025349,33.28883860300713,32.68514566765574,46.23621539507647,0.11934309711537949,-0.6036929353513898
122.png,32.017687071905826,31.049895939087033,blur,3,11.0,30.541643296209674,30.587070228018195,46.142662060967595,32.83992175688183,32.408775163522854,47.583783376602746,0.045426931808520976,-0.43114659335897443
122.png,32.017687071905826,31.049895939087033,blur,4,15.0,29.51049947428974,29.478391514838922,47.27123067191303,32.08862692300015,31.796792041665643,49.11787929590501,-0.032107959450819124,-0.2918348813345055
122.png,32.017687071905826,31.049895939087033,blur,5,19.0,28.695566781746162,28.641695522183102,47.2419714004256,31.45812646136828,31.22789455605914,50.72919711424895,-0.05387125956305994,-0.2302319053091395
122.png,32.017687071905826,31.049895939087033,blur,6,21.0,28.392099353882642,28.338224256912035,47.092445882236156,31.194359776299578,30.9850812218629,51.58195766884586,-0.05387509697060722,-0.2092785544366791
122.png,32.017687071905826,31.049895939087033,blur,7,25.0,27.740886867069833,27.748526425382757,46.20627605704939,30.644050823090147,30.513912249098833,53.71925016239555,0.007639558312924066,-0.13013857399131368
122.png,32.017687071905826,31.049895939087033,blur,8,29.0,27.19321774446582,27.278941124050494,44.299661299254005,30.15972775579646,30.12052312637632,53.95600258581106,0.08572337958467457,-0.03920462942014069
122.png,32.017687071905826,31.049895939087033,blur,9,31.0,26.926663685016795,27.044094550597784,43.38238459217892,29.93452169921392,29.93827079785664,53.03020265923615,0.11743086558098881,0.003749098642717996
123.png,35.0454454237447,37.507298272085166,poisson,0,1.0,27.132575300549302,28.695821444035907,25.254355871202783,29.023074833081285,31.44374539585734,27.515348960502063,1.5632461434866052,2.4206705627760563
123.png,35.0454454237447,37.507298272085166,poisson,1,0.8944444444444445,26.618168448536604,27.696390441212003,24.540912245773786,28.530281780268556,30.835796155951535,27.098118998890545,1.0782219926753989,2.3055143756829786
123.png,35.0454454237447,37.507298272085166,poisson,2,0.7888888888888889,26.099525809411674,27.737904115019735,24.261382031048512,27.884712306762953,30.39926435612702,26.457932144969817,1.638378305608061,2.5145520493640667
123.png,35.0454454237447,37.507298272085166,poisson,3,0.6833333333333333,25.488308612045444,27.559888562367163,23.83726183779014,27.33228092287332,30.021140037977823,25.847277894835216,2.07157995032172,2.6888591151045027
123.png,35.0454454237447,37.507298272085166,poisson,4,0.5777777777777777,24.777950975799996,26.897886661380596,23.131857978238244,26.485418952712408,29.834403002008898,25.286868402100918,2.1199356855806,3.34898404929649
123.png,35.0454454237447,37.507298272085166,poisson,5,0.4722222222222222,23.94864208345785,26.442772078200385,22.467854142271758,25.736969559614252,29.203845902960527,24.605768168719475,2.494129994742533,3.466876343346275
123.png,35.0454454237447,37.507298272085166,poisson,6,0.3666666666666667,22.89032424393531,25.600978262317476,21.501197927389768,24.67031084001649,28.523563631234623,23.582113070447708,2.710654018382165,3.8532527912181322
123.png,35.0454454237447,37.507298272085166,poisson,7,0.26111111111111107,21.50382876947568,24.733722758282358,20.332222073178944,23.157852083345496,27.62141268835339,22.36501057008343,3.2298939888066798,4.4635606050078955
123.png,35.0454454237447,37.507298272085166,poisson,8,0.15555555555555556,19.40039279384941,23.588760607788114,18.522519329136095,20.95776174593147,26.277648191817107,20.3961509242898,4.188367813938704,5.319886445885636
123.png,35.0454454237447,37.507298272085166,poisson,9,0.05,14.931922252063279,21.320398781044997,14.608070981928133,15.983601603374563,23.0491017665193,15.759886879038172,6.388476528981718,7.065500163144737
123.png,35.0454454237447,37.507298272085166,jpeg,0,95.0,46.92765153031814,35.035202373069374,35.064036053858565,46.082034499623205,37.30364073318616,37.3449158060944,-11.892449157248763,-8.778393766437048
123.png,35.0454454237447,37.507298272085166,jpeg,1,85.0,44.10886301501329,35.30856343724124,35.556381461470714,43.289820398252594,37.480495642089835,38.02358242326604,-8.800299577772051,-5.809324756162759
123.png,35.0454454237447,37.507298272085166,jpeg,2,75.0,42.659957857771296,35.20182113555799,35.53584831668238,42.0121314659947,37.689579005341706,38.402080557968226,-7.458136722213304,-4.322552460652993
123.png,35.0454454237447,37.507298272085166,jpeg,3,65.0,41.72154563767437,34.96655911635837,35.40070890020105,41.1824904967752,37.622794896959654,38.56293152208782,-6.754986521315999,-3.559695599815548
123.png,35.0454454237447,37.507298272085166,jpeg,4,55.0,40.876320674465845,35.415516134996864,36.03136947081546,40.39394637015423,37.33485212783536,38.53131609212368,-5.460804539468981,-3.0590942423188707
123.png,35.0454454237447,37.507298272085166,jpeg,5,45.0,40.17976638514049,35.34204351876108,35.98185532262412,39.80713416003672,37.37070467265751,38.66379599534761,-4.8377228663794085,-2.4364294873792076
123.png,35.0454454237447,37.507298272085166,jpeg,6,35.0,39.223837134044835,35.34970455031699,36.29130638027024,38.966655263797904,37.17388372812627,38.64531227235298,-3.8741325837278424,-1.7927715356716334
123.png,35.0454454237447,37.507298272085166,jpeg,7,25.0,38.033356182368216,35.01223289788149,36.456741257767206,37.660614955963545,36.71411896837145,38.59223269563096,-3.021123284486727,-0.946495987592094
123.png,35.0454454237447,37.507298272085166,jpeg,8,15.0,35.87604671646767,34.357448109738705,36.034312316317866,35.55051269693833,35.55954422205235,38.42789404420649,-1.5185986067289647,0.009031525114025385
123.png,35.0454454237447,37.507298272085166,jpeg,9,5.0,30.178234186300838,29.8548056263185,34.32363610910498,29.812123221882537,29.799543078493336,35.60698269589582,-0.3234285599823359,-0.01258014338920077
123.png,35.0454454237447,37.507298272085166,blur,0,1.0,inf,35.04530782668052,35.04530782668052,inf,37.50708615772801,37.50708615772801,-inf,-inf
123.png,35.0454454237447,37.507298272085166,blur,1,5.0,33.638098554343244,32.96753154747294,40.02022603205033,42.21054185618807,38.48984604783149,41.1118365723788,-0.6705670068703071,-3.720695808356581
123.png,35.0454454237447,37.507298272085166,blur,2,9.0,31.564332415357686,31.518270743798382,40.86374327452785,39.19729964644564,38.25636227473076,41.70418617443471,-0.046061671559304074,-0.940937371714881
123.png,35.0454454237447,37.507298272085166,blur,3,11.0,31.011615841641973,30.978745894061532,40.876247769121946,38.1512222397015,37.87845902149678,41.69454423309055,-0.032869947580440595,-0.27276321820471594
123.png,35.0454454237447,37.507298272085166,blur,4,15.0,30.059239277252544,30.058166467456225,40.79519190881289,36.2045031096883,36.72089960936881,41.84133297366422,-0.0010728097963195182,0.5163964996805106
123.png,35.0454454237447,37.507298272085166,blur,5,19.0,29.27572008346778,29.32565730205293,41.1248013510572,34.51950711576848,35.26694751150487,42.65069690933599,0.04993721858514988,0.7474403957363904
123.png,35.0454454237447,37.507298272085166,blur,6,21.0,28.975778383783336,29.032620284751577,41.4349622820489,33.80230983662961,34.523435556395924,43.29179367240716,0.05684190096824082,0.721125719766313
123.png,35.0454454237447,37.507298272085166,blur,7,25.0,28.314714159669037,28.442893515857786,42.80031109569335,32.42775533694213,32.913199124810845,45.707365664780006,0.12817935618874898,0.4854437878687179
123.png,35.0454454237447,37.507298272085166,blur,8,29.0,27.79507543127396,27.907423717029932,45.24422458453802,31.30726381089343,31.433107854980594,49.980032198077595,0.11234828575597078,0.1258440440871631
123.png,35.0454454237447,37.507298272085166,blur,9,31.0,27.54145497082738,27.64788603021147,46.7013322893337,30.834618416256518,30.77277009150867,52.45113140609721,0.10643105938408937,-0.061848324747849404
124.png,29.40311654643578,31.213791724848633,poisson,0,1.0,26.356876710657478,25.94502830375275,23.479368912748946,26.826566141947378,27.43151846803592,24.475701674310244,-0.4118484069047277,0.6049523260885437
124.png,29.40311654643578,31.213791724848633,poisson,1,0.8944444444444445,25.84271695712448,25.807846674186155,23.16081795469881,26.256826783443046,27.685164596897486,24.203969667323374,-0.03487028293832495,1.4283378134544407
124.png,29.40311654643578,31.213791724848633,poisson,2,0.7888888888888889,25.299649209784366,25.654603843247482,22.845504669135615,25.693323593002525,27.280491362767194,23.868297917319417,0.35495463346311595,1.587167769764669
124.png,29.40311654643578,31.213791724848633,poisson,3,0.6833333333333333,24.701303858841857,25.26171162145344,22.34051475211615,25.233388904741886,26.84960049877676,23.311932429819343,0.5604077626115824,1.6162115940348727
124.png,29.40311654643578,31.213791724848633,poisson,4,0.5777777777777777,23.956346878513557,24.880498640361637,21.78588705086152,24.369612258753243,26.509003984826297,22.76044721285964,0.9241517618480799,2.139391726073054
124.png,29.40311654643578,31.213791724848633,poisson,5,0.4722222222222222,23.07562610689211,24.447197246341005,21.119096750863587,23.500113572517755,25.906144244933174,21.977376332995057,1.3715711394488963,2.406030672415419
124.png,29.40311654643578,31.213791724848633,poisson,6,0.3666666666666667,22.003640179806446,24.053472544055655,20.352526177857154,22.39302097762753,25.469813345043278,21.162130263905286,2.049832364249209,3.0767923674157487
124.png,29.40311654643578,31.213791724848633,poisson,7,0.26111111111111107,20.54360757731471,23.422849780155737,19.202170705705328,20.988523190072197,24.933659477516628,20.02609843777305,2.879242202841027,3.9451362874444307
124.png,29.40311654643578,31.213791724848633,poisson,8,0.15555555555555556,18.394453187166583,22.46107164730031,17.441928736438854,18.738426981720878,23.7881129987065,18.00726936966518,4.0666184601337285,5.049686016985621
124.png,29.40311654643578,31.213791724848633,poisson,9,0.05,13.94252671918151,20.46738872370723,13.56209069601412,14.24662649403825,21.3201860656931,13.95840541839248,6.524862004525721,7.073559571654851
124.png,29.40311654643578,31.213791724848633,jpeg,0,95.0,43.33461918180133,29.35278434035606,29.28330864432411,43.09627152218578,31.15344812948383,30.990977720156984,-13.98183484144527,-11.94282339270195
124.png,29.40311654643578,31.213791724848633,jpeg,1,85.0,38.626023157518524,29.3781502561839,29.581592725310735,38.10556553645936,31.199659950275368,31.553292867284675,-9.247872901334624,-6.905905586183991
124.png,29.40311654643578,31.213791724848633,jpeg,2,75.0,37.235035081969784,29.44442816995194,29.82099399808743,36.75865522143728,31.412009294749886,32.04182961875848,-7.790606912017843,-5.346645926687394
124.png,29.40311654643578,31.213791724848633,jpeg,3,65.0,36.391053295192634,29.501061557351665,29.97035210730445,35.98766425891349,31.501579191671347,32.37404263695836,-6.889991737840969,-4.4860850672421435
124.png,29.40311654643578,31.213791724848633,jpeg,4,55.0,35.67543539763702,29.631948650234303,30.23028480897767,35.31736493009182,31.57716962328852,32.60556777217095,-6.043486747402714,-3.740195306803301
124.png,29.40311654643578,31.213791724848633,jpeg,5,45.0,35.102143185529094,29.748545178783306,30.53271408230795,34.776034960564985,31.578648826293744,32.853951322584976,-5.353598006745788,-3.197386134271241
124.png,29.40311654643578,31.213791724848633,jpeg,6,35.0,34.44978654545358,29.8970973265569,30.928976336945695,34.19360725274639,31.736785721803493,33.50577121467444,-4.552689218896678,-2.4568215309428965
124.png,29.40311654643578,31.213791724848633,jpeg,7,25.0,33.520532458086436,30.025146371165246,31.43143557928405,33.347786861266115,31.756926207738854,34.162050024112574,-3.49538608692119,-1.5908606535272618
124.png,29.40311654643578,31.213791724848633,jpeg,8,15.0,32.22202534048607,29.869414987191885,32.50000530146632,32.11736787901056,31.399269970339407,35.673662538271685,-2.3526103532941853,-0.718097908671151
124.png,29.40311654643578,31.213791724848633,jpeg,9,5.0,28.49131449133161,26.891427642048626,30.03013714248744,28.42478166236161,28.07900296974832,34.503208638928676,-1.599886849282985,-0.3457786926132904
124.png,29.40311654643578,31.213791724848633,blur,0,1.0,inf,29.4031335783778,29.4031335783778,inf,31.213815248288114,31.213815248288114,-inf,-inf
124.png,29.40311654643578,31.213791724848633,blur,1,5.0,29.97324454834653,29.383545807260067,39.09005563251715,35.21654532087487,32.921027213123054,39.6047749306575,-0.5896987410864618,-2.2955181077518176
124.png,29.40311654643578,31.213791724848633,blur,2,9.0,28.202249866412412,28.084110843311137,42.22310792951944,33.36736884122237,32.6376804559489,43.81820428815886,-0.11813902310127489,-0.7296883852734695
124.png,29.40311654643578,31.213791724848633,blur,3,11.0,27.805300127505774,27.739499130595444,42.560900377833725,32.91839648371279,32.39391859031853,44.791092693567535,-0.0658009969103297,-0.5244778933942627
124.png,29.40311654643578,31.213791724848633,blur,4,15.0,27.184317121781355,27.255369935263644,42.533625504086146,32.194564316955336,31.82613930780091,45.66639021049599,0.07105281348228942,-0.368425009154425
124.png,29.40311654643578,31.213791724848633,blur,5,19.0,26.7170389524037,26.83990900157653,40.917990955878416,31.590457526367356,31.215907279505668,44.929877004498536,0.12287004917282829,-0.3745502468616877
124.png,29.40311654643578,31.213791724848633,blur,6,21.0,26.555378124046555,26.682854644389053,41.532418512296104,31.343381131555972,30.97727773780133,45.434848292265016,0.12747652034249768,-0.36610339375464207
124.png,29.40311654643578,31.213791724848633,blur,7,25.0,26.16894098641191,26.337538572523123,41.36188385422537,30.818785762894542,30.427460560573945,45.375070375626834,0.16859758611121123,-0.39132520232059775
124.png,29.40311654643578,31.213791724848633,blur,8,29.0,25.89958068359156,26.024442540038592,40.88049845096962,30.346687943084724,29.92180252950348,44.955513189283884,0.1248618564470334,-0.42488541358124365
124.png,29.40311654643578,31.213791724848633,blur,9,31.0,25.75027717167284,25.891900378601665,41.68939736257272,30.129681994999782,29.7165268734299,45.57321175063577,0.14162320692882702,-0.41315512156988277
125.png,31.617932504505735,30.82823753039875,poisson,0,1.0,26.587949110564118,28.045149471481785,24.659694660119946,27.536258727679318,28.187801246131336,25.11082474942864,1.4572003609176676,0.6515425184520183
125.png,31.617932504505735,30.82823753039875,poisson,1,0.8944444444444445,26.115766684632405,27.721305435503368,24.27477860457895,26.945172224882143,27.742533116335363,24.672190471194632,1.6055387508709629,0.79736089145322
125.png,31.617932504505735,30.82823753039875,poisson,2,0.7888888888888889,25.56936568793158,27.436735503830842,23.8366647118863,26.40277778744311,27.604380812807506,24.317935990612888,1.8673698158992629,1.2016030253643954
125.png,31.617932504505735,30.82823753039875,poisson,3,0.6833333333333333,24.913774672483427,27.093917317505696,23.35244655836444,25.668934170912635,27.177410794413888,23.67394546144808,2.1801426450222685,1.5084766235012523
125.png,31.617932504505735,30.82823753039875,poisson,4,0.5777777777777777,24.22210664745313,26.72564565712652,22.760898200743902,25.029576206354193,27.10654079883092,23.406005957238758,2.503539009673389,2.0769645924767275
125.png,31.617932504505735,30.82823753039875,poisson,5,0.4722222222222222,23.37050376089514,26.2339488287788,22.042889491238704,24.266432594572752,26.579088816937,22.65912211864731,2.86344506788366,2.3126562223642466
125.png,31.617932504505735,30.82823753039875,poisson,6,0.3666666666666667,22.284348177283814,25.700939471230942,21.15657345881854,23.19282430310985,26.121270942242436,21.86758831192837,3.4165912939471283,2.9284466391325843
125.png,31.617932504505735,30.82823753039875,poisson,7,0.26111111111111107,20.842860143743135,24.780610472037342,19.883458802909637,21.511341343677426,25.245613061539057,20.359232851797493,3.9377503282942072,3.734271717861631
125.png,31.617932504505735,30.82823753039875,poisson,8,0.15555555555555556,18.732050861444627,23.731195136839588,18.077345025209752,19.457777665070655,24.01504035506114,18.76219054177717,4.999144275394961,4.557262689990484
125.png,31.617932504505735,30.82823753039875,poisson,9,0.05,14.250295750409654,21.06098231607318,13.985121594828477,14.586575931277094,21.468194249014708,14.241169705501719,6.810686565663525,6.881618317737614
125.png,31.617932504505735,30.82823753039875,jpeg,0,95.0,43.64268897334371,31.5513824235247,31.425992821997713,43.220687907724695,30.738170413918212,30.57163028334457,-12.09130654981901,-12.482517493806483
125.png,31.617932504505735,30.82823753039875,jpeg,1,85.0,39.04425900571759,31.542386473808357,31.767154753449645,38.18645936590545,30.77206395079857,30.975199353777242,-7.501872531909235,-7.414395415106878
125.png,31.617932504505735,30.82823753039875,jpeg,2,75.0,37.647212402472206,31.61954165258569,32.14988957062802,36.73918599679083,30.954510135228315,31.51667541323752,-6.027670749886518,-5.784675861562516
125.png,31.617932504505735,30.82823753039875,jpeg,3,65.0,36.83004255269368,31.669393654597048,32.37925654689475,35.89721634678479,30.997195752295923,31.668037427984686,-5.160648898096635,-4.900020594488865
125.png,31.617932504505735,30.82823753039875,jpeg,4,55.0,36.15529660278004,31.781826209126777,32.67620037796429,35.274897608588994,31.048913448677432,31.88283856011609,-4.373470393653264,-4.225984159911562
125.png,31.617932504505735,30.82823753039875,jpeg,5,45.0,35.58990785879245,31.879133084083332,32.97448187003925,34.659409364408575,31.034015260286356,32.077650529904844,-3.710774774709119,-3.6253941041222184
125.png,31.617932504505735,30.82823753039875,jpeg,6,35.0,34.94837072081615,31.971610544379292,33.52363512926841,33.95773649327873,31.024627699761062,32.23347971650063,-2.9767601764368585,-2.9331087935176683
125.png,31.617932504505735,30.82823753039875,jpeg,7,25.0,34.12600646501457,32.05080130860591,34.3555098143282,33.10002509183638,30.961605213837768,32.778006053558514,-2.075205156408657,-2.1384198779986114
125.png,31.617932504505735,30.82823753039875,jpeg,8,15.0,32.815861439651776,31.747748300089334,35.26282794199877,31.636116108955314,30.67055671760074,33.721046554706916,-1.068113139562442,-0.9655593913545744
125.png,31.617932504505735,30.82823753039875,jpeg,9,5.0,29.06865280029755,28.515180597507136,34.10021173930853,27.510144121568054,27.4318311850478,32.20855989635314,-0.5534722027904131,-0.0783129365202555
125.png,31.617932504505735,30.82823753039875,blur,0,1.0,inf,31.617925081362543,31.617925081362543,inf,30.828268177480314,30.828268177480314,-inf,-inf
125.png,31.617932504505735,30.82823753039875,blur,1,5.0,32.66838775528493,31.664499684505696,38.11635123774956,34.75237463753999,32.239555826025466,38.616329729037076,-1.0038880707792366,-2.5128188115145207
125.png,31.617932504505735,30.82823753039875,blur,2,9.0,29.57653726956575,29.484491804531135,40.025419930610454,32.27611423547458,31.71440040135989,43.18971739421415,-0.09204546503461586,-0.5617138341146912
125.png,31.617932504505735,30.82823753039875,blur,3,11.0,28.752459054789878,28.48315603916188,40.829330879855505,31.56956349161507,31.261361760757968,44.47348484530459,-0.2693030156279974,-0.30820173085710323
125.png,31.617932504505735,30.82823753039875,blur,4,15.0,27.594985278530405,27.266156262428204,42.07695910277927,30.37411554537283,30.281927376690867,46.61108125794671,-0.32882901610220117,-0.09218816868196456
125.png,31.617932504505735,30.82823753039875,blur,5,19.0,26.801606841169388,26.64090122250872,43.00648965664137,29.380991591377704,29.32364013460241,48.14462821726005,-0.16070561866066768,-0.05735145677529374
125.png,31.617932504505735,30.82823753039875,blur,6,21.0,26.543498572403415,26.464652597327515,43.29963896435381,28.984733700973585,28.908819413406558,48.716318751571386,-0.0788459750759003,-0.07591428756702712
125.png,31.617932504505735,30.82823753039875,blur,7,25.0,26.015825224447603,26.03776918084883,43.2369065632411,28.16592686973088,28.07592346043475,49.11226796024762,0.021943956401226927,-0.09000340929612705
125.png,31.617932504505735,30.82823753039875,blur,8,29.0,25.613410237624382,25.694177792328485,43.1887717445187,27.46207763215545,27.334761963805626,49.2377544668972,0.0807675547041029,-0.12731566834982289
125.png,31.617932504505735,30.82823753039875,blur,9,31.0,25.43045530759935,25.51937744621099,42.96100648132331,27.153646541146642,27.01598363988703,49.21208661335739,0.08892213861163967,-0.13766290125961334
126.png,32.00393338128808,32.67285763752489,poisson,0,1.0,26.44242966137903,27.939217658037556,24.53888370250246,26.378883621226663,27.746231432167676,24.43394417480598,1.4967879966585258,1.3673478109410127
126.png,32.00393338128808,32.67285763752489,poisson,1,0.8944444444444445,25.951212734840038,27.59266740035013,24.12702726498471,25.741922592727917,27.277649673871053,23.80136388137952,1.6414546655100928,1.5357270811431363
126.png,32.00393338128808,32.67285763752489,poisson,2,0.7888888888888889,25.426909888181314,27.333997364623407,23.72023606847098,25.506972010510587,27.200678110293875,23.59650464889402,1.9070874764420935,1.693706099783288
126.png,32.00393338128808,32.67285763752489,poisson,3,0.6833333333333333,24.792272879366067,26.878777103253384,23.154988236411338,24.83169331951606,26.70581400687872,23.059018215045164,2.0865042238873173,1.8741206873626624
126.png,32.00393338128808,32.67285763752489,poisson,4,0.5777777777777777,24.100276060540228,26.678609498226535,22.671198709012042,24.043461855010435,26.402701160898413,22.49243214374546,2.5783334376863074,2.3592393058879786
126.png,32.00393338128808,32.67285763752489,poisson,5,0.4722222222222222,23.23142807862443,26.06915783432143,21.880532762124908,23.205968971131416,25.736234164520717,21.700705077868395,2.8377297556970014,2.530265193389301
126.png,32.00393338128808,32.67285763752489,poisson,6,0.3666666666666667,22.162407121286694,25.524093893559595,21.02104852518093,22.06744866780406,25.438804200665253,20.780000314956403,3.3616867722729005,3.371355532861191
126.png,32.00393338128808,32.67285763752489,poisson,7,0.26111111111111107,20.753062320136163,24.708187886062486,19.806091657282806,20.707099162271405,24.515757140997124,19.605242391539473,3.9551255659263234,3.8086579787257193
126.png,32.00393338128808,32.67285763752489,poisson,8,0.15555555555555556,18.629616354693134,23.645355167789454,17.986170501808154,18.427761068042464,23.38688612422765,17.672462560200536,5.01573881309632,4.9591250561851865
126.png,32.00393338128808,32.67285763752489,poisson,9,0.05,14.200782470494362,21.003956193249106,13.953896551937968,13.880459752670776,21.263821489721707,13.569523800942093,6.803173722754744,7.383361737050931
126.png,32.00393338128808,32.67285763752489,jpeg,0,95.0,44.33051808968437,32.026292551243955,31.968782537261987,44.08345732085171,32.541671190929144,32.41677179915789,-12.304225538440413,-11.541786129922563
126.png,32.00393338128808,32.67285763752489,jpeg,1,85.0,40.312138781714275,32.05145848792438,32.329392496066205,40.06126572139379,32.6780590178621,32.86819273720608,-8.260680293789896,-7.383206703531691
126.png,32.00393338128808,32.67285763752489,jpeg,2,75.0,38.940663855948834,32.12469088649165,32.555527079210314,38.389072343504395,32.83446319129881,33.21309063171331,-6.815972969457185,-5.554609152205586
126.png,32.00393338128808,32.67285763752489,jpeg,3,65.0,38.0518954418853,32.14563736579819,32.743581090060175,37.61716059764212,32.790317361572214,33.33772115578833,-5.906258076087113,-4.826843236069905
126.png,32.00393338128808,32.67285763752489,jpeg,4,55.0,37.30819893411276,32.36510300675707,33.106080357040504,36.94713135852139,32.81247043043684,33.29028449174694,-4.943095927355692,-4.13466092808455
126.png,32.00393338128808,32.67285763752489,jpeg,5,45.0,36.65928389691048,32.41996768236448,33.33597078054251,36.36658772201783,32.85697070775051,33.46766077280395,-4.239316214546001,-3.50961701426732
126.png,32.00393338128808,32.67285763752489,jpeg,6,35.0,35.97590939717798,32.441684803346014,33.71282800230036,35.39437970641884,32.857835565811115,33.660881908276,-3.534224593831965,-2.536544140607724
126.png,32.00393338128808,32.67285763752489,jpeg,7,25.0,34.976173104027,32.39738176903835,34.12117808698119,34.18662505874665,32.65598142605195,33.48608310810634,-2.578791334988651,-1.530643632694698
126.png,32.00393338128808,32.67285763752489,jpeg,8,15.0,33.22469641613332,32.017236287056946,34.85489084046289,32.16652226065099,31.52497815328648,32.69845705989195,-1.2074601290763738,-0.6415441073645134
126.png,32.00393338128808,32.67285763752489,jpeg,9,5.0,29.28628824125665,28.803040413861837,33.08803857829598,27.00914540776051,26.896396269537206,30.88308654632154,-0.48324782739481265,-0.1127491382233039
126.png,32.00393338128808,32.67285763752489,blur,0,1.0,inf,32.003956831514,32.003956831514,inf,32.67278373663393,32.67278373663393,-inf,-inf
126.png,32.00393338128808,32.67285763752489,blur,1,5.0,32.632689968174894,31.066706122982588,37.627254476489654,36.153848136875524,33.109382328315164,38.53692708202116,-1.5659838451923065,-3.0444658085603606
126.png,32.00393338128808,32.67285763752489,blur,2,9.0,29.186146206698844,28.6684173252138,39.37408236359997,32.493243303958465,31.353069814723696,41.269721746795526,-0.5177288814850449,-1.140173489234769
126.png,32.00393338128808,32.67285763752489,blur,3,11.0,28.264486319432795,27.78685025867223,39.49070520647798,31.42425704831843,30.54287031870316,42.01100542039421,-0.4776360607605632,-0.8813867296152722
126.png,32.00393338128808,32.67285763752489,blur,4,15.0,26.965470507206927,26.703708875648037,39.81714260277925,29.69880954162457,28.966918317230807,42.982170783324506,-0.26176163155889043,-0.7318912243937632
126.png,32.00393338128808,32.67285763752489,blur,5,19.0,26.096309798654104,26.056057401626916,39.90444314271257,28.352877266852406,27.622963910688284,43.36161299787861,-0.040252397027188636,-0.729913356164122
126.png,32.00393338128808,32.67285763752489,blur,6,21.0,25.815894360621428,25.851235445193602,40.066975324929956,27.81611957703964,27.096415868369668,43.55102885669325,0.035341084572174,-0.7197037086699716
126.png,32.00393338128808,32.67285763752489,blur,7,25.0,25.240969108607064,25.35056071546814,41.188684914129404,26.802457359663077,26.156190479346574,44.43158519911893,0.10959160686107694,-0.646266880316503
126.png,32.00393338128808,32.67285763752489,blur,8,29.0,24.788009742480636,24.926248993027883,42.44776773875439,25.980626401203615,25.406388739468547,45.304710304830664,0.1382392505472474,-0.5742376617350686
126.png,32.00393338128808,32.67285763752489,blur,9,31.0,24.58001665857069,24.718540561870277,43.15201022794021,25.63933347016027,25.105173472849124,45.83174906259198,0.13852390329958908,-0.5341599973111464
127.png,33.51229449422152,33.349272913748436,poisson,0,1.0,27.133632317062492,28.81827429527616,25.298497318169723,27.757486921195206,29.068133624716577,25.697096107536673,1.6846419782136692,1.3106467035213711
127.png,33.51229449422152,33.349272913748436,poisson,1,0.8944444444444445,26.614325939814414,28.42793096629309,24.879090041875646,27.180555925100315,28.590781565559027,25.242583043519886,1.813605026478676,1.4102256404587123
127.png,33.51229449422152,33.349272913748436,poisson,2,0.7888888888888889,26.10461529024822,28.11685114816076,24.443350896041164,26.713221704524237,28.593467670856676,24.877594537247237,2.0122358579125397,1.8802459663324385
127.png,33.51229449422152,33.349272913748436,poisson,3,0.6833333333333333,25.47269607592703,27.727563731259014,23.93321906071911,26.04043873829305,27.996140014886734,24.296857685142392,2.254867655331985,1.9557012765936825
127.png,33.51229449422152,33.349272913748436,poisson,4,0.5777777777777777,24.763733678475177,27.47210181493927,23.37893503619119,25.33991509429939,27.64057450321588,23.75342136412268,2.7083681364640917,2.3006594089164913
127.png,33.51229449422152,33.349272913748436,poisson,5,0.4722222222222222,23.90791363558224,26.79479146435223,22.580533777987824,24.394067181417782,26.827929643522598,22.71957335868027,2.8868778287699897,2.433862462104816
127.png,33.51229449422152,33.349272913748436,poisson,6,0.3666666666666667,22.809699687890056,26.215151358924196,21.680595007824685,23.385695188117623,26.559198456464507,22.031305835111734,3.4054516710341396,3.1735032683468845
127.png,33.51229449422152,33.349272913748436,poisson,7,0.26111111111111107,21.393595988182167,25.35877167665049,20.443550807195145,21.845938333861476,25.748991696222205,20.739515395811807,3.9651756884683245,3.9030533623607297
127.png,33.51229449422152,33.349272913748436,poisson,8,0.15555555555555556,19.223330687829538,24.221024599402455,18.577732984507954,19.636248560888895,24.29695070432299,18.907901060550248,4.997693911572917,4.660702143434097
127.png,33.51229449422152,33.349272913748436,poisson,9,0.05,14.78083800869118,21.65256701755727,14.529560687321734,14.816827726751232,21.908107754194695,14.547348462601457,6.87172900886609,7.091280027443464
127.png,33.51229449422152,33.349272913748436,jpeg,0,95.0,44.49664676381544,33.39434627354904,33.30144243018317,44.06348751400653,33.28411922365897,33.13164849651557,-11.102300490266401,-10.779368290347563
127.png,33.51229449422152,33.349272913748436,jpeg,1,85.0,40.56069042641334,33.54475933517017,33.87221782669997,39.94832152952148,33.43578683230631,33.5838649167558,-7.015931091243168,-6.512534697215166
127.png,33.51229449422152,33.349272913748436,jpeg,2,75.0,39.22420152037104,33.557448409216505,34.10488117516378,38.48360726871103,33.47976929922219,34.041949794776734,-5.666753111154534,-5.003837969488842
127.png,33.51229449422152,33.349272913748436,jpeg,3,65.0,38.37275087242483,33.6035724408353,34.33363362775194,37.68266898372819,33.44902805106108,34.08274660362355,-4.7691784315895305,-4.2336409326671145
127.png,33.51229449422152,33.349272913748436,jpeg,4,55.0,37.67149067351523,33.73544426914493,34.778115839257254,36.93926742087357,33.599869906801175,34.51774825684375,-3.936046404370302,-3.3393975140723953
127.png,33.51229449422152,33.349272913748436,jpeg,5,45.0,37.08726988917779,33.847089465505825,35.12655683046068,36.41018288184557,33.7501113622294,34.9912945145939,-3.2401804236719656,-2.6600715196161744
127.png,33.51229449422152,33.349272913748436,jpeg,6,35.0,36.41422121836686,33.762594596460644,35.45316334584501,35.71627564849893,33.64833071020315,35.248711678724604,-2.6516266219062175,-2.0679449382957813
127.png,33.51229449422152,33.349272913748436,jpeg,7,25.0,35.52921850021734,33.91442631076431,36.42814041945091,34.67539168259056,33.50509728784723,35.69014040562759,-1.614792189453027,-1.1702943947433297
127.png,33.51229449422152,33.349272913748436,jpeg,8,15.0,33.96458350588463,33.300308050608145,36.68440196055724,33.11100413019377,32.82781102450557,36.24557164634979,-0.6642754552764885,-0.28319310568819844
127.png,33.51229449422152,33.349272913748436,jpeg,9,5.0,29.9077431810572,29.73978138578534,35.655355548932725,28.73692213297361,28.719573471884885,34.677353467065366,-0.16796179527186084,-0.017348661088725237
127.png,33.51229449422152,33.349272913748436,blur,0,1.0,inf,33.51224210478137,33.51224210478137,inf,33.3492728622139,33.3492728622139,-inf,-inf
127.png,33.51229449422152,33.349272913748436,blur,1,5.0,33.91787340038323,33.16553776844262,40.36460287654512,37.058058006887165,34.53541501652677,41.32021581653269,-0.7523356319406105,-2.5226429903603957
127.png,33.51229449422152,33.349272913748436,blur,2,9.0,30.62554375317058,30.717365845459184,44.1548615938591,34.32512877251411,33.67050827107525,45.94199298916515,0.09182209228860572,-0.6546205014388633
127.png,33.51229449422152,33.349272913748436,blur,3,11.0,29.752446002671867,29.700384799399107,45.699481939682876,33.53196632516611,33.13741460169064,47.460807780887045,-0.05206120327276054,-0.3945517234754732
127.png,33.51229449422152,33.349272913748436,blur,4,15.0,28.531319163057777,28.447025837529626,47.20335508763729,32.215755179646884,32.04065834210017,49.678140354962366,-0.08429332552815083,-0.17509683754671101
127.png,33.51229449422152,33.349272913748436,blur,5,19.0,27.740852337923947,27.740614907611224,47.130673472296685,31.06900223944279,30.961490618635324,50.948846340487215,-0.0002374303127226085,-0.10751162080746468
127.png,33.51229449422152,33.349272913748436,blur,6,21.0,27.49705418826011,27.531536757872935,47.72551377133336,30.59772820118642,30.434509198340734,51.33475598233828,0.03448256961282681,-0.16321900284568613
127.png,33.51229449422152,33.349272913748436,blur,7,25.0,27.00174437283942,27.040929312419753,47.12950606958282,29.64244161504368,29.512554150663238,51.88547264547939,0.03918493958033409,-0.12988746438044174
127.png,33.51229449422152,33.349272913748436,blur,8,29.0,26.634484674132246,26.678161007505032,48.138993692631544,28.84263099339016,28.626591945379047,52.08415479663277,0.04367633337278676,-0.21603904801111184
127.png,33.51229449422152,33.349272913748436,blur,9,31.0,26.466877056891175,26.503164747418424,47.98842182439447,28.486553764273065,28.285061176580708,52.35499396510399,0.03628769052724934,-0.201492587692357
128.png,31.975221486306733,32.37226515347872,poisson,0,1.0,26.736863827333394,27.976579804270784,24.730842665841838,27.726306043856287,28.570062951000473,25.535351043672755,1.23971597693739,0.8437569071441864
128.png,31.975221486306733,32.37226515347872,poisson,1,0.8944444444444445,26.205867231733826,27.720261466593563,24.32939252407655,27.126072246276074,28.496846263039064,25.10274130066428,1.5143942348597363,1.37077401676299
128.png,31.975221486306733,32.37226515347872,poisson,2,0.7888888888888889,25.67232509718285,27.293736668681724,23.855068525845795,26.49232819129596,28.091330799264135,24.540669750981365,1.621411571498875,1.599002607968174
128.png,31.975221486306733,32.37226515347872,poisson,3,0.6833333333333333,25.058772009154133,26.89792036611554,23.337535879241127,25.91851360511701,27.86847053157676,24.07752689542972,1.839148356961406,1.9499569264597518
128.png,31.975221486306733,32.37226515347872,poisson,4,0.5777777777777777,24.324992385198755,26.493219454992314,22.74583073702114,25.218537150967798,27.53166575045702,23.67908284256658,2.1682270697935593,2.3131285994892217
128.png,31.975221486306733,32.37226515347872,poisson,5,0.4722222222222222,23.441412248908104,25.97046986796387,22.01753134888103,24.424325361931803,26.869421569618012,22.889873228118557,2.5290576190557665,2.445096207686209
128.png,31.975221486306733,32.37226515347872,poisson,6,0.3666666666666667,22.372628574742734,25.311247653932313,21.087122908516022,23.31683667838893,26.370346942745098,21.962865772588845,2.9386190791895785,3.0535102643561665
128.png,31.975221486306733,32.37226515347872,poisson,7,0.26111111111111107,20.92334107666749,24.37054113305222,19.819406222254624,21.729761717116226,25.348544911879003,20.664403666769733,3.4472000563847303,3.618783194762777
128.png,31.975221486306733,32.37226515347872,poisson,8,0.15555555555555556,18.703186156355333,23.320068205349273,17.941637708362276,19.606536261624466,24.457260017082064,18.862631484898827,4.61688204899394,4.850723755457597
128.png,31.975221486306733,32.37226515347872,poisson,9,0.05,14.140944576718136,21.091723817220952,13.850260518426099,14.71057231836622,22.10513755686138,14.41588680681521,6.950779240502817,7.39456523849516
128.png,31.975221486306733,32.37226515347872,jpeg,0,95.0,43.95714836274522,31.91454166821062,31.83125388077089,43.56780514910796,32.28676011677288,32.17467291643881,-12.042606694534602,-11.28104503233508
128.png,31.975221486306733,32.37226515347872,jpeg,1,85.0,39.82356847300566,32.024692683709894,32.3119519483297,39.044204989378684,32.262377942207735,32.60979751332648,-7.798875789295764,-6.78182704717095
128.png,31.975221486306733,32.37226515347872,jpeg,2,75.0,38.47964127508436,32.126596679434655,32.613580987377226,37.69718362740533,32.400879989462275,33.1401417580052,-6.353044595649706,-5.296303637943055
128.png,31.975221486306733,32.37226515347872,jpeg,3,65.0,37.622308628638066,32.18622474498876,32.846072067185965,36.92399599758088,32.544124581256305,33.34331562788591,-5.436083883649303,-4.379871416324576
128.png,31.975221486306733,32.37226515347872,jpeg,4,55.0,36.93449740280279,32.23011257545318,33.095324983052436,36.237774964151875,32.53221431789759,33.50723128890787,-4.704384827349614,-3.705560646254284
128.png,31.975221486306733,32.37226515347872,jpeg,5,45.0,36.364816744342484,32.315309112690024,33.364529834860114,35.662818585965965,32.513329901479175,33.33768466059112,-4.04950763165246,-3.1494886844867906
128.png,31.975221486306733,32.37226515347872,jpeg,6,35.0,35.71211907909224,32.40773312675983,33.829105687132845,34.823296870197474,32.478103993930944,33.80045926663679,-3.30438595233241,-2.3451928762665304
128.png,31.975221486306733,32.37226515347872,jpeg,7,25.0,34.85072173004904,32.42511919900351,34.64940071224834,33.885723493346475,32.17811259675645,34.216981817992156,-2.425602531045527,-1.707610896590026
128.png,31.975221486306733,32.37226515347872,jpeg,8,15.0,33.571080249849174,32.01886542107673,35.28411395197011,32.31691465788507,31.435549022211863,34.23213482917688,-1.552214828772442,-0.8813656356732089
128.png,31.975221486306733,32.37226515347872,jpeg,9,5.0,29.808261433062118,28.897692257927808,33.88697320780219,27.67228302016679,27.5185813066375,32.18384854401708,-0.9105691751343095,-0.15370171352929063
128.png,31.975221486306733,32.37226515347872,blur,0,1.0,inf,31.975165017587276,31.975165017587276,inf,32.3722572776873,32.3722572776873,-inf,-inf
128.png,31.975221486306733,32.37226515347872,blur,1,5.0,32.335808943680526,31.71711633766836,39.90949951787887,35.90963236983034,33.64844725383901,40.05988045363341,-0.6186926060121642,-2.2611851159913314
128.png,31.975221486306733,32.37226515347872,blur,2,9.0,30.352670434584898,30.47966415153702,42.440386740347165,33.14323295309207,32.77931359814819,43.97165580935473,0.12699371695212136,-0.3639193549438744
128.png,31.975221486306733,32.37226515347872,blur,3,11.0,29.882749864332013,30.00779781062345,43.19125753156678,32.31446643488535,32.24792277765415,45.22052266383457,0.12504794629143845,-0.06654365723119327
128.png,31.975221486306733,32.37226515347872,blur,4,15.0,29.143461177151934,29.27815198157376,44.23839787117892,30.908189085326025,31.06369400962715,47.395871694015085,0.13469080442182602,0.15550492430112328
128.png,31.975221486306733,32.37226515347872,blur,5,19.0,28.580706113647384,28.716343443765,44.21448803195516,29.713577467594938,29.912172785884195,48.564571190696384,0.13563733011761414,0.19859531828925725
128.png,31.975221486306733,32.37226515347872,blur,6,21.0,28.379295287230825,28.503129669502716,43.44188814102513,29.209762418971764,29.457874156128625,48.33193181522165,0.12383438227189103,0.24811173715686152
128.png,31.975221486306733,32.37226515347872,blur,7,25.0,27.917492397119386,28.055195216032452,43.54725410223975,28.191643011842054,28.380049467832855,49.355415539528906,0.13770281891306624,0.1884064559908012
128.png,31.975221486306733,32.37226515347872,blur,8,29.0,27.564464938936407,27.67118274750303,42.57869667164124,27.290106851952274,27.477698882108754,49.10732360181441,0.10671780856662139,0.1875920301564804
128.png,31.975221486306733,32.37226515347872,blur,9,31.0,27.38033928261381,27.489307456646333,43.157597087070094,26.903118605766814,27.028415668943182,50.01582966531771,0.10896817403252257,0.1252970631763688
129.png,30.92225638211169,32.29054507991186,poisson,0,1.0,26.419525507962597,27.017832222434635,24.070276002377224,26.853514891210004,27.89415749541814,24.65768868987442,0.598306714472038,1.0406426042081343
129.png,30.92225638211169,32.29054507991186,poisson,1,0.8944444444444445,25.950057875173425,26.898497052463703,23.7869548923336,26.429821845495272,27.650736279288584,24.38894411738284,0.9484391772902789,1.220914433793311
129.png,30.92225638211169,32.29054507991186,poisson,2,0.7888888888888889,25.395819034541187,26.58697764407185,23.355170822957902,25.88795674005165,27.50717477231504,23.908285965451476,1.1911586095306639,1.6192180322633902
129.png,30.92225638211169,32.29054507991186,poisson,3,0.6833333333333333,24.748857735278428,26.303540874582687,22.869733765477,25.292453551996932,27.311906766857188,23.5161337867222,1.5546831393042595,2.019453214860256
129.png,30.92225638211169,32.29054507991186,poisson,4,0.5777777777777777,24.05985468217651,25.818521034965443,22.294438110104796,24.5709701873781,26.724795654122854,22.930941046654763,1.7586663527889321,2.1538254667447525
129.png,30.92225638211169,32.29054507991186,poisson,5,0.4722222222222222,23.181696471699947,25.419791216484295,21.611058599776626,23.60603680302912,26.30948238649086,22.167645186078882,2.2380947447843482,2.7034455834617397
129.png,30.92225638211169,32.29054507991186,poisson,6,0.3666666666666667,22.114759570976396,24.869617888064255,20.751800152137005,22.597179894050868,25.823541795471,21.295293056326305,2.7548583170878587,3.226361901420134
129.png,30.92225638211169,32.29054507991186,poisson,7,0.26111111111111107,20.680289991401736,24.178491321750787,19.568582512218523,21.034279336914366,24.91318989044984,20.030991191327033,3.498201330349051,3.878910553535473
129.png,30.92225638211169,32.29054507991186,poisson,8,0.15555555555555556,18.535674668674456,23.274478065842853,17.797741335791002,18.86361154050624,24.208619342908925,18.23048366672314,4.738803397168397,5.345007802402684
129.png,30.92225638211169,32.29054507991186,poisson,9,0.05,14.13618265642662,21.27418188603891,13.89482656333621,14.22743002796787,22.017556989027184,13.964617726856961,7.137999229612291,7.790126961059315
129.png,30.92225638211169,32.29054507991186,jpeg,0,95.0,44.2561745567789,30.876376590330583,30.82878516332251,43.91378965674289,32.21240658562168,32.0727464100016,-13.379797966448319,-11.701383071121214
129.png,30.92225638211169,32.29054507991186,jpeg,1,85.0,40.217976179715095,30.988393315864776,31.196617632495197,39.65777237968687,32.41927692525088,32.622687354796426,-9.229582863850318,-7.238495454435991
129.png,30.92225638211169,32.29054507991186,jpeg,2,75.0,38.82200539909674,30.961266322281787,31.3019542326599,38.23880205805382,32.4841805025889,33.00327076502214,-7.860739076814951,-5.754621555464922
129.png,30.92225638211169,32.29054507991186,jpeg,3,65.0,37.937903179386645,31.11305787988382,31.574538165163982,37.405313808636485,32.43379987406086,33.01088066339658,-6.824845299502826,-4.971513934575626
129.png,30.92225638211169,32.29054507991186,jpeg,4,55.0,37.20714850558729,31.263709888205366,31.879530006511125,36.68909796612213,32.498644289100845,33.23641885898117,-5.943438617381926,-4.1904536770212815
129.png,30.92225638211169,32.29054507991186,jpeg,5,45.0,36.599454507301175,31.289054749827972,31.99794751575866,36.0306800558857,32.441956038691416,33.3324012432173,-5.310399757473203,-3.588724017194288
129.png,30.92225638211169,32.29054507991186,jpeg,6,35.0,35.86041125909298,31.31662392808943,32.2468395564297,35.256083766858325,32.52370880226288,33.6805405785293,-4.543787331003546,-2.7323749645954436
129.png,30.92225638211169,32.29054507991186,jpeg,7,25.0,34.87501756786194,31.249751377250128,32.63995181574073,34.34471340163961,32.2645249096756,33.61609029901662,-3.6252661906118107,-2.080188491964009
129.png,30.92225638211169,32.29054507991186,jpeg,8,15.0,33.40347608055682,30.931127942434685,33.35005582158495,32.53796720460156,31.651707780348243,33.79343101107115,-2.472348138122136,-0.8862594242533142
129.png,30.92225638211169,32.29054507991186,jpeg,9,5.0,29.207259673229036,27.94897196516951,31.892731132738426,28.052310458601234,27.99147375858382,32.31201006733243,-1.2582877080595267,-0.06083670001741481
129.png,30.92225638211169,32.29054507991186,blur,0,1.0,inf,30.92225438897712,30.92225438897712,inf,32.29069770585904,32.29069770585904,-inf,-inf
129.png,30.92225638211169,32.29054507991186,blur,1,5.0,32.37854246048448,30.784382431011366,39.853493500281225,36.156911192290664,33.17828309719033,38.72677947725097,-1.594160029473116,-2.9786280951003334
129.png,30.92225638211169,32.29054507991186,blur,2,9.0,29.790945517382944,29.4549593234852,43.51394860815759,33.087025255192025,32.14821096654232,42.718738744351214,-0.335986193897746,-0.9388142886497022
129.png,30.92225638211169,32.29054507991186,blur,3,11.0,29.092357808023593,28.86550396584187,44.514488995412805,32.19542711085601,31.56386618053368,44.145788216885684,-0.2268538421817219,-0.6315609303223297
129.png,30.92225638211169,32.29054507991186,blur,4,15.0,27.966280682012595,27.906730855716685,46.09952605816119,30.765240309579134,30.376515368637456,46.383244617378566,-0.059549826295910435,-0.3887249409416782
129.png,30.92225638211169,32.29054507991186,blur,5,19.0,27.12081250027201,27.189129761758206,46.805810659460896,29.658191516150847,29.352920216798125,47.944341321612,0.06831726148619666,-0.30527129935272157
129.png,30.92225638211169,32.29054507991186,blur,6,21.0,26.82285219001149,26.914792910161967,46.97206755973245,29.219259503385693,28.927294521237318,48.454522625284355,0.09194072015047894,-0.2919649821483752
129.png,30.92225638211169,32.29054507991186,blur,7,25.0,26.20325459941934,26.35518332014058,46.40838911473362,28.348242810135297,28.080388514450185,49.01912897418509,0.15192872072124075,-0.26785429568511177
129.png,30.92225638211169,32.29054507991186,blur,8,29.0,25.75130912634392,25.884232194984452,46.97429925744085,27.609116696077574,27.3496778166878,49.759959677856386,0.13292306864053316,-0.25943887938977284
129.png,30.92225638211169,32.29054507991186,blur,9,31.0,25.534793850130168,25.668179798896503,46.54606877706621,27.28137487022203,27.02208586069002,49.77585482660512,0.13338594876633536,-0.2592890095320115
13.png,31.409648667423575,32.12059506309128,poisson,0,1.0,26.759938168219538,27.46325410806358,24.50632537283183,26.289843367321396,27.06367083546816,24.058892184776596,0.7033159398440425,0.773827468146763
13.png,31.409648667423575,32.12059506309128,poisson,1,0.8944444444444445,26.2680581380099,27.404161474138384,24.24759050799746,25.89660215979352,26.917716604426918,23.668397524048927,1.1361033361284854,1.0211144446333975
13.png,31.409648667423575,32.12059506309128,poisson,2,0.7888888888888889,25.74392248161463,26.93141777324138,23.74813723263532,25.441862837106935,26.91759728626044,23.42585732851301,1.1874952916267532,1.475734449153503
13.png,31.409648667423575,32.12059506309128,poisson,3,0.6833333333333333,25.145990776066714,26.562303913436807,23.258799228376535,24.72082238586319,26.208090813240407,22.807126188277465,1.4163131373700928,1.4872684273772165
13.png,31.409648667423575,32.12059506309128,poisson,4,0.5777777777777777,24.43482794367748,26.02654748974991,22.635558292783674,23.94204501668996,25.860318325268103,22.190824219499422,1.5917195460724294,1.9182733085781436
13.png,31.409648667423575,32.12059506309128,poisson,5,0.4722222222222222,23.590630761491774,25.70380689373223,22.003059705433344,23.102697233122257,25.639011971526998,21.568710097872884,2.113176132240458,2.536314738404741
13.png,31.409648667423575,32.12059506309128,poisson,6,0.3666666666666667,22.50309322377538,25.042549273458906,21.09767359838839,22.140158816047908,24.98649364368571,20.791342779101235,2.539456049683526,2.8463348276378007
13.png,31.409648667423575,32.12059506309128,poisson,7,0.26111111111111107,21.148187233879977,24.261381080858637,19.952407454213958,20.735511675412983,24.008014906214633,19.515012094654942,3.1131938469786604,3.27250323080165
13.png,31.409648667423575,32.12059506309128,poisson,8,0.15555555555555556,19.013937997709792,23.10601615902906,18.172841038920293,18.428298249226255,23.011789163859323,17.522694767636885,4.092078161319268,4.583490914633067
13.png,31.409648667423575,32.12059506309128,poisson,9,0.05,14.573685593049934,20.60982883350149,14.279815681200247,13.90630199536937,20.93381504914408,13.48059625050735,6.036143240451555,7.02751305377471
13.png,31.409648667423575,32.12059506309128,jpeg,0,95.0,44.87057416730649,31.32716578185218,31.284941499394098,44.8440143566541,32.1003309608502,32.072271643884235,-13.543408385454313,-12.743683395803899
13.png,31.409648667423575,32.12059506309128,jpeg,1,85.0,40.96418595243278,31.269552969828727,31.42151287949579,40.7281431471879,32.1895097980699,32.346599632128644,-9.694632982604052,-8.538633349118001
13.png,31.409648667423575,32.12059506309128,jpeg,2,75.0,39.515965154055024,31.24831494449532,31.549344376426525,38.96497587969166,32.252656958586655,32.418214518058384,-8.267650209559704,-6.712318921105002
13.png,31.409648667423575,32.12059506309128,jpeg,3,65.0,38.584904511533786,30.85541041843086,31.14609004559941,37.97216681532551,32.286925967432715,32.51616742081164,-7.729494093102925,-5.685240847892793
13.png,31.409648667423575,32.12059506309128,jpeg,4,55.0,37.80129360136635,30.556482044711228,30.979886222180756,37.158485425346385,32.14106478279498,32.33413466539166,-7.244811556655126,-5.017420642551407
13.png,31.409648667423575,32.12059506309128,jpeg,5,45.0,37.145331701202,31.166207193984793,31.77477118335964,36.33701344868614,32.12666535877539,32.37513590045219,-5.979124507217204,-4.210348089910752
13.png,31.409648667423575,32.12059506309128,jpeg,6,35.0,36.39811665456612,31.30313246789058,32.030533637628885,35.402410936486895,31.995206134619842,32.29176236046909,-5.094984186675536,-3.407204801867053
13.png,31.409648667423575,32.12059506309128,jpeg,7,25.0,35.28612879916145,31.905606442085244,33.24922317319937,34.198611568261036,31.666698570860085,32.413899356821844,-3.3805223570762095,-2.5319129974009513
13.png,31.409648667423575,32.12059506309128,jpeg,8,15.0,33.436712002545256,30.463247445794384,31.898451022027107,32.07863872231796,30.972486868488417,31.947594604735517,-2.973464556750873,-1.1061518538295445
13.png,31.409648667423575,32.12059506309128,jpeg,9,5.0,29.05807836684977,27.370935630225954,29.647665188146746,27.053931526320547,26.996595328393674,30.18865877733605,-1.6871427366238159,-0.0573361979268725
13.png,31.409648667423575,32.12059506309128,blur,0,1.0,inf,31.409662849666166,31.409662849666166,inf,32.120500600027974,32.120500600027974,-inf,-inf
13.png,31.409648667423575,32.12059506309128,blur,1,5.0,29.392539899894658,29.792604168508063,37.566540714685814,35.550956745991066,32.68332367271489,37.93765473307876,0.4000642686134057,-2.867633073276174
13.png,31.409648667423575,32.12059506309128,blur,2,9.0,27.090505263531952,26.910058977061023,43.1636933723012,31.33036601212714,30.768091036159113,42.45909218529568,-0.18044628647092864,-0.5622749759680268
13.png,31.409648667423575,32.12059506309128,blur,3,11.0,26.49907771437716,26.2821867236903,44.824594720146926,30.163532330261702,29.85735653568117,43.91061376534614,-0.2168909906868599,-0.30617579458053257
13.png,31.409648667423575,32.12059506309128,blur,4,15.0,25.611219720317095,25.47753611262341,47.06306646193034,28.38641137642017,28.23706432032491,46.36772048046922,-0.13368360769368337,-0.14934705609525878
13.png,31.409648667423575,32.12059506309128,blur,5,19.0,24.985483550424767,24.952653380799184,48.224341922737295,27.08403477001959,26.907284219861065,47.95775841655473,-0.032830169625583494,-0.17675055015852337
13.png,31.409648667423575,32.12059506309128,blur,6,21.0,24.78504506472295,24.77729942119773,48.56178200657457,26.583542802007134,26.39229398432619,48.49715741490652,-0.007745643525222334,-0.19124881768094326
13.png,31.409648667423575,32.12059506309128,blur,7,25.0,24.33940925520542,24.36408222824939,48.928771698503446,25.646920613047218,25.443680733222735,49.26377812101877,0.024672973043969648,-0.20323987982448344
13.png,31.409648667423575,32.12059506309128,blur,8,29.0,24.021919014353866,24.03533990152971,49.07472506101989,24.891931864365922,24.68482830509737,49.86704110112817,0.013420887175843887,-0.20710355926855328
13.png,31.409648667423575,32.12059506309128,blur,9,31.0,23.85988562349912,23.882804866839415,49.30124714338277,24.575176626393336,24.374097735952475,50.11955337159247,0.022919243340293605,-0.20107889044086136
130.png,29.91092471371223,31.999724097317067,poisson,0,1.0,26.47420938873925,26.980237159802407,24.099611214090743,26.47506925828035,27.710843547676944,24.448800615150116,0.506027771063156,1.2357742893965948
130.png,29.91092471371223,31.999724097317067,poisson,1,0.8944444444444445,25.976524435128916,26.77902950574405,23.75594669647752,25.95827467147594,27.651007357276075,24.108234063775207,0.8025050706151333,1.6927326858001344
130.png,29.91092471371223,31.999724097317067,poisson,2,0.7888888888888889,25.43830056591503,26.570252528254734,23.382754232813202,25.489180786511085,27.377556123168706,23.68179533459942,1.1319519623397056,1.8883753366576208
130.png,29.91092471371223,31.999724097317067,poisson,3,0.6833333333333333,24.835142521474598,26.13565599078072,22.865807116904463,24.82066957738921,26.87045827682766,23.068457377058678,1.3005134693061216,2.049788699438448
130.png,29.91092471371223,31.999724097317067,poisson,4,0.5777777777777777,24.1458136311965,25.77933138848186,22.33003353462323,24.253350294514846,26.645512034642238,22.674221968757053,1.633517757285361,2.392161740127392
130.png,29.91092471371223,31.999724097317067,poisson,5,0.4722222222222222,23.268785238195274,25.296837316819595,21.626431156616196,23.281665141192903,25.95301135249903,21.783125497526058,2.02805207862432,2.671346211306126
130.png,29.91092471371223,31.999724097317067,poisson,6,0.3666666666666667,22.216065458941255,24.532224757787496,20.70038459695216,22.136857695370324,25.384221773477922,20.821064081901483,2.316159298846241,3.247364078107598
130.png,29.91092471371223,31.999724097317067,poisson,7,0.26111111111111107,20.773980645875383,23.661934913110567,19.473348135047534,20.668249470909934,24.761216993753873,19.645996718286376,2.887954267235184,4.092967522843939
130.png,29.91092471371223,31.999724097317067,poisson,8,0.15555555555555556,18.617529065604373,22.749223702149145,17.720499169330232,18.503296005211354,23.625008335052282,17.774526715576748,4.131694636544772,5.121712329840928
130.png,29.91092471371223,31.999724097317067,poisson,9,0.05,14.149746526462819,20.626304554745012,13.822930700860168,13.871334295770623,21.162666456316753,13.612879724462301,6.476558028282193,7.29133216054613
130.png,29.91092471371223,31.999724097317067,jpeg,0,95.0,43.88057391943076,29.908385148544543,29.850528027308833,43.768756375235,31.954407960115603,31.833686336989018,-13.972188770886216,-11.814348415119397
130.png,29.91092471371223,31.999724097317067,jpeg,1,85.0,39.514463496610574,29.84236483617419,30.023225622988043,39.19545091554888,31.97855659876634,32.25183310214288,-9.672098660436383,-7.216894316782543
130.png,29.91092471371223,31.999724097317067,jpeg,2,75.0,38.13696925790988,30.029737377943295,30.380330687577516,37.88894939245465,32.11306203871648,32.684609097747206,-8.107231879966587,-5.77588735373817
130.png,29.91092471371223,31.999724097317067,jpeg,3,65.0,37.279338974177946,30.275732993678787,30.70992598231197,37.04280847913272,32.16390861432388,32.828797302737414,-7.0036059804991595,-4.878899864808837
130.png,29.91092471371223,31.999724097317067,jpeg,4,55.0,36.582610118991106,30.131894434018626,30.6763822230308,36.38672427392426,32.21073179967842,33.09638588457887,-6.450715684972479,-4.175992474245838
130.png,29.91092471371223,31.999724097317067,jpeg,5,45.0,35.98390957024808,30.24700763114606,30.90986148684001,35.76599817912714,32.44687972089064,33.37166592983302,-5.736901939102019,-3.3191184582364954
130.png,29.91092471371223,31.999724097317067,jpeg,6,35.0,35.31495895862336,30.546405412489914,31.489010637796326,35.03949419456018,32.45891136726014,33.68994133315982,-4.768553546133443,-2.5805828273000344
130.png,29.91092471371223,31.999724097317067,jpeg,7,25.0,34.37428117263091,30.61581590487318,32.16010068002649,33.95547546199733,32.178206657362175,33.85651400342943,-3.758465267757728,-1.7772688046351561
130.png,29.91092471371223,31.999724097317067,jpeg,8,15.0,32.99011583111161,30.285618091834845,32.13672239050675,32.15644305367585,31.39511951674452,33.47886753810466,-2.704497739276764,-0.7613235369313323
130.png,29.91092471371223,31.999724097317067,jpeg,9,5.0,28.94542549540183,27.252070869198576,30.267661945336894,27.343601907253202,27.342158776019915,31.862191501664974,-1.6933546262032557,-0.0014431312332874313
130.png,29.91092471371223,31.999724097317067,blur,0,1.0,inf,29.91097094137313,29.91097094137313,inf,31.999793138825005,31.999793138825005,-inf,-inf
130.png,29.91092471371223,31.999724097317067,blur,1,5.0,29.04938230544387,29.084077469083166,38.95471122349066,35.97581624127068,33.15586665273295,39.12682918043865,0.034695163639295146,-2.8199495885377246
130.png,29.91092471371223,31.999724097317067,blur,2,9.0,27.288741691710698,27.435275540750794,42.174873693020245,32.93055211565819,32.08082199535625,43.13763420094361,0.1465338490400967,-0.8497301203019347
130.png,29.91092471371223,31.999724097317067,blur,3,11.0,26.894795896187375,26.979430599226223,43.377623409627134,32.013881886479545,31.411291977589215,44.38857130189825,0.0846347030388479,-0.6025899088903302
130.png,29.91092471371223,31.999724097317067,blur,4,15.0,26.286842482296798,26.35768140751783,44.94494411273746,30.46968465081264,30.015766834636928,46.254632659770294,0.07083892522103241,-0.4539178161757107
130.png,29.91092471371223,31.999724097317067,blur,5,19.0,25.846248586396136,25.925584037088313,45.49949472847256,29.23128796107291,28.785122196548407,47.29352603696786,0.07933545069217729,-0.4461657645245012
130.png,29.91092471371223,31.999724097317067,blur,6,21.0,25.70411809725553,25.76369537175351,45.65734287042474,28.744494406261705,28.288207206673384,47.54621801425415,0.059577274497979005,-0.45628719958832065
130.png,29.91092471371223,31.999724097317067,blur,7,25.0,25.353964396648472,25.425368488612815,44.97497659971768,27.83381695111793,27.34576618399773,47.44604412506309,0.07140409196434305,-0.48805076712020323
130.png,29.91092471371223,31.999724097317067,blur,8,29.0,25.13250654498327,25.1528804958565,45.05676086944827,27.122753866651724,26.645210759197347,47.689216097831,0.020373950873231905,-0.4775431074543768
130.png,29.91092471371223,31.999724097317067,blur,9,31.0,25.0022768738511,25.027645561239652,44.441597420265744,26.821457590530756,26.32608380077808,47.37970621690333,0.025368687388553468,-0.49537378975267643
131.png,35.0198353859151,36.78731254065752,poisson,0,1.0,27.066610467073204,28.668455070275915,25.223449699369773,27.707712632707576,29.17237118051514,25.757318364889752,1.6018446032027107,1.4646585478075629
131.png,35.0198353859151,36.78731254065752,poisson,1,0.8944444444444445,26.574624280149244,28.226237372332214,24.771339287305576,27.108555121444976,28.850057531547296,25.31918483472173,1.65161309218297,1.7415024101023207
131.png,35.0198353859151,36.78731254065752,poisson,2,0.7888888888888889,26.031336117448816,27.758367129122533,24.26469699816502,26.602201601710078,28.27070630000764,24.717099834074176,1.7270310116737164,1.6685046982975607
131.png,35.0198353859151,36.78731254065752,poisson,3,0.6833333333333333,25.407677003234834,27.33102074845281,23.724884984832244,25.942809015105667,28.005018276771253,24.39027856196471,1.9233437452179771,2.0622092616655863
131.png,35.0198353859151,36.78731254065752,poisson,4,0.5777777777777777,24.685463985603143,26.845246498968724,23.116915251768447,25.265601911743115,27.335849595446984,23.599809342073108,2.159782513365581,2.070247683703869
131.png,35.0198353859151,36.78731254065752,poisson,5,0.4722222222222222,23.85083212366018,26.21197877707885,22.348852455142918,24.39638987804411,26.853736890058613,22.924278099326536,2.361146653418672,2.457347012014502
131.png,35.0198353859151,36.78731254065752,poisson,6,0.3666666666666667,22.739197306201433,25.501223833223015,21.396039545666685,23.285222548981828,26.0405587364288,21.918359679707365,2.7620265270215825,2.7553361874469715
131.png,35.0198353859151,36.78731254065752,poisson,7,0.26111111111111107,21.336962997521837,24.412495481825673,20.12925686566655,21.824899189045958,25.212648770573274,20.639439861747594,3.075532484303835,3.3877495815273164
131.png,35.0198353859151,36.78731254065752,poisson,8,0.15555555555555556,19.139279979830132,23.210367814047874,18.25156642427579,19.719259011342473,23.815684031704222,18.844982618507885,4.071087834217742,4.09642502036175
131.png,35.0198353859151,36.78731254065752,poisson,9,0.05,14.585341419609378,20.74114290256391,14.205238888874057,14.709777017179695,20.755737128843524,14.288689166054215,6.1558014829545336,6.045960111663829
131.png,35.0198353859151,36.78731254065752,jpeg,0,95.0,47.58156670397266,35.14740975268581,35.19105714743792,47.285603613037665,36.77290125909906,36.81378994473065,-12.434156951286852,-10.512702353938607
131.png,35.0198353859151,36.78731254065752,jpeg,1,85.0,44.76302748218467,35.18380973730587,35.37388221637973,44.24788279548984,36.86529879579223,37.049410400933205,-9.579217744878797,-7.382583999697616
131.png,35.0198353859151,36.78731254065752,jpeg,2,75.0,43.180093251235704,35.47365880152443,35.71680034764614,42.550858616967524,36.81193534694962,37.03934736616391,-7.706434449711274,-5.7389232700179065
131.png,35.0198353859151,36.78731254065752,jpeg,3,65.0,42.13303080850575,35.262520121241124,35.57639691113721,41.516839159940524,36.75318116989254,36.893549510667064,-6.870510687264627,-4.763657990047982
131.png,35.0198353859151,36.78731254065752,jpeg,4,55.0,41.258026242385284,35.3230119906731,35.991552520604685,40.42685433460668,36.613434714452616,36.8977948086563,-5.935014251712182,-3.8134196201540647
131.png,35.0198353859151,36.78731254065752,jpeg,5,45.0,40.605877922160964,35.46152927462017,36.249511744645595,39.506384015167974,36.231066642318964,36.55508304881703,-5.144348647540795,-3.2753173728490097
131.png,35.0198353859151,36.78731254065752,jpeg,6,35.0,39.74140425136136,35.5011943581422,36.39865623729009,38.402463655727495,35.91401966377124,36.32230920415093,-4.240209893219159,-2.4884439919562524
131.png,35.0198353859151,36.78731254065752,jpeg,7,25.0,38.42714498609666,34.96423904474405,35.947232488971316,36.99082894661585,35.36073015515731,35.79296251754208,-3.4629059413526093,-1.6300987914585363
131.png,35.0198353859151,36.78731254065752,jpeg,8,15.0,36.27402224284221,34.321933493718625,36.342095213836984,34.43180684105879,33.56109549554885,34.96339509067576,-1.9520887491235825,-0.8707113455099389
131.png,35.0198353859151,36.78731254065752,jpeg,9,5.0,30.508249228705417,29.66946992901881,33.80529988941679,27.92655560911101,27.86816552742961,31.79355666826848,-0.8387792996866068,-0.0583900816813987
131.png,35.0198353859151,36.78731254065752,blur,0,1.0,inf,35.01982706938098,35.01982706938098,inf,36.787313210156476,36.787313210156476,-inf,-inf
131.png,35.0198353859151,36.78731254065752,blur,1,5.0,37.013348871700174,34.543417717858745,38.54593265738095,40.823492506632384,37.37629695588759,40.27198259674668,-2.4699311538414292,-3.4471955507447944
131.png,35.0198353859151,36.78731254065752,blur,2,9.0,34.10674590495446,33.413765300888535,39.13980087602639,35.624988348646596,35.52932502033429,42.36082748841454,-0.692980604065923,-0.0956633283123054
131.png,35.0198353859151,36.78731254065752,blur,3,11.0,33.174506665681726,32.80349222444005,39.194577000683005,34.024752006421494,34.35292460640904,43.017972336439385,-0.3710144412416767,0.3281725999875462
131.png,35.0198353859151,36.78731254065752,blur,4,15.0,31.50379797225817,31.53895465707627,39.3334699539012,31.526784502354452,32.044923811493085,44.033677964286284,0.035156684818101525,0.5181393091386326
131.png,35.0198353859151,36.78731254065752,blur,5,19.0,30.10665074604224,30.3179700151189,39.75049221876262,29.714724723555804,30.134877282875788,45.17964814780566,0.21131926907665743,0.42015255931998396
131.png,35.0198353859151,36.78731254065752,blur,6,21.0,29.54386809794501,29.790022505739636,40.168794219017116,29.031997659732784,29.369286105860006,45.835138553093074,0.24615440779462716,0.3372884461272214
131.png,35.0198353859151,36.78731254065752,blur,7,25.0,28.428464814445384,28.697863039184746,41.59401133460376,27.816189309940608,27.96238880338364,47.59429567262781,0.26939822473936204,0.14619949344303151
131.png,35.0198353859151,36.78731254065752,blur,8,29.0,27.52236366371457,27.735406528287655,43.28742434390683,26.86460490653574,26.85496205194157,49.23499797866296,0.21304286457308308,-0.009642854594169137
131.png,35.0198353859151,36.78731254065752,blur,9,31.0,27.120037802766262,27.306762827543423,44.00738863248061,26.469602477215194,26.401034410450343,49.71090090833474,0.1867250247771608,-0.0685680667648505
132.png,34.10960907377693,33.242733554588774,poisson,0,1.0,26.950982644376612,28.607756630315585,25.11324514212224,27.75333376925615,28.941514111469107,25.674686337299747,1.6567739859389725,1.1881803422129558
132.png,34.10960907377693,33.242733554588774,poisson,1,0.8944444444444445,26.459547838031746,28.151503465893146,24.689184863601213,27.249677209125323,28.488394417800418,25.23315289284858,1.6919556278614003,1.2387172086750944
132.png,34.10960907377693,33.242733554588774,poisson,2,0.7888888888888889,25.91723121293652,27.88883679882432,24.237609966806822,26.674103501227382,28.30334405160389,24.82922158488213,1.9716055858878008,1.6292405503765082
132.png,34.10960907377693,33.242733554588774,poisson,3,0.6833333333333333,25.274228372460534,27.55614342870939,23.727105163173153,26.071684760589044,28.096057247329696,24.372139630168487,2.281915056248856,2.0243724867406527
132.png,34.10960907377693,33.242733554588774,poisson,4,0.5777777777777777,24.576062949793492,27.008380352552194,23.12656057952198,25.417143193085792,27.44586705208038,23.73835692671634,2.4323174027587022,2.0287238589945886
132.png,34.10960907377693,33.242733554588774,poisson,5,0.4722222222222222,23.68613603011649,26.543454389552554,22.374390472513973,24.404905076407122,27.025481752543566,22.93052398989749,2.8573183594360643,2.6205766761364444
132.png,34.10960907377693,33.242733554588774,poisson,6,0.3666666666666667,22.60406636372607,25.842358528723505,21.42206517890913,23.367562824568402,26.49652741511316,22.05639190508544,3.2382921649974357,3.128964590544758
132.png,34.10960907377693,33.242733554588774,poisson,7,0.26111111111111107,21.12299772294554,24.916190489028924,20.153252659798913,21.89990237790078,25.604679649543662,20.809356388917806,3.793192766083383,3.7047772716428824
132.png,34.10960907377693,33.242733554588774,poisson,8,0.15555555555555556,18.92432133578026,23.80935109143487,18.272832189338715,19.78733295563033,24.5415744306697,19.06998810434395,4.88502975565461,4.754241475039372
132.png,34.10960907377693,33.242733554588774,poisson,9,0.05,14.24741556714614,21.295676319571257,14.003612232949486,14.813474985826582,21.734780930112848,14.539748344002456,7.048260752425117,6.921305944286265
132.png,34.10960907377693,33.242733554588774,jpeg,0,95.0,46.30641944880182,34.06160495424742,34.01828648439532,45.834798961456116,33.17275575355992,33.12848714737416,-12.244814494554397,-12.662043207896197
132.png,34.10960907377693,33.242733554588774,jpeg,1,85.0,42.56051543776944,34.19067931662816,34.324707823927774,41.954705359044226,33.28327825538,33.41527890634909,-8.369836121141276,-8.671427103664229
132.png,34.10960907377693,33.242733554588774,jpeg,2,75.0,40.86706244349177,34.214319186884396,34.45462505663657,40.27880390421753,33.33211200125947,33.55798648012251,-6.652743256607373,-6.946691902958065
132.png,34.10960907377693,33.242733554588774,jpeg,3,65.0,39.73622942440619,34.27190171651225,34.618624344767284,39.179427364390364,33.358401415309146,33.68033613900218,-5.464327707893943,-5.821025949081218
132.png,34.10960907377693,33.242733554588774,jpeg,4,55.0,38.81456029355934,34.24562814237384,34.72814697528206,38.21147911044677,33.26559610726318,33.576148953860155,-4.5689321511855,-4.945883003183589
132.png,34.10960907377693,33.242733554588774,jpeg,5,45.0,38.0330969992741,34.275121702385654,34.95955734572607,37.44818652430689,33.223176956823444,33.622203519772434,-3.7579752968884463,-4.225009567483447
132.png,34.10960907377693,33.242733554588774,jpeg,6,35.0,37.15261438900966,34.22218789611887,35.301844632973015,36.51361718719174,33.13845582378822,33.87938322700133,-2.9304264928907955,-3.375161363403521
132.png,34.10960907377693,33.242733554588774,jpeg,7,25.0,35.96980913025351,34.226612298059955,36.09416380980605,35.205215560590666,33.019679820612815,34.20020229010025,-1.7431968321935543,-2.185535739977851
132.png,34.10960907377693,33.242733554588774,jpeg,8,15.0,34.19298437011106,33.571294811051445,37.04515404813348,33.142318033068136,32.284985431607055,34.46195740964071,-0.6216895590596181,-0.8573326014610814
132.png,34.10960907377693,33.242733554588774,jpeg,9,5.0,29.889559625965234,29.832506003738505,36.71489580520183,28.13674713516271,28.0938312894372,32.685555808387896,-0.057053622226728606,-0.04291584572550988
132.png,34.10960907377693,33.242733554588774,blur,0,1.0,inf,34.10962800155208,34.10962800155208,inf,33.24274973929817,33.24274973929817,-inf,-inf
132.png,34.10960907377693,33.242733554588774,blur,1,5.0,39.361974585559174,35.61994442002212,40.48933698555133,38.1768524941137,34.35087190456146,39.24561671369599,-3.7420301655370523,-3.8259805895522447
132.png,34.10960907377693,33.242733554588774,blur,2,9.0,35.97326442563719,34.96862708965687,45.0022901916368,34.499449579656655,33.49056707771676,43.994894721715816,-1.0046373359803198,-1.008882501939894
132.png,34.10960907377693,33.242733554588774,blur,3,11.0,35.07390631166233,34.51634446227763,46.528547687260165,33.461765899763094,32.900894452840944,45.66619463363602,-0.5575618493846974,-0.5608714469221496
132.png,34.10960907377693,33.242733554588774,blur,4,15.0,33.66851430758806,33.52031904433122,48.166044928041956,31.786785985977968,31.62165692483265,48.108736442301925,-0.14819526325684507,-0.16512906114531845
132.png,34.10960907377693,33.242733554588774,blur,5,19.0,32.59645254131702,32.62178820166777,47.84012686154492,30.495329337430178,30.485690645678297,48.94325187304914,0.025335660350748412,-0.009638691751881368
132.png,34.10960907377693,33.242733554588774,blur,6,21.0,32.18077376164294,32.23883947376961,47.57325157783808,29.99939210406836,30.011855739876285,49.148805210500875,0.058065712126669666,0.012463635807925755
132.png,34.10960907377693,33.242733554588774,blur,7,25.0,31.341558734186663,31.452403268129796,47.34704891489158,29.024711966481455,29.050462245966244,49.558326870242894,0.11084453394313343,0.025750279484789473
132.png,34.10960907377693,33.242733554588774,blur,8,29.0,30.6132050963658,30.73371989875424,47.733760668330774,28.222065391783246,28.217398008217888,50.25497135389862,0.12051480238844192,-0.004667383565358563
132.png,34.10960907377693,33.242733554588774,blur,9,31.0,30.28550144949731,30.432874563290213,47.381520146723524,27.875271725087774,27.88508425992955,50.08070206452192,0.1473731137929022,0.009812534841774578
133.png,33.13524831250285,32.9614758641627,poisson,0,1.0,26.472905174125167,27.859296505283705,24.536276227460007,27.07275855937589,27.948098272231793,24.820582391727175,1.3863913311585385,0.8753397128559008
133.png,33.13524831250285,32.9614758641627,poisson,1,0.8944444444444445,26.000275803978575,27.542028577782457,24.14106009483051,26.549810413896438,27.638397181503358,24.39642073223938,1.541752773803882,1.0885867676069196
133.png,33.13524831250285,32.9614758641627,poisson,2,0.7888888888888889,25.429657916218602,27.295615747835754,23.697540248438173,26.009441550308207,27.59808055501786,24.133928611255318,1.865957831617152,1.588639004709652
133.png,33.13524831250285,32.9614758641627,poisson,3,0.6833333333333333,24.817357914712016,26.804063855777365,23.15794130045358,25.30151698064011,26.98924100843432,23.460087719860958,1.986705941065349,1.6877240277942107
133.png,33.13524831250285,32.9614758641627,poisson,4,0.5777777777777777,24.11050125235251,26.587714482129705,22.64725841991572,24.614863836751372,26.75513216849386,23.050121133053043,2.4772132297771954,2.1402683317424867
133.png,33.13524831250285,32.9614758641627,poisson,5,0.4722222222222222,23.24101049813799,25.974790892767594,21.876021300731967,23.846322912541495,26.312270550234217,22.360023894256994,2.733780394629605,2.4659476376927216
133.png,33.13524831250285,32.9614758641627,poisson,6,0.3666666666666667,22.187303345915936,25.430130967736776,21.016544903827715,22.74245681499478,25.63354519187966,21.271951928931195,3.2428276218208403,2.891088376884877
133.png,33.13524831250285,32.9614758641627,poisson,7,0.26111111111111107,20.723915079344057,24.66976343340642,19.774620616610555,21.264173027954065,25.01821224426231,20.12952814568373,3.9458483540623632,3.754039216308243
133.png,33.13524831250285,32.9614758641627,poisson,8,0.15555555555555556,18.59579945738378,23.762703570787092,17.967370808981812,19.07601439982574,24.13700606982637,18.377095918058984,5.166904113403312,5.060991670000629
133.png,33.13524831250285,32.9614758641627,poisson,9,0.05,14.221441923990362,21.77525818957713,14.049415939445261,14.241645946647651,21.821168111939386,13.934893003649375,7.553816265586768,7.579522165291735
133.png,33.13524831250285,32.9614758641627,jpeg,0,95.0,44.44619142191349,33.034857214638464,32.93842676868845,44.02508844119721,32.86220580115178,32.78126322380353,-11.411334207275026,-11.162882640045432
133.png,33.13524831250285,32.9614758641627,jpeg,1,85.0,40.54716206535778,33.16778367674527,33.44261588265252,39.889795675257524,33.00637569660463,33.29593760520208,-7.379378388612508,-6.883419978652896
133.png,33.13524831250285,32.9614758641627,jpeg,2,75.0,39.21895389918773,33.2920058257554,33.787192498674735,38.625114476593005,33.11288417339529,33.6548102088732,-5.926948073432328,-5.512230303197718
133.png,33.13524831250285,32.9614758641627,jpeg,3,65.0,38.36409250888618,33.45809722688495,34.12748149609199,37.67607904544614,33.139288364219624,33.753938770380536,-4.9059952820012285,-4.536790681226513
133.png,33.13524831250285,32.9614758641627,jpeg,4,55.0,37.658033538918346,33.53503778337877,34.4534974233817,36.920409946256875,33.12871169526519,33.77261264837148,-4.122995755539577,-3.7916982509916863
133.png,33.13524831250285,32.9614758641627,jpeg,5,45.0,37.08197056566015,33.58798510126438,34.75955520856695,36.24188315184758,33.05007057464897,33.82457485951785,-3.49398546439577,-3.1918125771986112
133.png,33.13524831250285,32.9614758641627,jpeg,6,35.0,36.410579660250825,33.64072558868239,35.23763396529493,35.354656557601594,33.09812905526787,34.2418279945111,-2.7698540715684317,-2.256527502333725
133.png,33.13524831250285,32.9614758641627,jpeg,7,25.0,35.51480654092332,33.479340482609814,35.62085081862997,34.24102709736219,32.91820019576021,34.59994768104343,-2.035466058313503,-1.3228269016019851
133.png,33.13524831250285,32.9614758641627,jpeg,8,15.0,34.05852057603056,32.913922107609366,36.27962128303641,32.504272852182574,31.911845947335003,33.85952036924808,-1.1445984684211936,-0.5924269048475708
133.png,33.13524831250285,32.9614758641627,jpeg,9,5.0,29.76266451625841,29.225924401725443,35.29830097764753,27.21853681752973,26.981019270568893,32.15017190604313,-0.536740114532968,-0.23751754696083793
133.png,33.13524831250285,32.9614758641627,blur,0,1.0,inf,33.13525716381407,33.13525716381407,inf,32.961544986454285,32.961544986454285,-inf,-inf
133.png,33.13524831250285,32.9614758641627,blur,1,5.0,36.286946287464886,33.988938023631626,40.730581436281035,36.463489257343355,33.918873535662335,40.129367278868344,-2.2980082638332604,-2.5446157216810192
133.png,33.13524831250285,32.9614758641627,blur,2,9.0,33.28331271704843,32.81823874629334,44.25610961858133,33.230253612170436,32.637858568761764,44.38661018203489,-0.4650739707550926,-0.592395043408672
133.png,33.13524831250285,32.9614758641627,blur,3,11.0,32.44793929383128,32.19958045724732,45.30205854582771,32.29697305208213,31.942851543193875,45.94846499459592,-0.24835883658396085,-0.3541215088882552
133.png,33.13524831250285,32.9614758641627,blur,4,15.0,31.117231607643475,31.067436263999827,46.08258710681418,30.775448304194747,30.600340799585986,48.03184866506222,-0.04979534364364824,-0.17510750460876068
133.png,33.13524831250285,32.9614758641627,blur,5,19.0,30.119703816088826,30.18430662823387,46.497373940910656,29.591367937508963,29.43680738342911,49.431465800802805,0.06460281214504349,-0.15456055407985403
133.png,33.13524831250285,32.9614758641627,blur,6,21.0,29.75816478134032,29.85173657841277,46.15931188194142,29.137612180179705,28.975401225818857,49.778589190155046,0.09357179707244967,-0.1622109543608481
133.png,33.13524831250285,32.9614758641627,blur,7,25.0,29.03600048690835,29.17044230629926,46.324721467992845,28.224372769509912,28.035540707433803,50.54838994679383,0.13444181939091138,-0.18883206207610925
133.png,33.13524831250285,32.9614758641627,blur,8,29.0,28.48142092513624,28.607621079202723,46.173356480865735,27.463980108574813,27.26015742541634,50.97736896657213,0.12620015406648122,-0.20382268315847085
133.png,33.13524831250285,32.9614758641627,blur,9,31.0,28.22843159521939,28.34117778161788,47.24924415877983,27.140356659178323,26.926110279295905,51.44387457727866,0.1127461863984891,-0.21424637988241813
134.png,32.95902877180964,32.71144962710751,poisson,0,1.0,26.657037967599756,28.30314452424669,24.82081799272592,26.611226601752858,27.910109874618488,24.641157863981288,1.6461065566469344,1.2988832728656305
134.png,32.95902877180964,32.71144962710751,poisson,1,0.8944444444444445,26.182129198307578,28.02914388602341,24.456736107928755,26.239089922217484,27.714200165620554,24.343800762892926,1.8470146877158307,1.4751102434030692
134.png,32.95902877180964,32.71144962710751,poisson,2,0.7888888888888889,25.632601915757274,27.680342935952027,23.987998827806123,25.610066158790183,27.249912670029566,23.70291662591019,2.047741020194753,1.6398465112393836
134.png,32.95902877180964,32.71144962710751,poisson,3,0.6833333333333333,25.02242441304794,27.278728383095387,23.451565265619593,24.94305203670795,26.983051990698314,23.358624108594135,2.2563039700474476,2.039999953990364
134.png,32.95902877180964,32.71144962710751,poisson,4,0.5777777777777777,24.298630994382023,27.017966562848592,22.928542776482082,24.342477211154208,26.89321708414692,22.710790060703157,2.719335568466569,2.550739872992711
134.png,32.95902877180964,32.71144962710751,poisson,5,0.4722222222222222,23.460017177808467,26.416394378506688,22.17282142544593,23.483888038390845,26.04059799373531,21.985207059483443,2.9563772006982205,2.5567099553444663
134.png,32.95902877180964,32.71144962710751,poisson,6,0.3666666666666667,22.37070662224518,25.848407541819988,21.271592795616975,22.29513562782345,25.455797338387004,21.058030345837796,3.477700919574808,3.1606617105635557
134.png,32.95902877180964,32.71144962710751,poisson,7,0.26111111111111107,20.96308268276358,25.01938997490697,20.05496339839008,20.754381255391174,24.622980859343553,19.743572483203,4.056307292143391,3.8685996039523793
134.png,32.95902877180964,32.71144962710751,poisson,8,0.15555555555555556,18.8497955255582,24.04952136491309,18.222017734037937,18.68530845911565,23.728347279385066,17.936332764476788,5.19972583935489,5.043038820269416
134.png,32.95902877180964,32.71144962710751,poisson,9,0.05,14.360679026602662,21.716492825930025,14.179277867993287,14.017773482298029,21.53849172650457,13.772613673664525,7.355813799327363,7.520718244206542
134.png,32.95902877180964,32.71144962710751,jpeg,0,95.0,44.376511899064326,32.872267154279406,32.79343733886059,44.17375970349929,32.55928997673554,32.48030388867357,-11.50424474478492,-11.614469726763751
134.png,32.95902877180964,32.71144962710751,jpeg,1,85.0,40.42762360075291,33.03560997804482,33.32721761799375,40.050296024623776,32.831370588884056,33.08687306144659,-7.392013622708092,-7.21892543573972
134.png,32.95902877180964,32.71144962710751,jpeg,2,75.0,39.069520737006,33.19741624230646,33.70477925178307,38.64615979977416,32.86001728680498,33.43970616716013,-5.872104494699542,-5.786142512969178
134.png,32.95902877180964,32.71144962710751,jpeg,3,65.0,38.188203287272636,33.224522422698065,33.905566530171576,37.801386356612234,32.92258450235441,33.4585648962056,-4.96368086457457,-4.878801854257823
134.png,32.95902877180964,32.71144962710751,jpeg,4,55.0,37.48139968110586,33.44950514324537,34.38171517759754,37.079242686425445,32.88185352156369,33.57499084712786,-4.031894537860495,-4.197389164861754
134.png,32.95902877180964,32.71144962710751,jpeg,5,45.0,36.91028933583004,33.51297747759301,34.73362884299436,36.39135785335314,32.885640125216746,33.725335519586174,-3.397311858237032,-3.5057177281363963
134.png,32.95902877180964,32.71144962710751,jpeg,6,35.0,36.246128671229705,33.46426949515669,35.01092041318579,35.5468958503467,32.82678771522144,33.999683962320205,-2.781859176073013,-2.7201081351252583
134.png,32.95902877180964,32.71144962710751,jpeg,7,25.0,35.340414649295326,33.61877533893314,36.01994305667857,34.3503581138356,32.67362436585175,33.93816168027144,-1.7216393103621854,-1.676733747983846
134.png,32.95902877180964,32.71144962710751,jpeg,8,15.0,33.94578907674445,32.86945699504788,36.136264059413186,32.59700370347188,31.67997543475633,33.77421093211902,-1.0763320816965702,-0.9170282687155478
134.png,32.95902877180964,32.71144962710751,jpeg,9,5.0,29.634963578571064,29.220908430527317,34.888074621250226,27.475216461554098,27.25243251206026,31.645575791838564,-0.4140551480437473,-0.22278394949383795
134.png,32.95902877180964,32.71144962710751,blur,0,1.0,inf,32.959015340405855,32.959015340405855,inf,32.71141293649481,32.71141293649481,-inf,-inf
134.png,32.95902877180964,32.71144962710751,blur,1,5.0,36.10758094962582,33.83881410911884,40.76860575990971,36.537713520429236,33.62270739269652,39.312131142655794,-2.268766840506977,-2.915006127732717
134.png,32.95902877180964,32.71144962710751,blur,2,9.0,33.42673670115975,32.691573831041346,44.38682943703175,33.10462951924141,32.377637935810284,43.658856788564435,-0.7351628701184012,-0.7269915834311291
134.png,32.95902877180964,32.71144962710751,blur,3,11.0,32.66182066288893,32.192657731609444,45.25863448111214,32.0903131796804,31.666776665464216,45.211916533051124,-0.4691629312794845,-0.42353651421618466
134.png,32.95902877180964,32.71144962710751,blur,4,15.0,31.395345648754752,31.29671448976697,46.75199140123298,30.45759350346479,30.22044873234492,47.59686779133545,-0.09863115898778219,-0.2371447711198691
134.png,32.95902877180964,32.71144962710751,blur,5,19.0,30.39959130733081,30.48307607253429,46.59745322822688,29.22974456620881,28.989271967582127,48.4570557428154,0.08348476520347958,-0.24047259862668469
134.png,32.95902877180964,32.71144962710751,blur,6,21.0,30.019855065496408,30.137040876435517,45.92901390088714,28.768831978784316,28.495568242316388,48.375913072790894,0.11718581093910885,-0.27326373646792845
134.png,32.95902877180964,32.71144962710751,blur,7,25.0,29.25950081986978,29.426703716187372,45.81746405789399,27.909364514888125,27.60312240702133,48.4449568041444,0.167202896317594,-0.30624210786679384
134.png,32.95902877180964,32.71144962710751,blur,8,29.0,28.66121253511162,28.8382025348495,44.51327696763036,27.250721457609345,26.90250032581484,47.64521838821389,0.17698999973788077,-0.348221131794503
134.png,32.95902877180964,32.71144962710751,blur,9,31.0,28.387587684074663,28.56988674893983,43.480938487579536,26.97255092338457,26.588596537136326,46.90987860256537,0.18229906486516612,-0.38395438624824507
135.png,39.39652439869234,37.76098905726563,poisson,0,1.0,27.71165827022348,30.216909098555995,26.25069035326678,28.32573752959723,30.24528735215471,26.674285314395675,2.505250828332514,1.919549822557478
135.png,39.39652439869234,37.76098905726563,poisson,1,0.8944444444444445,27.238844521405596,29.663811384780576,25.77785801728737,27.868372980243613,29.668740449087764,26.137398856443905,2.42496686337498,1.8003674688441507
135.png,39.39652439869234,37.76098905726563,poisson,2,0.7888888888888889,26.692157060146563,29.248157604040905,25.28424575648976,27.206337353632634,29.33901202580055,25.56181029085395,2.556000543894342,2.1326746721679157
135.png,39.39652439869234,37.76098905726563,poisson,3,0.6833333333333333,26.065866931429035,28.777444475811667,24.727932847850052,26.73960944258985,28.846370864272455,25.081186899302622,2.7115775443826315,2.106761421682606
135.png,39.39652439869234,37.76098905726563,poisson,4,0.5777777777777777,25.376054235360762,28.2631604564753,24.107029159404384,26.059277541925834,28.476220327669296,24.487933132252845,2.8871062211145393,2.416942785743462
135.png,39.39652439869234,37.76098905726563,poisson,5,0.4722222222222222,24.51408683474916,27.573928729683992,23.310866455403087,25.066515995865664,27.81116552795779,23.721252907285233,3.0598418949348307,2.744649532092126
135.png,39.39652439869234,37.76098905726563,poisson,6,0.3666666666666667,23.422976842466472,26.92553937213486,22.370831313756312,23.825111175845855,27.118079249275073,22.650662471931817,3.5025625296683884,3.2929680734292184
135.png,39.39652439869234,37.76098905726563,poisson,7,0.26111111111111107,21.96620468737911,25.935016368545412,21.06638090771581,22.42987510391253,26.25460871539319,21.40278859159381,3.968811681166301,3.82473361148066
135.png,39.39652439869234,37.76098905726563,poisson,8,0.15555555555555556,19.820457153675417,24.608644767205085,19.180682831652415,20.298337944240483,25.070138674132167,19.51266964214415,4.788187613529669,4.771800729891684
135.png,39.39652439869234,37.76098905726563,poisson,9,0.05,15.145071341230128,21.690016314762495,14.932431549549827,15.362566674318206,22.13402214582757,15.057486784407239,6.544944973532367,6.771455471509363
135.png,39.39652439869234,37.76098905726563,jpeg,0,95.0,46.70751619269986,39.3121482155784,39.41399033902647,46.04528475563879,37.615199806058655,37.67042843536768,-7.395367977121467,-8.430084949580134
135.png,39.39652439869234,37.76098905726563,jpeg,1,85.0,44.15549418834367,39.56194539800124,40.30932838544436,43.285954650514725,37.92198168918978,38.4194737189697,-4.593548790342425,-5.363972961324947
135.png,39.39652439869234,37.76098905726563,jpeg,2,75.0,42.92304247686147,39.61662812775705,40.71710119213879,41.91625370212225,37.9289243339735,38.464173066245834,-3.306414349104415,-3.9873293681487496
135.png,39.39652439869234,37.76098905726563,jpeg,3,65.0,42.128370098562804,39.64473320205668,41.1800210542172,40.99645589231197,37.83811841134313,38.58759882177269,-2.483636896506127,-3.1583374809688394
135.png,39.39652439869234,37.76098905726563,jpeg,4,55.0,41.43171260336288,39.512109269949775,41.36113522240187,40.12946847906355,37.63124952355162,38.363602020133825,-1.9196033334131073,-2.4982189555119305
135.png,39.39652439869234,37.76098905726563,jpeg,5,45.0,40.85075524433617,39.36038591347356,41.551242582947154,39.42858007967227,37.32975131114119,38.2410827672475,-1.4903693308626131,-2.098828768531085
135.png,39.39652439869234,37.76098905726563,jpeg,6,35.0,40.10980901584696,39.11198463063958,41.80768218364981,38.52714934388431,37.02003182133304,38.1946431002952,-0.9978243852073803,-1.507117522551269
135.png,39.39652439869234,37.76098905726563,jpeg,7,25.0,39.02360748792302,38.49495717117258,41.74715407756506,37.03705207173535,36.32241430537651,37.89601785085099,-0.5286503167504435,-0.714637766358841
135.png,39.39652439869234,37.76098905726563,jpeg,8,15.0,37.000757156326,36.795877780620245,40.79951138740725,34.88197753472463,34.50111826110532,36.77392713896586,-0.2048793757057581,-0.3808592736193148
135.png,39.39652439869234,37.76098905726563,jpeg,9,5.0,30.9086254511058,30.955842426395467,37.873456288519016,29.020817288805702,29.110304147423527,33.015991383759335,0.047216975289668284,0.0894868586178248
135.png,39.39652439869234,37.76098905726563,blur,0,1.0,inf,39.39648768217803,39.39648768217803,inf,37.76093792291627,37.76093792291627,-inf,-inf
135.png,39.39652439869234,37.76098905726563,blur,1,5.0,43.42753653028559,40.57748033333539,45.16657989428144,41.35877688055787,38.773622297282124,42.69103772322815,-2.850056196950206,-2.585154583275745
135.png,39.39652439869234,37.76098905726563,blur,2,9.0,40.65372569510815,39.77986232314373,47.29168353743242,37.34247893432246,37.09952570804173,45.063254791103226,-0.8738633719644184,-0.2429532262807257
135.png,39.39652439869234,37.76098905726563,blur,3,11.0,39.73314234023747,39.21352529183758,47.66686485595834,35.976664434867786,35.99852529773733,45.805082623297515,-0.5196170483998941,0.021860862869544917
135.png,39.39652439869234,37.76098905726563,blur,4,15.0,38.102493582098646,37.915461754196784,47.681104314296846,33.623207047143325,33.71255306555505,46.69625343080167,-0.1870318279018619,0.08934601841172451
135.png,39.39652439869234,37.76098905726563,blur,5,19.0,36.76303542043861,36.69226145225041,47.34533202141812,31.783290456782932,31.773648474847942,47.04064114861857,-0.07077396818819892,-0.00964198193499044
135.png,39.39652439869234,37.76098905726563,blur,6,21.0,36.22720980624328,36.17207023197548,47.186416147902676,31.060610419817852,31.007435046194388,47.11937332414717,-0.05513957426779825,-0.05317537362346414
135.png,39.39652439869234,37.76098905726563,blur,7,25.0,35.198033560487104,35.16529142550895,46.99365316119366,29.73496992461869,29.605868995801305,47.332840550139316,-0.03274213497815737,-0.12910092881738322
135.png,39.39652439869234,37.76098905726563,blur,8,29.0,34.34839604693822,34.33123017125198,47.03097905255397,28.680567385569557,28.506846981237835,47.69766539363805,-0.017165875686238508,-0.1737204043317213
135.png,39.39652439869234,37.76098905726563,blur,9,31.0,33.98130844571639,33.97190578653705,47.08118145621881,28.24928565515695,28.062363995087676,47.839253714026356,-0.009402659179336581,-0.1869216600692738
136.png,31.438503769964345,32.13724581451708,poisson,0,1.0,27.0866690610247,27.860432963505502,24.839823635096955,27.4998563577053,28.513797490286162,25.45235501297227,0.7737639024808018,1.013941132580861
136.png,31.438503769964345,32.13724581451708,poisson,1,0.8944444444444445,26.5760527538165,27.68696882805671,24.515104065242266,27.066547166457767,28.258998812897257,25.009502342459726,1.1109160742402082,1.1924516464394905
136.png,31.438503769964345,32.13724581451708,poisson,2,0.7888888888888889,26.04015711822077,27.20752908565959,24.001964883020218,26.586182838937788,27.877297340016035,24.6000852294991,1.1673719674388217,1.2911145010782477
136.png,31.438503769964345,32.13724581451708,poisson,3,0.6833333333333333,25.410736647969618,26.79559535536547,23.509745687526255,25.86415392018506,27.352686733020786,23.95766728144494,1.3848587073958534,1.4885328128357251
136.png,31.438503769964345,32.13724581451708,poisson,4,0.5777777777777777,24.691554385544407,26.696251904239958,23.03715497239167,25.266047979147856,27.228376122383025,23.550070535756966,2.0046975186955507,1.962328143235169
136.png,31.438503769964345,32.13724581451708,poisson,5,0.4722222222222222,23.818442244637332,26.035509316130305,22.262395021678508,24.128378905924464,26.633656668804406,22.728465268340656,2.2170670714929734,2.505277762879942
136.png,31.438503769964345,32.13724581451708,poisson,6,0.3666666666666667,22.716292398224553,25.418146118862772,21.341521117939063,23.08324416570688,26.09134475208939,21.775517791967822,2.701853720638219,3.008100586382511
136.png,31.438503769964345,32.13724581451708,poisson,7,0.26111111111111107,21.25124496803869,24.654845133074517,20.12437600718644,21.634432215247653,25.24527956278814,20.4907663778694,3.403600165035826,3.6108473475404885
136.png,31.438503769964345,32.13724581451708,poisson,8,0.15555555555555556,19.043832009672297,23.427909234083074,18.213013258092733,19.42537597268021,24.09957001963301,18.625366830217693,4.3840772244107775,4.674194046952799
136.png,31.438503769964345,32.13724581451708,poisson,9,0.05,14.357004303382315,20.93181656763084,14.004684525993191,14.670415632321463,21.652637830855145,14.41969637660354,6.574812264248525,6.982222198533682
136.png,31.438503769964345,32.13724581451708,jpeg,0,95.0,43.87118876727243,31.324185909830668,31.246623805929282,43.61003940826925,32.04187873357867,31.934382805389546,-12.547002857441761,-11.568160674690581
136.png,31.438503769964345,32.13724581451708,jpeg,1,85.0,39.64284961851446,31.686890094562795,31.956476613073438,39.10857377146654,32.19964697239603,32.512891965271976,-7.955959523951666,-6.908926799070507
136.png,31.438503769964345,32.13724581451708,jpeg,2,75.0,38.305831848515226,31.5687399680999,32.03786539996993,37.769780538117,32.34074854131016,32.960619057828715,-6.737091880415324,-5.429031996806835
136.png,31.438503769964345,32.13724581451708,jpeg,3,65.0,37.47330268606629,31.786051306033478,32.41509719035089,36.9582486917978,32.41118903077166,33.194424595063474,-5.687251380032812,-4.54705966102614
136.png,31.438503769964345,32.13724581451708,jpeg,4,55.0,36.758582116072674,32.08962052416459,32.902416649527325,36.2364229691967,32.44055712976623,33.283826642979385,-4.6689615919080865,-3.795865839430469
136.png,31.438503769964345,32.13724581451708,jpeg,5,45.0,36.170992316902975,32.285625847876275,33.34660062410368,35.6631494522606,32.494177756774086,33.609427297450054,-3.8853664690266996,-3.168971695486512
136.png,31.438503769964345,32.13724581451708,jpeg,6,35.0,35.492304092064366,32.43263782780792,33.87102332098956,34.89160291007501,32.389612739199755,33.79117405387282,-3.0596662642564425,-2.5019901708752528
136.png,31.438503769964345,32.13724581451708,jpeg,7,25.0,34.52043486758089,32.474614916938364,34.48100097710869,33.92926577469613,32.36423037211734,34.259970552094735,-2.0458199506425245,-1.5650354025787863
136.png,31.438503769964345,32.13724581451708,jpeg,8,15.0,33.057185805049,31.95381697418247,34.96377511171099,32.25569559412031,31.498528555303942,34.38992562252839,-1.1033688308665326,-0.7571670388163696
136.png,31.438503769964345,32.13724581451708,jpeg,9,5.0,28.956366925699516,28.180158580136453,32.38347179399792,27.833796215302392,27.551819881696705,32.99960355021479,-0.7762083455630631,-0.2819763336056873
136.png,31.438503769964345,32.13724581451708,blur,0,1.0,inf,31.43851143091762,31.43851143091762,inf,32.137331649148,32.137331649148,-inf,-inf
136.png,31.438503769964345,32.13724581451708,blur,1,5.0,31.59472517093604,31.14082695946607,38.8816056164615,35.935412475629406,33.57751505283304,40.17554415575916,-0.4538982114699692,-2.3578974227963627
136.png,31.438503769964345,32.13724581451708,blur,2,9.0,29.221784569472593,29.137568687746,43.15418069496963,33.16919170087485,32.721981801046226,44.59501430041886,-0.08421588172659256,-0.44720989982862136
136.png,31.438503769964345,32.13724581451708,blur,3,11.0,28.586934846454053,28.50752656359917,44.24832547357812,32.35870547138469,32.168980395491246,45.956483787606615,-0.07940828285488166,-0.1897250758934419
136.png,31.438503769964345,32.13724581451708,blur,4,15.0,27.618499288746236,27.622886715773866,46.046408761345106,30.95638816392225,30.968060548073318,48.146626945989325,0.004387427027630508,0.011672384151069082
136.png,31.438503769964345,32.13724581451708,blur,5,19.0,26.92670838245471,27.00426853649558,46.83582872340661,29.77821453948192,29.80269009981488,49.33683241384006,0.0775601540408708,0.02447556033295939
136.png,31.438503769964345,32.13724581451708,blur,6,21.0,26.697677424460093,26.80425326281278,46.336120231729076,29.29469463751746,29.314402905985734,49.28914484602795,0.10657583835268625,0.01970826846827478
136.png,31.438503769964345,32.13724581451708,blur,7,25.0,26.198617548517177,26.32178007626118,47.15604717790491,28.3128691096806,28.272827723903788,50.16764477468864,0.12316252774400382,-0.0400413857768136
136.png,31.438503769964345,32.13724581451708,blur,8,29.0,25.82565614938145,25.93552647588874,46.87524413736451,27.47785450065291,27.405210395235766,50.12820307271959,0.10987032650728779,-0.07264410541714383
136.png,31.438503769964345,32.13724581451708,blur,9,31.0,25.64199375506871,25.74148752548515,47.92056787649023,27.119312242292445,27.008306583408817,50.79396895955355,0.0994937704164407,-0.11100565888362723
137.png,33.06957262391915,34.67757369038776,poisson,0,1.0,27.773338729737368,28.925964503222236,25.712609354861282,28.737363259727182,29.662488191893964,26.568079410603357,1.1526257734848677,0.9251249321667814
137.png,33.06957262391915,34.67757369038776,poisson,1,0.8944444444444445,27.280667702377922,28.456339709899115,25.232123738400457,28.227812212186898,29.424265107186418,26.18949647156721,1.175672007521193,1.1964528949995206
137.png,33.06957262391915,34.67757369038776,poisson,2,0.7888888888888889,26.708482645886995,28.36687314272371,24.905775168529264,27.671791242591247,29.22649706031296,25.835858015731862,1.658390496836713,1.554705817721711
137.png,33.06957262391915,34.67757369038776,poisson,3,0.6833333333333333,26.124233080728757,27.651241123506555,24.243908258812546,27.184592683825983,28.695964330208707,25.26840109162412,1.5270080427777977,1.5113716463827238
137.png,33.06957262391915,34.67757369038776,poisson,4,0.5777777777777777,25.381275908021756,27.443491964461177,23.751397217622984,26.50417376514721,28.254022269751474,24.698786340543695,2.0622160564394214,1.7498485046042624
137.png,33.06957262391915,34.67757369038776,poisson,5,0.4722222222222222,24.545489298055347,26.777445774001166,22.98380596935781,25.614379106368183,27.80521607804246,24.036155459636856,2.231956475945818,2.190836971674276
137.png,33.06957262391915,34.67757369038776,poisson,6,0.3666666666666667,23.45146021668156,25.925283730253092,21.981717786005632,24.483008983174265,27.215635392097028,23.03366013714701,2.4738235135715314,2.732626408922762
137.png,33.06957262391915,34.67757369038776,poisson,7,0.26111111111111107,22.022523916735427,25.10241295974165,20.786879135077143,22.930277175267264,26.16854850274934,21.72844611115737,3.0798890430062222,3.2382713274820745
137.png,33.06957262391915,34.67757369038776,poisson,8,0.15555555555555556,19.88108972130423,23.652915815792017,18.896785958614963,20.67695940879812,24.768188456515215,19.700694238142354,3.7718260944877855,4.091229047717096
137.png,33.06957262391915,34.67757369038776,poisson,9,0.05,15.322310497039757,21.031678830755396,14.855851745895661,15.977596090250444,21.998974702251655,15.488900163344866,5.70936833371564,6.021378612001211
137.png,33.06957262391915,34.67757369038776,jpeg,0,95.0,45.23923243139426,32.97446819997613,32.95070805903802,44.7680499101827,34.56512986804262,34.47397209896548,-12.264764231418127,-10.202920042140079
137.png,33.06957262391915,34.67757369038776,jpeg,1,85.0,41.873416479582644,33.129241011732354,33.37799514454629,41.207630868485936,34.78369397144911,35.155938655821124,-8.74417546785029,-6.423936897036825
137.png,33.06957262391915,34.67757369038776,jpeg,2,75.0,40.50068513069468,33.24366500344201,33.58643188492872,39.851587612551114,34.87372300296704,35.45496287889406,-7.257020127252666,-4.977864609584074
137.png,33.06957262391915,34.67757369038776,jpeg,3,65.0,39.576703902695634,33.18881807575923,33.66295435743528,39.05362093782979,34.92956113142118,35.734823943873096,-6.3878858269364045,-4.12405980640861
137.png,33.06957262391915,34.67757369038776,jpeg,4,55.0,38.81560176272369,33.38494123685082,34.06912886379106,38.27109094840875,34.985731803188116,36.0341528974008,-5.430660525872867,-3.2853591452206317
137.png,33.06957262391915,34.67757369038776,jpeg,5,45.0,38.167540183428194,33.513632101870634,34.45715051332745,37.61799094417836,35.14918415077509,36.40863860723226,-4.65390808155756,-2.4688067934032674
137.png,33.06957262391915,34.67757369038776,jpeg,6,35.0,37.41562306542748,33.38990428109695,34.5770823903668,36.86998309611104,34.9418763633503,36.74928895843486,-4.025718784330529,-1.9281067327607389
137.png,33.06957262391915,34.67757369038776,jpeg,7,25.0,36.318188395907605,33.32418660217507,34.92870936287524,35.949297017688,34.65525376173439,37.35711291411975,-2.9940017937325365,-1.2940432559536035
137.png,33.06957262391915,34.67757369038776,jpeg,8,15.0,34.62308844509512,32.71718078511985,35.54857949564925,34.25490239944143,33.80205615772866,36.963898243541735,-1.90590765997527,-0.4528462417127699
137.png,33.06957262391915,34.67757369038776,jpeg,9,5.0,29.80677977417561,29.084852446177397,33.49787198779732,29.645504169789007,29.670175279550723,33.87312185506663,-0.7219273279982126,0.024671109761715826
137.png,33.06957262391915,34.67757369038776,blur,0,1.0,inf,33.06951846050624,33.06951846050624,inf,34.67753348010389,34.67753348010389,-inf,-inf
137.png,33.06957262391915,34.67757369038776,blur,1,5.0,34.4309684076203,32.40420463244155,37.97129617688594,39.03118165379404,36.00003888464529,41.69647262953952,-2.0267637751787504,-3.031142769148751
137.png,33.06957262391915,34.67757369038776,blur,2,9.0,31.568229617883574,31.214397524457333,39.32781552174245,35.98248932497344,34.95321547348422,44.79383542058504,-0.35383209342624156,-1.0292738514892221
137.png,33.06957262391915,34.67757369038776,blur,3,11.0,30.71137945737416,30.57282865289698,39.594542422504794,35.017318215346755,34.28830992872359,44.92665667589769,-0.13855080447718038,-0.7290082866231629
137.png,33.06957262391915,34.67757369038776,blur,4,15.0,29.20155482658801,29.239378067383154,40.092392886502,33.228109384406636,32.8051825168029,43.936909959637376,0.0378232407951451,-0.422926867603735
137.png,33.06957262391915,34.67757369038776,blur,5,19.0,27.910786811971864,27.991312586283673,40.16592418687588,31.700149443702315,31.383767692956653,42.48439233460803,0.08052577431180907,-0.31638175074566277
137.png,33.06957262391915,34.67757369038776,blur,6,21.0,27.377531560218547,27.477654814686986,40.093832992657674,31.065698125805454,30.7673787163236,41.79864712433683,0.10012325446843917,-0.29831940948185576
137.png,33.06957262391915,34.67757369038776,blur,7,25.0,26.29205064491304,26.423556903613736,39.50988117407208,29.837591598475,29.55305930389909,40.52787577785654,0.13150625870069632,-0.2845322945759108
137.png,33.06957262391915,34.67757369038776,blur,8,29.0,25.39623738976019,25.52861007534677,38.75084934759911,28.829567710214505,28.535549497006336,39.46767540780704,0.1323726855865779,-0.2940182132081688
137.png,33.06957262391915,34.67757369038776,blur,9,31.0,24.993917310836167,25.118193241281297,38.4267384268188,28.410125462945718,28.105278699950777,39.07224358585928,0.12427593044512975,-0.3048467629949414
138.png,32.47111859995947,30.86481573529217,poisson,0,1.0,26.737401207891246,27.5921634339198,24.532398757822058,27.760293511524736,27.54172082563635,25.02630719822651,0.854762226028555,-0.21857268588838608
138.png,32.47111859995947,30.86481573529217,poisson,1,0.8944444444444445,26.274750030556675,27.257965965866514,24.175177147690526,27.190303902390653,27.200781209234407,24.548784359185962,0.9832159353098398,0.010477306843753809
138.png,32.47111859995947,30.86481573529217,poisson,2,0.7888888888888889,25.719396349601652,27.00918044243064,23.784943130751067,26.555022893592994,27.096664092238626,24.264218236710636,1.289784092828988,0.5416411986456318
138.png,32.47111859995947,30.86481573529217,poisson,3,0.6833333333333333,25.099851349453722,26.624380013841748,23.269416013607767,26.10394245864648,26.964944823096374,23.96258003251627,1.5245286643880256,0.8610023644498952
138.png,32.47111859995947,30.86481573529217,poisson,4,0.5777777777777777,24.36999340077156,26.149561136980537,22.658672968113965,25.283805661679033,26.138922714194152,23.288284080690836,1.7795677362089783,0.8551170525151193
138.png,32.47111859995947,30.86481573529217,poisson,5,0.4722222222222222,23.468947003682533,25.879898741642464,22.003951029657188,24.323303112088155,26.33372400210647,22.743829801043567,2.4109517379599303,2.0104208900183167
138.png,32.47111859995947,30.86481573529217,poisson,6,0.3666666666666667,22.39360072428966,25.009075906429885,21.03107415935576,23.444001884738576,25.297547231804515,21.79215660986921,2.6154751821402265,1.853545347065939
138.png,32.47111859995947,30.86481573529217,poisson,7,0.26111111111111107,20.926307551649963,24.395516747994,19.859328821520773,21.6954241820935,24.97012857185326,20.544603985094156,3.469209196344039,3.2747043897597585
138.png,32.47111859995947,30.86481573529217,poisson,8,0.15555555555555556,18.715149049122253,23.124348314907436,17.948129988086826,19.701577716779443,23.74427410455988,18.798469711319047,4.409199265785183,4.042696387780438
138.png,32.47111859995947,30.86481573529217,poisson,9,0.05,14.098647763582319,20.75574986383373,13.789273518263162,14.864598735931786,21.313158824578288,14.438879617699856,6.657102100251413,6.448560088646502
138.png,32.47111859995947,30.86481573529217,jpeg,0,95.0,43.20706800193497,32.377909831142595,32.17155967445408,42.68053231251016,30.7940994911181,30.601272826875125,-10.829158170792375,-11.88643282139206
138.png,32.47111859995947,30.86481573529217,jpeg,1,85.0,38.48696673825284,32.452119425266105,32.807220291900514,37.4969987578675,30.797268089082507,31.085241489688865,-6.034847312986734,-6.699730668784994
138.png,32.47111859995947,30.86481573529217,jpeg,2,75.0,37.227875387742685,32.63469472781507,33.47982541130479,36.084821345543446,30.905120611079113,31.58452491620278,-4.593180659927619,-5.179700734464333
138.png,32.47111859995947,30.86481573529217,jpeg,3,65.0,36.50816835410434,32.687158614277756,33.77269628468001,35.277420434968704,30.961024637571043,31.868435430925818,-3.821009739826586,-4.316395797397661
138.png,32.47111859995947,30.86481573529217,jpeg,4,55.0,35.92404814105359,32.828638912053364,34.20815449378426,34.64860157580822,31.100764291414436,32.23714192300903,-3.095409229000225,-3.547837284393786
138.png,32.47111859995947,30.86481573529217,jpeg,5,45.0,35.45160537411368,32.892149147873184,34.65889059071911,34.159663610177454,31.026835181890185,32.43757565381635,-2.559456226240499,-3.1328284282872687
138.png,32.47111859995947,30.86481573529217,jpeg,6,35.0,34.90845761633055,32.92080094687074,35.23255989130568,33.50213052441044,30.856732427354125,32.3419371302505,-1.9876566694598097,-2.645398097056315
138.png,32.47111859995947,30.86481573529217,jpeg,7,25.0,34.182973458264414,32.922485047333964,36.29896332879956,32.69419943223604,30.911028210612045,32.87435933898508,-1.2604884109304493,-1.783171221623995
138.png,32.47111859995947,30.86481573529217,jpeg,8,15.0,33.089544990159936,32.575082288515716,37.665563263326646,31.159176818020462,30.30499578284273,32.61579509142255,-0.51446270164422,-0.8541810351777315
138.png,32.47111859995947,30.86481573529217,jpeg,9,5.0,29.602778675611976,29.398846807201195,37.91239051948231,26.705219969242133,26.572557345261792,31.66626746833744,-0.20393186841078048,-0.132662623980341
138.png,32.47111859995947,30.86481573529217,blur,0,1.0,inf,32.47109653936836,32.47109653936836,inf,30.864843381419682,30.864843381419682,-inf,-inf
138.png,32.47111859995947,30.86481573529217,blur,1,5.0,36.01376945869035,34.0302299263471,40.87958873479949,33.71455299804041,31.850412347630023,37.685223951973235,-1.9835395323432508,-1.8641406504103877
138.png,32.47111859995947,30.86481573529217,blur,2,9.0,34.258598770501685,33.760805723202495,44.551038100346936,30.95471664703912,30.768395929644925,39.436147825960354,-0.49779304729919005,-0.18632071739419587
138.png,32.47111859995947,30.86481573529217,blur,3,11.0,33.82755978017682,33.536604422583416,45.468137354241016,30.11945685573017,30.152299656342677,39.84288940420734,-0.2909553575934041,0.03284280061250655
138.png,32.47111859995947,30.86481573529217,blur,4,15.0,33.148384999003525,33.04935981541318,46.22586409547792,28.74639285829979,28.998170541800178,39.92326259117491,-0.09902518359034218,0.2517776835003893
138.png,32.47111859995947,30.86481573529217,blur,5,19.0,32.62416909893369,32.59174953227513,46.24400261936416,27.671370593754446,28.00750661014846,39.62039524666795,-0.03241956665856094,0.3361360163940148
138.png,32.47111859995947,30.86481573529217,blur,6,21.0,32.42758228193064,32.4066227353026,46.408378979316545,27.24284718247052,27.60440854499986,39.8010410037749,-0.020959546628041892,0.3615613625293399
138.png,32.47111859995947,30.86481573529217,blur,7,25.0,32.01167185286542,32.020270347141164,46.388835921390125,26.41955091974634,26.81505232442205,39.750744623022776,0.008598494275744883,0.3955014046757128
138.png,32.47111859995947,30.86481573529217,blur,8,29.0,31.677130360294083,31.69810036412761,47.28253850997922,25.729979046048367,26.04610020168368,41.568703046045414,0.020970003833525652,0.3161211556353116
138.png,32.47111859995947,30.86481573529217,blur,9,31.0,31.519415841111616,31.546540529641533,47.69565874960787,25.429723908824435,25.70158592395994,42.38652852066981,0.02712468852991634,0.271862015135504
139.png,33.6049489323712,31.953488368473085,poisson,0,1.0,26.506221899632536,27.895464657083373,24.58272225751058,27.552298830523057,27.99034434431903,25.035411968638964,1.3892427574508375,0.43804551379597356
139.png,33.6049489323712,31.953488368473085,poisson,1,0.8944444444444445,26.00988276344541,27.70804211955013,24.256976255786938,27.33100664207239,27.943127793191735,25.065260351126426,1.6981593561047177,0.6121211511193465
139.png,33.6049489323712,31.953488368473085,poisson,2,0.7888888888888889,25.50245592779389,27.329037926864604,23.799299581556404,26.553736525772482,27.476244615444134,24.41672151109743,1.826581999070715,0.922508089671652
139.png,33.6049489323712,31.953488368473085,poisson,3,0.6833333333333333,24.853161096076292,26.786725627818026,23.198081889220816,25.930493095432507,26.827274792684,23.768702075982784,1.9335645317417338,0.8967816972514946
139.png,33.6049489323712,31.953488368473085,poisson,4,0.5777777777777777,24.130231733165765,26.531767137203502,22.67119657954011,25.1589688991099,27.076212813775882,23.4300989569901,2.4015354040377375,1.9172439146659812
139.png,33.6049489323712,31.953488368473085,poisson,5,0.4722222222222222,23.26150661243666,25.936323777195014,21.895681403881404,24.282279222138374,26.16954409609541,22.50985175656753,2.6748171647583554,1.8872648739570366
139.png,33.6049489323712,31.953488368473085,poisson,6,0.3666666666666667,22.15764340272731,25.386999434048285,21.004995772115862,23.18667842723361,26.03807457119511,21.811523575387888,3.2293560313209753,2.8513961439615017
139.png,33.6049489323712,31.953488368473085,poisson,7,0.26111111111111107,20.719031304960744,24.336883509923446,19.726236709533673,21.66542070551231,24.923796510414732,20.416358110762836,3.617852204962702,3.258375804902421
139.png,33.6049489323712,31.953488368473085,poisson,8,0.15555555555555556,18.496368119650818,23.163300740563336,17.77594421943799,19.47802079360637,23.762932525120213,18.62059986973053,4.666932620912519,4.284911731513844
139.png,33.6049489323712,31.953488368473085,poisson,9,0.05,13.967917316439461,20.54089637511023,13.643568239798721,14.720609431795488,21.410645259355686,14.392122328698253,6.572979058670768,6.690035827560198
139.png,33.6049489323712,31.953488368473085,jpeg,0,95.0,44.43817750163208,33.5142399764629,33.384688437870075,43.37013125889457,31.91697407679614,31.772525597625187,-10.92393752516918,-11.453157182098426
139.png,33.6049489323712,31.953488368473085,jpeg,1,85.0,40.28942105601108,33.714372494066886,34.04300709166789,38.61137709023261,32.03735814897189,32.36464366930215,-6.575048561944193,-6.574018941260718
139.png,33.6049489323712,31.953488368473085,jpeg,2,75.0,38.93124345911027,33.861300675958034,34.47894559658941,37.01918975609108,32.122218181283785,32.56922776003549,-5.069942783152236,-4.896971574807296
139.png,33.6049489323712,31.953488368473085,jpeg,3,65.0,38.08620305547955,33.99180356436458,34.83683851276115,36.25425608711189,32.18733399039693,32.92261833793126,-4.09439949111497,-4.066922096714961
139.png,33.6049489323712,31.953488368473085,jpeg,4,55.0,37.39733830108499,34.12907984102971,35.314031001755055,35.61689483239057,32.298514539225074,33.266655935110386,-3.2682584600552858,-3.3183802931654967
139.png,33.6049489323712,31.953488368473085,jpeg,5,45.0,36.84043454097988,34.14134411457612,35.66201163439666,35.07792297820363,32.09490239185865,33.202203024025685,-2.6990904264037567,-2.9830205863449777
139.png,33.6049489323712,31.953488368473085,jpeg,6,35.0,36.21061999281273,34.183620371545466,36.34219612662924,34.4746489695055,32.153919362985135,33.353293755833896,-2.026999621267265,-2.3207296065203664
139.png,33.6049489323712,31.953488368473085,jpeg,7,25.0,35.38530121052992,34.19402795938165,37.613861983650274,33.53774540374394,32.045402793794395,33.81918290380844,-1.1912732511482673,-1.4923426099495458
139.png,33.6049489323712,31.953488368473085,jpeg,8,15.0,34.15889761429899,33.655902103025845,39.20246886965538,31.88539989838113,31.143394869863158,33.424306372741334,-0.5029955112731486,-0.7420050285179727
139.png,33.6049489323712,31.953488368473085,jpeg,9,5.0,30.491226030432696,30.20006761739493,38.988183542209065,27.8117059611238,27.477789253519276,32.15184030721807,-0.2911584130377669,-0.33391670760452286
139.png,33.6049489323712,31.953488368473085,blur,0,1.0,inf,33.604992101878885,33.604992101878885,inf,31.953387061325596,31.953387061325596,-inf,-inf
139.png,33.6049489323712,31.953488368473085,blur,1,5.0,37.98598110596907,35.49910408997332,41.5433814362429,35.24942053451487,33.256349075205804,38.31304033078966,-2.486877015995745,-1.9930714593090642
139.png,33.6049489323712,31.953488368473085,blur,2,9.0,35.955925008306316,35.29640540738545,45.38029647215217,32.655160656703764,32.57858381434702,40.4732316615226,-0.6595196009208664,-0.07657684235674367
139.png,33.6049489323712,31.953488368473085,blur,3,11.0,35.493341964960685,35.08442011859604,46.189314755082485,31.919121875773353,32.12332331950698,40.921590604394105,-0.4089218463646418,0.20420144373362703
139.png,33.6049489323712,31.953488368473085,blur,4,15.0,34.81414147920339,34.630350442519365,46.62712567487596,30.687068855070834,31.207882381509876,41.564538042608135,-0.18379103668402763,0.5208135264390421
139.png,33.6049489323712,31.953488368473085,blur,5,19.0,34.32927245673532,34.21262178586147,46.57699927585348,29.644555061818263,30.223338138750467,42.02739108231374,-0.11665067087384529,0.5787830769322042
139.png,33.6049489323712,31.953488368473085,blur,6,21.0,34.15317721789721,34.04486395508903,46.50806214372886,29.209462574696094,29.778763867667273,42.227980009490224,-0.10831326280818132,0.5693012929711792
139.png,33.6049489323712,31.953488368473085,blur,7,25.0,33.78350189787836,33.69511936357956,46.30632012382325,28.31065970039331,28.81237559126875,42.607949349193966,-0.08838253429880183,0.5017158908754418
139.png,33.6049489323712,31.953488368473085,blur,8,29.0,33.480810917994866,33.39983439400313,46.21440239713842,27.530293832065347,27.956246441028846,42.858875883804345,-0.08097652399173683,0.42595260896349885
139.png,33.6049489323712,31.953488368473085,blur,9,31.0,33.3385726213852,33.26228698235389,46.14133573323674,27.191216622995068,27.582158157482617,43.01416394491507,-0.0762856390313047,0.3909415344875491
14.png,32.45292673459592,32.87558812159847,poisson,0,1.0,27.241363776987654,28.33311299843794,25.128880634970052,28.41479979870033,29.284949545578254,26.218411966019204,1.0917492214502857,0.8701497468779245
14.png,32.45292673459592,32.87558812159847,poisson,1,0.8944444444444445,26.767793716869782,27.9997663336935,24.768607944287993,28.22377606204472,28.898121449000577,26.084758471623537,1.2319726168237182,0.6743453869558564
14.png,32.45292673459592,32.87558812159847,poisson,2,0.7888888888888889,26.209131482123425,27.859702251829887,24.38321847514425,27.330308871176175,28.716403332060754,25.424714093666864,1.6505707697064622,1.3860944608845784
14.png,32.45292673459592,32.87558812159847,poisson,3,0.6833333333333333,25.586202887182875,27.542217748643452,23.913857172124445,26.790271145159505,28.498408935690378,24.963670738740266,1.9560148614605772,1.7081377905308734
14.png,32.45292673459592,32.87558812159847,poisson,4,0.5777777777777777,24.880487883801308,26.9243300178575,23.237672337541404,26.011838291794035,28.087838943672125,24.29425095910264,2.0438421340561916,2.07600065187809
14.png,32.45292673459592,32.87558812159847,poisson,5,0.4722222222222222,23.975579658698038,26.652956076042305,22.574626983011083,25.128279219541078,27.627296938944248,23.577757069926,2.6773764173442665,2.49901771940317
14.png,32.45292673459592,32.87558812159847,poisson,6,0.3666666666666667,22.925818805846554,25.883183209961732,21.64456861004404,24.045170163145052,27.012656572266124,22.73941931308208,2.9573644041151788,2.967486409121072
14.png,32.45292673459592,32.87558812159847,poisson,7,0.26111111111111107,21.486005715730094,25.026708357271964,20.410886439312115,22.617059586261192,26.39951195978154,21.558557252243787,3.54070264154187,3.78245237352035
14.png,32.45292673459592,32.87558812159847,poisson,8,0.15555555555555556,19.30156096872525,23.695261681597472,18.479558675617657,20.32163421206843,24.973022110941166,19.43825604516062,4.393700712872221,4.651387898872734
14.png,32.45292673459592,32.87558812159847,poisson,9,0.05,14.668707147863266,21.058587275045348,14.32426117029387,15.564977245166446,22.305408914170116,15.196721106929903,6.3898801271820815,6.740431669003669
14.png,32.45292673459592,32.87558812159847,jpeg,0,95.0,44.44094633595817,32.397193002923395,32.32699034995622,43.79724637760681,32.858070972441766,32.73151241275359,-12.043753333034772,-10.939175405165045
14.png,32.45292673459592,32.87558812159847,jpeg,1,85.0,40.45438065075292,32.43209118874864,32.68914298248936,39.457503328964336,32.86713073032139,33.112396043439304,-8.022289462004274,-6.590372598642944
14.png,32.45292673459592,32.87558812159847,jpeg,2,75.0,39.09265757431826,32.868946374017206,33.36252871855025,38.08070852605402,33.0324846589662,33.695999068128906,-6.223711200301054,-5.04822386708782
14.png,32.45292673459592,32.87558812159847,jpeg,3,65.0,38.21201426968125,32.71274108773889,33.34908384826829,37.234510189031596,32.98010398809796,33.61795834969419,-5.499273181942357,-4.254406200933637
14.png,32.45292673459592,32.87558812159847,jpeg,4,55.0,37.45372203436749,32.90210848707773,33.64830755183884,36.50547648277394,33.00373811164559,33.938359465345954,-4.5516135472897545,-3.5017383711283543
14.png,32.45292673459592,32.87558812159847,jpeg,5,45.0,36.83777670402809,32.86633267273827,33.93933014375357,35.94102466781657,32.91863521680246,33.902195900717444,-3.9714440312898205,-3.0223894510141136
14.png,32.45292673459592,32.87558812159847,jpeg,6,35.0,36.166152444305794,33.07118259014085,34.386496070563716,35.15123882581145,32.82274146470135,34.03815909701074,-3.094969854164944,-2.328497361110095
14.png,32.45292673459592,32.87558812159847,jpeg,7,25.0,35.08067500589008,33.0153406128545,34.61682647659312,34.202267925318836,32.705967137619275,34.33545218679998,-2.0653343930355774,-1.4963007876995604
14.png,32.45292673459592,32.87558812159847,jpeg,8,15.0,33.25753518429382,32.62606063467091,35.51079638397142,32.376104960190574,31.817008828093634,33.97109380216658,-0.631474549622915,-0.5590961320969399
14.png,32.45292673459592,32.87558812159847,jpeg,9,5.0,29.15825956705127,29.00187176412263,33.26336559267062,27.48949291097505,27.411756941642857,32.41234039453034,-0.1563878029286414,-0.07773596933219196
14.png,32.45292673459592,32.87558812159847,blur,0,1.0,inf,32.45295136793415,32.45295136793415,inf,32.875564191561544,32.875564191561544,-inf,-inf
14.png,32.45292673459592,32.87558812159847,blur,1,5.0,33.03344287794823,31.980684605477734,38.57955935667958,36.158011828372175,33.49678977397549,39.892356639650274,-1.0527582724704985,-2.6612220543966814
14.png,32.45292673459592,32.87558812159847,blur,2,9.0,29.511359059510948,28.793330665283094,40.42476536898245,33.0151948802261,32.43928384959811,44.51417346349981,-0.7180283942278542,-0.5759110306279851
14.png,32.45292673459592,32.87558812159847,blur,3,11.0,28.5233735984983,27.88653317786547,41.634086351718416,32.060312745733455,31.791324125527854,45.92613186122482,-0.6368404206328293,-0.2689886202056009
14.png,32.45292673459592,32.87558812159847,blur,4,15.0,27.089820425747966,26.78479124297239,44.46994880797814,30.460738889762272,30.465313913296995,48.0320903230707,-0.3050291827755771,0.004575023534723499
14.png,32.45292673459592,32.87558812159847,blur,5,19.0,26.116068890947908,26.06053295417128,46.01136589669331,29.14836832022571,29.242679659429655,49.09126532483009,-0.0555359367766286,0.0943113392039443
14.png,32.45292673459592,32.87558812159847,blur,6,21.0,25.798639068897074,25.805476935860092,46.49392675904819,28.60931522314082,28.682214071656066,49.746756389207675,0.006837866963017802,0.07289884851524775
14.png,32.45292673459592,32.87558812159847,blur,7,25.0,25.168798562730224,25.24314703319734,47.07711199985791,27.553952236969153,27.583603693463317,50.748536554033535,0.07434847046711468,0.029651456494164563
14.png,32.45292673459592,32.87558812159847,blur,8,29.0,24.699246586600992,24.787215599995,47.92124573123054,26.666859799765625,26.579943006286307,51.92683336089932,0.08796901339400875,-0.08691679347931824
14.png,32.45292673459592,32.87558812159847,blur,9,31.0,24.48351794781594,24.577285844542946,47.83361351737724,26.290261477326744,26.201994090843673,52.09483558135286,0.09376789672700525,-0.08826738648307142
140.png,38.90624639598351,37.96709171328303,poisson,0,1.0,27.904629056549282,30.010866292161342,26.278653094568632,28.99856403639962,30.705157464800102,27.25693465525972,2.1062372356120598,1.7065934284004811
140.png,38.90624639598351,37.96709171328303,poisson,1,0.8944444444444445,27.414405803849185,29.523454835892874,25.81404762581061,28.444131594472097,30.164382137416403,26.67724066054307,2.109049032043689,1.7202505429443065
140.png,38.90624639598351,37.96709171328303,poisson,2,0.7888888888888889,26.897893333460324,29.149907526287862,25.358645899934515,27.95183095024766,29.880104678967072,26.268663039420176,2.252014192827538,1.928273728719411
140.png,38.90624639598351,37.96709171328303,poisson,3,0.6833333333333333,26.271674295175927,28.710362732275108,24.787140035782933,27.28090523318582,29.390252883300544,25.61773014599661,2.438688437099181,2.1093476501147244
140.png,38.90624639598351,37.96709171328303,poisson,4,0.5777777777777777,25.556299673867766,28.126754180512403,24.130889265232828,26.687675267458157,29.042889344475455,25.219493313045604,2.570454506644637,2.3552140770172976
140.png,38.90624639598351,37.96709171328303,poisson,5,0.4722222222222222,24.70072836510608,27.57366302233398,23.398308834467777,25.77529837212401,28.528103552954406,24.37987104886283,2.8729346572279013,2.7528051808303964
140.png,38.90624639598351,37.96709171328303,poisson,6,0.3666666666666667,23.608670456353032,26.751335047657356,22.421968939047744,24.549023616737134,27.725741385449652,23.340899291955882,3.1426645913043245,3.1767177687125177
140.png,38.90624639598351,37.96709171328303,poisson,7,0.26111111111111107,22.155193843537234,25.87190981151981,21.152355825574183,23.09155003976839,26.84369220402678,22.071832358968667,3.7167159679825765,3.752142164258391
140.png,38.90624639598351,37.96709171328303,poisson,8,0.15555555555555556,20.00305060025264,24.592200216713096,19.238477683401733,20.97516507605114,25.559373485282673,20.202494820231344,4.589149616460457,4.5842084092315325
140.png,38.90624639598351,37.96709171328303,poisson,9,0.05,15.372634300676607,21.923165352527512,15.091670942686864,16.014127850861442,22.705974153016342,15.701046013934661,6.550531051850905,6.6918463021549
140.png,38.90624639598351,37.96709171328303,jpeg,0,95.0,46.35338852559627,38.78873465582845,38.85977361490611,45.597507553714266,37.87424555075251,37.916921435179766,-7.564653869767824,-7.723262002961754
140.png,38.90624639598351,37.96709171328303,jpeg,1,85.0,43.745140403563816,39.02120428383766,39.736683352536815,42.87109810741161,38.1065533289908,38.8703763017261,-4.7239361197261545,-4.764544778420813
140.png,38.90624639598351,37.96709171328303,jpeg,2,75.0,42.50687470365556,39.095582267922744,40.177727151044124,41.61097340546128,38.10797988912579,38.98351463690033,-3.4112924357328183,-3.5029935163354935
140.png,38.90624639598351,37.96709171328303,jpeg,3,65.0,41.71135865665323,39.070326857718236,40.507759246444195,40.79610956363203,37.95534624400436,39.06529878919365,-2.6410317989349963,-2.840763319627669
140.png,38.90624639598351,37.96709171328303,jpeg,4,55.0,40.99554083189234,38.97076106211998,40.77553976238454,39.99102540327784,37.91361052919577,39.293729562254946,-2.0247797697723584,-2.0774148740820664
140.png,38.90624639598351,37.96709171328303,jpeg,5,45.0,40.40704221463799,38.87146301379073,41.02068196525341,39.26827392817981,37.53436657700569,39.09586187621501,-1.535579200847259,-1.7339073511741177
140.png,38.90624639598351,37.96709171328303,jpeg,6,35.0,39.664516255250255,38.630862917989106,41.235643553560166,38.55011843691324,37.47044569710799,39.12229219150131,-1.0336533372611498,-1.0796727398052468
140.png,38.90624639598351,37.96709171328303,jpeg,7,25.0,38.568268604810896,38.014129381793346,41.11566819836491,37.19915325658128,36.679662964139986,38.884427643958894,-0.5541392230175504,-0.5194902924412972
140.png,38.90624639598351,37.96709171328303,jpeg,8,15.0,36.58083349725347,36.45623435926045,40.4368915726016,34.99478929653595,34.83540302534551,37.34498399200952,-0.12459913799302313,-0.15938627119044213
140.png,38.90624639598351,37.96709171328303,jpeg,9,5.0,30.92041466920033,30.898478903562495,37.62228422591785,28.910590853597533,28.928023232714857,34.08215416554018,-0.021935765637834947,0.01743237911732365
140.png,38.90624639598351,37.96709171328303,blur,0,1.0,inf,38.90623065740472,38.90623065740472,inf,37.96717517051065,37.96717517051065,-inf,-inf
140.png,38.90624639598351,37.96709171328303,blur,1,5.0,42.83927336076118,39.8977816594824,45.01273473142521,41.29975836794128,38.52334724024128,43.95042416326865,-2.9414917012787853,-2.776411127700001
140.png,38.90624639598351,37.96709171328303,blur,2,9.0,40.08485062473143,39.00994137417497,47.5783957047279,37.89861139597538,36.76555829507571,46.45283503490003,-1.074909250556459,-1.133053100899673
140.png,38.90624639598351,37.96709171328303,blur,3,11.0,39.179525464033375,38.41913562381714,48.09890301673923,36.72364187443812,35.81102204995637,47.08851048617511,-0.7603898402162343,-0.9126198244817516
140.png,38.90624639598351,37.96709171328303,blur,4,15.0,37.571458505864015,37.16452839659401,48.725906388465106,34.706794505177626,33.95229988354569,47.89131722988009,-0.4069301092700073,-0.7544946216319346
140.png,38.90624639598351,37.96709171328303,blur,5,19.0,36.228392028812145,35.976897766533995,49.06795113771338,33.088003982856605,32.40783763711812,48.336606351021665,-0.2514942622781504,-0.6801663457384848
140.png,38.90624639598351,37.96709171328303,blur,6,21.0,35.67858880717384,35.46274798392677,49.208252337482804,32.446872885266174,31.79409005907294,48.49032534997859,-0.21584082324707055,-0.6527828261932349
140.png,38.90624639598351,37.96709171328303,blur,7,25.0,34.611128254269325,34.4538495047547,49.49035274441297,31.258300150655526,30.665142770911103,48.8845672322741,-0.1572787495146244,-0.5931573797444223
140.png,38.90624639598351,37.96709171328303,blur,8,29.0,33.717936069705516,33.59384226107202,49.70647645012178,30.28057962790157,29.745974718426993,49.245599251893225,-0.1240938086334964,-0.5346049094745773
140.png,38.90624639598351,37.96709171328303,blur,9,31.0,33.32786924929409,33.22024501224318,49.80797106281871,29.880248804514174,29.368024562253883,49.46685617262075,-0.1076242370509064,-0.5122242422602916
141.png,32.330919766819385,31.749153247890884,poisson,0,1.0,26.926204432933233,27.83702273772586,24.76983788297146,27.54609612421344,27.894899566726753,25.19445869516037,0.9108183047926275,0.3488034425133115
141.png,32.330919766819385,31.749153247890884,poisson,1,0.8944444444444445,26.415275442067912,27.52778702869903,24.3919234839801,26.858978040048214,27.42755486479649,24.556594155550805,1.1125115866311184,0.568576824748277
141.png,32.330919766819385,31.749153247890884,poisson,2,0.7888888888888889,25.884798973569243,27.20128248547493,23.94900222267261,26.41493853966546,27.139464560109747,24.165445649486102,1.3164835119056875,0.7245260204442872
141.png,32.330919766819385,31.749153247890884,poisson,3,0.6833333333333333,25.230139929640455,27.01921359383331,23.50235921417784,25.687957736272207,27.19704367430806,23.817712799276173,1.7890736641928555,1.5090859380358523
141.png,32.330919766819385,31.749153247890884,poisson,4,0.5777777777777777,24.520838250195357,26.58672938480297,22.915948536479185,25.088139812550516,26.68554554055583,23.307057675057376,2.0658911346076145,1.597405728005313
141.png,32.330919766819385,31.749153247890884,poisson,5,0.4722222222222222,23.66535795580876,26.135461477610576,22.214968819081676,24.151792906880708,26.266353188808516,22.527919834021258,2.4701035218018177,2.114560281927808
141.png,32.330919766819385,31.749153247890884,poisson,6,0.3666666666666667,22.56658097062725,25.436777636264893,21.281378147751624,23.0958827671736,25.746315604792652,21.715614761329142,2.8701966656376428,2.6504328376190536
141.png,32.330919766819385,31.749153247890884,poisson,7,0.26111111111111107,21.11628423032291,24.713351241168763,20.089449825971677,21.63956953474834,25.0274741665964,20.37715117408428,3.5970670108458513,3.387904631848059
141.png,32.330919766819385,31.749153247890884,poisson,8,0.15555555555555556,18.930278504212012,23.51773818996682,18.181209335353227,19.380066179290218,23.780171354270557,18.539608890524477,4.5874596857548084,4.4001051749803395
141.png,32.330919766819385,31.749153247890884,poisson,9,0.05,14.303246000082105,21.035160223869088,14.02650879361351,14.535045235392548,20.913370089165284,14.23314065496946,6.731914223786983,6.378324853772735
141.png,32.330919766819385,31.749153247890884,jpeg,0,95.0,43.2405146509307,32.189367623061294,31.97514927142531,42.80154007968974,31.57424946557682,31.328681387272745,-11.051147027869405,-11.227290614112917
141.png,32.330919766819385,31.749153247890884,jpeg,1,85.0,38.369532593369236,32.289569794923246,32.63200295760724,37.74019692806411,31.74364615390919,32.140823837684074,-6.07996279844599,-5.996550774154919
141.png,32.330919766819385,31.749153247890884,jpeg,2,75.0,37.100422410350795,32.3886708029515,33.208551528544184,36.52828359969461,31.742977036602163,32.56055379964167,-4.711751607399293,-4.785306563092448
141.png,32.330919766819385,31.749153247890884,jpeg,3,65.0,36.38916139098676,32.58548583255976,33.67150636479907,35.74680929484434,31.951451166642293,33.02776389783681,-3.8036755584269955,-3.7953581282020465
141.png,32.330919766819385,31.749153247890884,jpeg,4,55.0,35.811887071485714,32.7178616044378,34.11717733280196,35.165570088394254,31.97081019144782,33.35634853365078,-3.0940254670479135,-3.194759896946433
141.png,32.330919766819385,31.749153247890884,jpeg,5,45.0,35.34027261736281,32.87560215322104,34.71486983527164,34.670366789389995,32.13271514374793,33.66632238609674,-2.4646704641417685,-2.5376516456420646
141.png,32.330919766819385,31.749153247890884,jpeg,6,35.0,34.82003994392106,33.05617549304124,35.67689800633176,34.06334680624576,32.156187681285196,34.025872703712935,-1.7638644508798222,-1.9071591249605646
141.png,32.330919766819385,31.749153247890884,jpeg,7,25.0,34.15591607098552,33.189178183795136,37.217742449092086,33.3214669259993,32.322325044251265,34.882586530736276,-0.9667378871903836,-0.999141881748038
141.png,32.330919766819385,31.749153247890884,jpeg,8,15.0,33.16576366606551,32.86998605519452,39.2509907282009,31.7415811552923,31.285561083995223,34.22010183924539,-0.2957776108709851,-0.456020071297079
141.png,32.330919766819385,31.749153247890884,jpeg,9,5.0,29.961333483685365,29.894057951773938,38.99758298349343,27.20399536199624,27.18550364916867,32.4946937601638,-0.06727553191142732,-0.018491712827568563
141.png,32.330919766819385,31.749153247890884,blur,0,1.0,inf,32.330899699384304,32.330899699384304,inf,31.749233264856535,31.749233264856535,-inf,-inf
141.png,32.330919766819385,31.749153247890884,blur,1,5.0,36.03153391134386,34.18682091016243,41.59639153166541,34.99519183348686,33.308092193967894,39.72672540217068,-1.8447130011814252,-1.6870996395189621
141.png,32.330919766819385,31.749153247890884,blur,2,9.0,34.485961826174346,34.06511914410803,46.45779607817394,32.67657706748926,32.50209162867301,42.92458781247407,-0.4208426820663149,-0.1744854388162551
141.png,32.330919766819385,31.749153247890884,blur,3,11.0,34.12962553565082,33.89192459623681,47.558907267281754,31.92803669879644,31.895239687901164,43.54649572486711,-0.2377009394140046,-0.0327970108952762
141.png,32.330919766819385,31.749153247890884,blur,4,15.0,33.55349486940642,33.48871420960335,48.28293603544417,30.51433299080515,30.503283248151206,44.02706250836604,-0.0647806598030698,-0.011049742653945316
141.png,32.330919766819385,31.749153247890884,blur,5,19.0,33.10096425148896,33.07967835418856,48.12912038179226,29.348475440459737,29.236861840815855,43.65454927056423,-0.021285897300401757,-0.1116135996438814
141.png,32.330919766819385,31.749153247890884,blur,6,21.0,32.92773408979399,32.90928984539824,48.18468602710534,28.884290709031838,28.73054523144463,43.896154180153445,-0.018444244395745102,-0.1537454775872078
141.png,32.330919766819385,31.749153247890884,blur,7,25.0,32.55961321882089,32.555072860619376,48.272519257361196,28.018788759961687,27.797614365718747,44.09751131304241,-0.004540358201516881,-0.22117439424294005
141.png,32.330919766819385,31.749153247890884,blur,8,29.0,32.26431444987537,32.25817126761032,48.56902870388772,27.325637591927094,27.07959475602269,44.86402009410776,-0.006143182265049063,-0.24604283590440446
141.png,32.330919766819385,31.749153247890884,blur,9,31.0,32.12690758373177,32.124504657740644,48.81956049523535,27.039524620624746,26.787114013054204,45.42176792422919,-0.002402925991127347,-0.25241060757054257
142.png,31.612853322182218,31.738615781337863,poisson,0,1.0,27.992447625158803,28.164767416067686,25.436633794963534,28.4601641195241,28.57621774702686,25.92532845258218,0.17231979090888316,0.11605362750275816
142.png,31.612853322182218,31.738615781337863,poisson,1,0.8944444444444445,27.509265043908037,27.89273184680551,25.094253111101384,28.019354804180963,28.513064563236256,25.644405742230912,0.38346680289747326,0.49370975905529235
142.png,31.612853322182218,31.738615781337863,poisson,2,0.7888888888888889,26.95115802164747,27.535982119641425,24.647604509648332,27.424436224923028,27.9075323562062,25.083215906262836,0.5848240979939554,0.4830961312831725
142.png,31.612853322182218,31.738615781337863,poisson,3,0.6833333333333333,26.33387069648124,27.33468673985568,24.231721115933894,26.870992161412044,27.870273334927063,24.83433665427509,1.0008160433744386,0.9992811735150191
142.png,31.612853322182218,31.738615781337863,poisson,4,0.5777777777777777,25.603320201550062,26.898084594357346,23.637052976294548,26.045317910335434,27.300740670701774,24.15382594415037,1.2947643928072843,1.25542276036634
142.png,31.612853322182218,31.738615781337863,poisson,5,0.4722222222222222,24.747931574391163,26.44555917938956,22.969177924209653,25.3365728567886,26.939556193766453,23.547684579333996,1.6976276049983952,1.6029833369778537
142.png,31.612853322182218,31.738615781337863,poisson,6,0.3666666666666667,23.636994679182408,25.80700798674534,22.052358011187366,24.13808454960231,26.41920001063096,22.525361548739685,2.1700133075629324,2.281115461028648
142.png,31.612853322182218,31.738615781337863,poisson,7,0.26111111111111107,22.182918074658076,24.958864299108605,20.84951435110885,22.59640381142757,25.45114661667112,21.18108407782651,2.7759462244505286,2.85474280524355
142.png,31.612853322182218,31.738615781337863,poisson,8,0.15555555555555556,19.97629330731876,24.004365680574587,19.0675847665505,20.49876890888588,24.885998121428337,19.63544632040375,4.028072373255828,4.387229212542458
142.png,31.612853322182218,31.738615781337863,poisson,9,0.05,15.239893523217901,21.6915373842294,14.905694765844697,15.533861863197842,22.206025400293996,15.161449573814139,6.4516438610114974,6.672163537096154
142.png,31.612853322182218,31.738615781337863,jpeg,0,95.0,43.748382414272164,31.49568591518905,31.392822517951732,43.45293264968264,31.665423831165313,31.511487234020734,-12.252696499083115,-11.787508818517324
142.png,31.612853322182218,31.738615781337863,jpeg,1,85.0,39.270278715166064,31.573910201178702,31.82732710550014,38.95535899077254,31.734910240367412,32.03290242789831,-7.6963685139873625,-7.220448750405126
142.png,31.612853322182218,31.738615781337863,jpeg,2,75.0,37.896167740953366,31.848279363485283,32.38806913722607,37.50813712684273,31.991346361141105,32.6123552915527,-6.047888377468084,-5.516790765701629
142.png,31.612853322182218,31.738615781337863,jpeg,3,65.0,37.063300067345374,31.89814923549148,32.56070678425686,36.68396505728818,31.994332494892678,32.625227769644766,-5.165150831853893,-4.689632562395499
142.png,31.612853322182218,31.738615781337863,jpeg,4,55.0,36.36468546811117,32.07058794542169,32.93615996194744,35.960891828947744,32.161867727668046,32.813741500606056,-4.294097522689476,-3.7990241012796986
142.png,31.612853322182218,31.738615781337863,jpeg,5,45.0,35.79162262761242,32.312250680092795,33.47220335385652,35.30031637897751,32.266172575937645,33.2248114691821,-3.479371947519624,-3.0341438030398677
142.png,31.612853322182218,31.738615781337863,jpeg,6,35.0,35.12935282316689,32.47488817273964,34.076588298439304,34.671882388655774,32.37904522464474,34.07212197930507,-2.6544646504272507,-2.2928371640110328
142.png,31.612853322182218,31.738615781337863,jpeg,7,25.0,34.22969429653331,32.56131242339692,34.97829819500464,33.713263468229506,32.40240739435285,34.37502916548479,-1.66838187313639,-1.310856073876657
142.png,31.612853322182218,31.738615781337863,jpeg,8,15.0,32.874794065762146,32.02558993582814,35.887383691398476,31.9150742975612,31.436145733274298,34.59130942534166,-0.8492041299340087,-0.4789285642869032
142.png,31.612853322182218,31.738615781337863,jpeg,9,5.0,28.926936510563877,28.27031527318246,34.0218172753612,27.68273006298237,27.655892729954314,33.38409003639093,-0.6566212373814153,-0.026837333028055355
142.png,31.612853322182218,31.738615781337863,blur,0,1.0,inf,31.61281179614452,31.61281179614452,inf,31.738519392070522,31.738519392070522,-inf,-inf
142.png,31.612853322182218,31.738615781337863,blur,1,5.0,33.526971801778636,32.446735231466334,40.8433755617212,35.62232319325475,33.39954441959382,40.50811299809894,-1.0802365703123016,-2.2227787736609272
142.png,31.612853322182218,31.738615781337863,blur,2,9.0,31.596096624224323,31.222406478147697,45.82651850044117,33.04701760508155,32.508162661444075,45.25091636955266,-0.3736901460766262,-0.5388549436374745
142.png,31.612853322182218,31.738615781337863,blur,3,11.0,31.133287986636546,30.859021921280622,47.111118685580344,32.31772861093289,31.980557342419157,46.80336042048093,-0.2742660653559241,-0.3371712685137318
142.png,31.612853322182218,31.738615781337863,blur,4,15.0,30.398105786071575,30.316795265331507,48.94247543719352,31.044816865868945,30.814926983658957,49.07270998283981,-0.08131052074006817,-0.22988988220998863
142.png,31.612853322182218,31.738615781337863,blur,5,19.0,29.827550775270318,29.803648039803925,49.99747005162788,29.970258556290574,29.69493936219536,50.171680658425274,-0.02390273546639321,-0.2753191940952142
142.png,31.612853322182218,31.738615781337863,blur,6,21.0,29.616551606478104,29.579478921332033,50.061161491253394,29.524747932186408,29.198892756977934,50.22495837715641,-0.03707268514607165,-0.3258551752084742
142.png,31.612853322182218,31.738615781337863,blur,7,25.0,29.143476656142653,29.13373737283827,50.40717551290495,28.613894972800683,28.265700224322504,50.424866811292134,-0.009739283304384116,-0.34819474847817844
142.png,31.612853322182218,31.738615781337863,blur,8,29.0,28.776795982901504,28.74061436711742,50.28516002015106,27.853174051161194,27.481512064594767,50.25082878947216,-0.03618161578408419,-0.37166198656642635
142.png,31.612853322182218,31.738615781337863,blur,9,31.0,28.588686487694236,28.560717292154827,50.26179497425016,27.523297164606785,27.151941601196622,50.2314532505204,-0.027969195539409242,-0.3713555634101624
143.png,32.701360476934866,32.042385149263524,poisson,0,1.0,26.53567273108477,27.808968800851602,24.554353089641335,26.826051798681036,27.53215819329037,24.569337855870327,1.2732960697668325,0.7061063946093356
143.png,32.701360476934866,32.042385149263524,poisson,1,0.8944444444444445,26.06299228384186,27.518320135006608,24.168389069695436,26.23918888051155,27.361799224228275,24.14660266248908,1.4553278511647463,1.122610343716726
143.png,32.701360476934866,32.042385149263524,poisson,2,0.7888888888888889,25.52493034749653,27.273523565082,23.774885750486558,25.642421318020286,26.605447154386198,23.363533434906568,1.7485932175854728,0.9630258363659117
143.png,32.701360476934866,32.042385149263524,poisson,3,0.6833333333333333,24.895733057575686,26.90004715824167,23.260281259058072,25.01940195188707,26.441127465274043,23.062616098111143,2.004314100665983,1.4217255133869742
143.png,32.701360476934866,32.042385149263524,poisson,4,0.5777777777777777,24.164680061229355,26.51844514897997,22.667437909857682,24.432283874189448,26.2707843012982,22.668634319105582,2.3537650877506167,1.8385004271087517
143.png,32.701360476934866,32.042385149263524,poisson,5,0.4722222222222222,23.31813438457633,26.003742486247003,21.943934771466225,23.549954364668046,25.5880203401924,21.869021273402875,2.685608101670674,2.038065975524354
143.png,32.701360476934866,32.042385149263524,poisson,6,0.3666666666666667,22.22281213123179,25.476106481142505,21.04377201963645,22.344909671065647,25.048535640757116,21.008574123496963,3.253294349910714,2.703625969691469
143.png,32.701360476934866,32.042385149263524,poisson,7,0.26111111111111107,20.78235732463071,24.577898631512266,19.799321806895385,20.855302653246362,24.154026412215245,19.690579171734694,3.7955413068815567,3.298723758968883
143.png,32.701360476934866,32.042385149263524,poisson,8,0.15555555555555556,18.65410490404015,23.6768034954749,18.00187551170066,18.71878898387117,23.292982825109476,17.970879116099812,5.02269859143475,4.574193841238305
143.png,32.701360476934866,32.042385149263524,poisson,9,0.05,14.133824977518827,21.284484842231052,13.892264878653817,14.19056118919122,21.07132036153052,13.821481113410101,7.150659864712225,6.880759172339301
143.png,32.701360476934866,32.042385149263524,jpeg,0,95.0,43.5151242072842,32.61731423603548,32.40825240004157,43.10476519910999,31.96473819465424,31.799757560264055,-10.89780997124872,-11.14002700445575
143.png,32.701360476934866,32.042385149263524,jpeg,1,85.0,38.63816505268456,32.711602624848545,33.04924298924694,38.422653082383306,32.023477346058066,32.25223233290885,-5.926562427836018,-6.39917573632524
143.png,32.701360476934866,32.042385149263524,jpeg,2,75.0,37.330063803447956,32.83835251446747,33.693585395062854,37.02738519886628,32.21623317932374,33.00827749009897,-4.491711288980483,-4.81115201954254
143.png,32.701360476934866,32.042385149263524,jpeg,3,65.0,36.61526229060585,32.967607740056344,34.121211548886976,36.28725121430871,32.11929445160957,33.09216146113921,-3.647654550549504,-4.167956762699141
143.png,32.701360476934866,32.042385149263524,jpeg,4,55.0,36.04469680672583,33.05325200799915,34.520917487722436,35.66815839315151,32.26764938052025,33.55790403466224,-2.9914447987266826,-3.400509012631261
143.png,32.701360476934866,32.042385149263524,jpeg,5,45.0,35.5807429834164,33.21292840178187,35.0832130132276,35.13052693829963,32.40224508298786,33.77413133454552,-2.3678145816345264,-2.7282818553117707
143.png,32.701360476934866,32.042385149263524,jpeg,6,35.0,35.051207102676834,33.28995984778993,35.891158804499014,34.45503206921284,32.496644569742315,33.9807722711099,-1.7612472548869036,-1.9583874994705255
143.png,32.701360476934866,32.042385149263524,jpeg,7,25.0,34.37157611410764,33.335486191483454,37.22121921021063,33.62561516696378,32.18666490952427,34.551945127184105,-1.0360899226241855,-1.4389502574395152
143.png,32.701360476934866,32.042385149263524,jpeg,8,15.0,33.36838766369325,33.029896222023766,39.269735687462216,32.07620783279883,31.31280363696222,34.29611677565491,-0.33849144166948264,-0.7634041958366105
143.png,32.701360476934866,32.042385149263524,jpeg,9,5.0,29.59846961104362,29.348105263641383,38.402733105096345,27.46403154276999,27.093928131708083,32.7867642789617,-0.2503643474022361,-0.37010341106190836
143.png,32.701360476934866,32.042385149263524,blur,0,1.0,inf,32.701359578947674,32.701359578947674,inf,32.04238370747981,32.04238370747981,-inf,-inf
143.png,32.701360476934866,32.042385149263524,blur,1,5.0,36.22060127654927,34.41658851328178,41.94362275453447,35.516382583879434,33.387577691245845,39.603444205291,-1.8040127632674867,-2.128804892633589
143.png,32.701360476934866,32.042385149263524,blur,2,9.0,34.67196949514506,34.229912150602644,46.07017583270215,33.18487287533565,32.632502611053866,43.01143125207215,-0.44205734454241963,-0.5523702642817838
143.png,32.701360476934866,32.042385149263524,blur,3,11.0,34.320658098596724,34.04397781584217,46.863482481954236,32.48509981712436,32.14312996810655,44.02657658355102,-0.2766802827545547,-0.3419698490178078
143.png,32.701360476934866,32.042385149263524,blur,4,15.0,33.76188479400864,33.6312289094101,47.12801849012039,31.329235904503836,31.088834066540425,45.03744082856625,-0.13065588459853927,-0.24040183796341097
143.png,32.701360476934866,32.042385149263524,blur,5,19.0,33.32555037060339,33.22923849413404,46.65670891284784,30.361799925136552,30.092925431946465,45.38504751614357,-0.09631187646935047,-0.2688744931900864
143.png,32.701360476934866,32.042385149263524,blur,6,21.0,33.16063591672626,33.06162332547618,46.43769173563698,29.985209428823186,29.675644137623305,45.39912167177549,-0.0990125912500801,-0.3095652911998812
143.png,32.701360476934866,32.042385149263524,blur,7,25.0,32.7970768047058,32.71353883978114,46.18775843603685,29.20291360294793,28.84082942242971,45.55735476905557,-0.08353796492466614,-0.3620841805182202
143.png,32.701360476934866,32.042385149263524,blur,8,29.0,32.49800905784503,32.41009946681538,46.005857715904874,28.543990370535987,28.133878780784137,45.652184193732154,-0.0879095910296499,-0.4101115897518497
143.png,32.701360476934866,32.042385149263524,blur,9,31.0,32.35799302569559,32.27245597067535,45.988883958504736,28.260440378097375,27.836273862798024,45.70906566879083,-0.08553705502023945,-0.42416651529935123
144.png,32.41666639951486,32.503829125315434,poisson,0,1.0,26.77800039315338,28.116473516051794,24.797905102924503,27.062694550903316,28.1584996970524,24.9531457761077,1.3384731228984137,1.0958051461490825
144.png,32.41666639951486,32.503829125315434,poisson,1,0.8944444444444445,26.2976216590639,27.900953037205014,24.450124149249383,26.54547440430594,27.679803806967985,24.435740430186613,1.6033313781411138,1.134329402662047
144.png,32.41666639951486,32.503829125315434,poisson,2,0.7888888888888889,25.75766974965886,27.424999440607074,23.94997660587617,25.937682761150562,27.488132754897705,24.08855380824839,1.6673296909482147,1.5504499937471437
144.png,32.41666639951486,32.503829125315434,poisson,3,0.6833333333333333,25.103485351775653,27.044046031262322,23.409579627398116,25.343493103927706,27.245556359821677,23.606439451882636,1.9405606794866692,1.902063255893971
144.png,32.41666639951486,32.503829125315434,poisson,4,0.5777777777777777,24.41123147536013,26.75186925409797,22.87476257954419,24.627628129735793,26.871546413976333,22.990665756130554,2.3406377787378396,2.2439182842405394
144.png,32.41666639951486,32.503829125315434,poisson,5,0.4722222222222222,23.52070707988602,26.233153144068556,22.113432027953248,23.751431740111833,26.456927797579915,22.27473317030736,2.7124460641825365,2.705496057468082
144.png,32.41666639951486,32.503829125315434,poisson,6,0.3666666666666667,22.44006900487252,25.46362109324302,21.180853264129283,22.759209969393368,25.549544144609865,21.314673358785484,3.0235520883705007,2.790334175216497
144.png,32.41666639951486,32.503829125315434,poisson,7,0.26111111111111107,21.018071754307034,24.784808244406413,19.99280956767243,21.130420690473045,25.042783745896294,20.16613892142573,3.7667364900993796,3.912363055423249
144.png,32.41666639951486,32.503829125315434,poisson,8,0.15555555555555556,18.85652684814065,23.611821863719836,18.108584472922725,18.96245304184365,23.879889062467612,18.200759450745174,4.755295015579186,4.917436020623963
144.png,32.41666639951486,32.503829125315434,poisson,9,0.05,14.413829205574293,21.302283056315005,14.128209785721939,14.274764014236556,21.69678616597666,13.990883168619757,6.888453850740712,7.422022151740105
144.png,32.41666639951486,32.503829125315434,jpeg,0,95.0,44.336751619113734,32.44745554248252,32.371369335976595,44.15863960608432,32.446616993704566,32.35633793119462,-11.889296076631211,-11.712022612379755
144.png,32.41666639951486,32.503829125315434,jpeg,1,85.0,40.32293305030019,32.49176998369813,32.76254979003462,39.93087652474117,32.53229570817112,32.73835089467022,-7.831163066602066,-7.398580816570053
144.png,32.41666639951486,32.503829125315434,jpeg,2,75.0,38.956140930860755,32.59331682790687,33.10346047023473,38.589965648529265,32.70914562739998,33.04082822137913,-6.362824102953887,-5.8808200211292885
144.png,32.41666639951486,32.503829125315434,jpeg,3,65.0,38.08264456162094,32.68274021225058,33.269548667554304,37.73945319757082,32.63121953668264,33.08775891436458,-5.39990434937036,-5.108233660888175
144.png,32.41666639951486,32.503829125315434,jpeg,4,55.0,37.33962764451708,32.68857086986782,33.41822287621546,36.85527495412284,32.65957932729806,33.231789220564494,-4.651056774649263,-4.195695626824779
144.png,32.41666639951486,32.503829125315434,jpeg,5,45.0,36.68799446954711,32.91732549514451,33.9379170265668,36.221889890231594,32.721242654976685,33.513139534834906,-3.7706689744025965,-3.5006472352549096
144.png,32.41666639951486,32.503829125315434,jpeg,6,35.0,35.97222422250504,32.917596522484644,34.21795383614296,35.4831929927862,32.778532714654446,33.878552778822794,-3.054627700020397,-2.7046602781317546
144.png,32.41666639951486,32.503829125315434,jpeg,7,25.0,34.951409935777484,32.97327285336617,34.67970516203327,34.27481984830243,32.362350971706185,33.65492648982289,-1.9781370824113154,-1.9124688765962432
144.png,32.41666639951486,32.503829125315434,jpeg,8,15.0,33.171417802173494,32.27440430531881,34.72727962167098,32.359639457678846,31.406495485660734,33.25766320304944,-0.897013496854683,-0.9531439720181112
144.png,32.41666639951486,32.503829125315434,jpeg,9,5.0,28.84914401680074,28.222940097929843,32.09276026715542,27.237554639275547,27.25875725020998,30.824374279198775,-0.6262039188708961,0.02120261093443432
144.png,32.41666639951486,32.503829125315434,blur,0,1.0,inf,32.4166573146439,32.4166573146439,inf,32.50377583832319,32.50377583832319,-inf,-inf
144.png,32.41666639951486,32.503829125315434,blur,1,5.0,31.944838629478376,31.413047060096616,39.39357719025876,36.217406197307255,33.41551049220374,39.18991980739243,-0.5317915693817596,-2.8018957051035187
144.png,32.41666639951486,32.503829125315434,blur,2,9.0,29.063992227357723,28.940259721781292,42.64326048700072,32.61764022715569,31.9749261197408,43.57327296004692,-0.1237325055764309,-0.6427141074148892
144.png,32.41666639951486,32.503829125315434,blur,3,11.0,28.28994658581932,28.17175215383543,43.96456823176807,31.549654938018673,31.182629354224993,45.1008908132721,-0.11819443198388768,-0.36702558379368
144.png,32.41666639951486,32.503829125315434,blur,4,15.0,27.162602829543076,27.11889271613351,45.734484699491944,29.8884928785585,29.680221097421736,47.380771562329045,-0.043710113409566986,-0.20827178113676226
144.png,32.41666639951486,32.503829125315434,blur,5,19.0,26.396516701057898,26.462303955144236,45.9919483338868,28.68091838713084,28.470850014804228,48.410371829272194,0.06578725408633801,-0.21006837232661368
144.png,32.41666639951486,32.503829125315434,blur,6,21.0,26.14938919077503,26.246558103104263,45.96166638552142,28.228637309738453,28.00071043924323,48.623850542561264,0.0971689123292343,-0.22792687049522087
144.png,32.41666639951486,32.503829125315434,blur,7,25.0,25.63711196096227,25.743472143054053,46.274339055469554,27.389240289207496,27.13989419863291,49.14186689888308,0.10636018209178388,-0.249346090574587
144.png,32.41666639951486,32.503829125315434,blur,8,29.0,25.257801410549217,25.353560209315038,46.447925728303765,26.724190140537928,26.46285351329326,49.33306659622765,0.0957587987658215,-0.2613366272446669
144.png,32.41666639951486,32.503829125315434,blur,9,31.0,25.079939559139376,25.168889316701502,46.923158212629886,26.437203227111922,26.179862024522066,49.62011477164344,0.08894975756212631,-0.25734120258985627
145.png,40.525766996900714,40.192212767474146,poisson,0,1.0,27.285919038345877,29.610082356635314,25.757479828686268,27.797949346553427,30.008986385513644,26.142235448932386,2.324163318289436,2.2110370389602174
145.png,40.525766996900714,40.192212767474146,poisson,1,0.8944444444444445,26.791530078382753,29.151927775814144,25.342432433301134,27.329937060403132,29.61798240966933,25.78343437809238,2.3603976974313916,2.2880453492661985
145.png,40.525766996900714,40.192212767474146,poisson,2,0.7888888888888889,26.258542671327003,28.672730304502526,24.805739839405106,26.887407557283495,29.19503575791773,25.378723259926467,2.4141876331755228,2.307628200634234
145.png,40.525766996900714,40.192212767474146,poisson,3,0.6833333333333333,25.616642416726346,28.0662137169068,24.198551243839127,26.171880270811698,28.329252939924135,24.620308114240366,2.4495713001804518,2.157372669112437
145.png,40.525766996900714,40.192212767474146,poisson,4,0.5777777777777777,24.919033400084984,27.52883037408673,23.559874485368717,25.50036422341886,27.958475494382892,24.041537327191822,2.609796974001746,2.4581112709640323
145.png,40.525766996900714,40.192212767474146,poisson,5,0.4722222222222222,24.046434738748424,26.978348814008733,22.812073763169526,24.514720101997852,27.433753490546515,23.194053942105167,2.931914075260309,2.9190333885486623
145.png,40.525766996900714,40.192212767474146,poisson,6,0.3666666666666667,22.967174089780986,26.373411426308394,21.896231231164066,23.51265638548579,26.795869290794883,22.352595598864163,3.4062373365274077,3.2832129053090924
145.png,40.525766996900714,40.192212767474146,poisson,7,0.26111111111111107,21.531864126519316,25.650920615122065,20.675424817313424,22.018687316401152,26.00469141644114,21.100482527075343,4.119056488602748,3.986004100039988
145.png,40.525766996900714,40.192212767474146,poisson,8,0.15555555555555556,19.367629753528835,24.38733322300068,18.762618279932855,19.69431226550967,24.569837300770295,19.02247421873667,5.019703469471846,4.875525035260626
145.png,40.525766996900714,40.192212767474146,poisson,9,0.05,14.80235592661101,21.983276721263948,14.627064130626447,15.047788522357312,22.418979868761713,14.835603856389827,7.180920794652938,7.371191346404402
145.png,40.525766996900714,40.192212767474146,jpeg,0,95.0,47.96421151283446,40.40235475256404,40.5448568015374,47.747094762891926,40.10657950743457,40.21919693151459,-7.561856760270423,-7.640515255457359
145.png,40.525766996900714,40.192212767474146,jpeg,1,85.0,45.349249795628744,40.78730092408797,41.42999315702343,45.15792529881867,40.448053861045246,41.076420823447314,-4.561948871540771,-4.7098714377734225
145.png,40.525766996900714,40.192212767474146,jpeg,2,75.0,43.987513104589226,40.852813638027,42.00422311734983,43.80797143564224,40.5151330913216,41.50464258426871,-3.1346994665622248,-3.2928383443206357
145.png,40.525766996900714,40.192212767474146,jpeg,3,65.0,43.15853325834486,40.77920614289238,42.38375825500882,42.90227879559998,40.40384749928856,41.442619887697454,-2.379327115452483,-2.4984312963114235
145.png,40.525766996900714,40.192212767474146,jpeg,4,55.0,42.43247300866514,40.69202089387951,42.7959832891723,42.12039261969223,40.156694390317796,41.573258175884206,-1.7404521147856329,-1.9636982293744367
145.png,40.525766996900714,40.192212767474146,jpeg,5,45.0,41.83804345153704,40.60320427416389,43.21715221431606,41.42867618618314,40.02017016656307,41.63601923420166,-1.2348391773731464,-1.40850601962007
145.png,40.525766996900714,40.192212767474146,jpeg,6,35.0,41.06810659436421,40.175371552348665,43.28618294766055,40.465739837405444,39.41501373473709,41.3264316641212,-0.8927350420155449,-1.0507261026683565
145.png,40.525766996900714,40.192212767474146,jpeg,7,25.0,39.95770778694727,39.427957662982614,43.0775356216551,39.099616494746606,38.57508506183415,40.5730147846933,-0.5297501239646536,-0.524531432912454
145.png,40.525766996900714,40.192212767474146,jpeg,8,15.0,37.73393811029592,37.47774402753108,41.63821461955895,36.753767568132176,36.43031713112648,39.01727095113376,-0.2561940827648357,-0.32345043700569676
145.png,40.525766996900714,40.192212767474146,jpeg,9,5.0,31.364959677932497,31.349221420334125,38.92376977587954,29.888769157603555,29.836163404411437,35.25606164654904,-0.015738257598371774,-0.05260575319211824
145.png,40.525766996900714,40.192212767474146,blur,0,1.0,inf,40.52571813353441,40.52571813353441,inf,40.192163934865484,40.192163934865484,-inf,-inf
145.png,40.525766996900714,40.192212767474146,blur,1,5.0,45.13767614020803,42.10092757298523,46.51258212134763,44.88474248512926,41.49634864372316,45.64649683185783,-3.0367485672228014,-3.3883938414060992
145.png,40.525766996900714,40.192212767474146,blur,2,9.0,42.43795877710704,41.451227342234425,48.61382863019517,41.90893839892847,40.62191610849445,48.01908857807731,-0.9867314348726168,-1.2870222904340167
145.png,40.525766996900714,40.192212767474146,blur,3,11.0,41.54487941680985,40.93061178684138,49.03725334314397,40.88963709997135,39.97081651316263,48.70387793176097,-0.6142676299684666,-0.9188205868087209
145.png,40.525766996900714,40.192212767474146,blur,4,15.0,39.87991251416609,39.6263002542151,49.08737857597525,39.02859689899931,38.461476954542604,49.48141576047786,-0.2536122599509838,-0.5671199444567065
145.png,40.525766996900714,40.192212767474146,blur,5,19.0,38.40925693151902,38.304341793319615,48.71311308829551,37.401235620043934,37.00115343753839,49.86865819139964,-0.10491513819940224,-0.4000821825055425
145.png,40.525766996900714,40.192212767474146,blur,6,21.0,37.7775635909738,37.722686361565195,49.70121633184011,36.68272177490248,36.233129279767844,50.634223861688774,-0.05487722940860351,-0.44959249513463817
145.png,40.525766996900714,40.192212767474146,blur,7,25.0,36.52850345825688,36.52978042575142,49.11047165600845,35.32812359257838,34.96446184376198,50.69947032334148,0.0012769674945403153,-0.3636617488163978
145.png,40.525766996900714,40.192212767474146,blur,8,29.0,35.42896561032049,35.46570059222934,48.645311487360374,34.09246363477384,33.78421363161563,50.78348762828295,0.03673498190885027,-0.30825000315821427
145.png,40.525766996900714,40.192212767474146,blur,9,31.0,34.95117809681796,34.96997641296077,50.2385434385421,33.56016297642802,33.13896791244606,51.50681451564432,0.01879831614280647,-0.42119506398195483
146.png,33.80148311493294,32.14194888509814,poisson,0,1.0,26.716413292491758,28.23472620702838,24.847660168856667,27.64207856355965,28.134166663086205,25.196545329269142,1.5183129145366223,0.49208809952655486
146.png,33.80148311493294,32.14194888509814,poisson,1,0.8944444444444445,26.224103783662784,27.7630791409665,24.372179835491146,27.082934024044526,27.946906157620745,24.848810860011138,1.5389753573037162,0.8639721335762189
146.png,33.80148311493294,32.14194888509814,poisson,2,0.7888888888888889,25.6966770886631,27.538875795213276,23.975515297986078,26.61283458520802,27.674517632952245,24.4279206789578,1.8421987065501746,1.061683047744225
146.png,33.80148311493294,32.14194888509814,poisson,3,0.6833333333333333,25.0729445583833,27.07104028634653,23.44398040927835,26.005895477696313,27.348107178340115,24.040290479350976,1.998095727963232,1.3422117006438015
146.png,33.80148311493294,32.14194888509814,poisson,4,0.5777777777777777,24.351231998459845,26.61911606719308,22.841871075479403,25.278687713200423,26.90595301112632,23.399326644471763,2.2678840687332347,1.6272652979258986
146.png,33.80148311493294,32.14194888509814,poisson,5,0.4722222222222222,23.467232990569762,26.226679527088287,22.12570468242317,24.43708798590436,26.457681493602927,22.787706014677532,2.7594465365185243,2.0205935076985675
146.png,33.80148311493294,32.14194888509814,poisson,6,0.3666666666666667,22.401422830515045,25.621176207709745,21.22919451386677,23.251876503268463,25.873310125694076,21.90864271968397,3.2197533771946993,2.621433622425613
146.png,33.80148311493294,32.14194888509814,poisson,7,0.26111111111111107,20.968641354237203,24.695963336047836,19.966132524533833,21.866960199864053,25.295502964908067,20.717022678994354,3.7273219818106327,3.428542765044014
146.png,33.80148311493294,32.14194888509814,poisson,8,0.15555555555555556,18.793122910322012,23.77142324047087,18.134909157437843,19.56132956561424,24.360640120975823,18.783470937584973,4.978300330148858,4.799310555361583
146.png,33.80148311493294,32.14194888509814,poisson,9,0.05,14.265759047626753,21.414252465738667,14.03014783096188,14.721579219022654,21.541570034608327,14.412622348635026,7.148493418111913,6.8199908155856726
146.png,33.80148311493294,32.14194888509814,jpeg,0,95.0,44.6800288831449,33.73761072918449,33.611572641963996,43.778047443540245,32.10178454213229,31.9833544883871,-10.94241815396041,-11.676262901407952
146.png,33.80148311493294,32.14194888509814,jpeg,1,85.0,40.61559328297,33.851721318111665,34.15059434123152,39.445008879857824,32.160196773446025,32.46580079845748,-6.763871964858339,-7.284812106411799
146.png,33.80148311493294,32.14194888509814,jpeg,2,75.0,39.24481240458525,33.950951151758424,34.49271378928199,37.99989500766549,32.28279075719917,32.768523185065746,-5.293861252826822,-5.7171042504663205
146.png,33.80148311493294,32.14194888509814,jpeg,3,65.0,38.382376155744126,34.019734960360346,34.76426577858441,37.15996467657077,32.41788481955343,33.040354020476784,-4.36264119538378,-4.742079857017345
146.png,33.80148311493294,32.14194888509814,jpeg,4,55.0,37.664047859722324,34.14159083222868,35.12205276753762,36.468569363127756,32.27159695458035,33.032080545242465,-3.522457027493644,-4.196972408547403
146.png,33.80148311493294,32.14194888509814,jpeg,5,45.0,37.0813369026403,34.24183657372571,35.560312711249125,35.84830711424718,32.60598012184471,33.450171033785836,-2.839500328914589,-3.242326992402468
146.png,33.80148311493294,32.14194888509814,jpeg,6,35.0,36.4230785341425,34.26474793479597,36.0791438788183,35.14894743119339,32.40421752640248,33.6471691789601,-2.1583305993465274,-2.7447299047909084
146.png,33.80148311493294,32.14194888509814,jpeg,7,25.0,35.50983315921154,34.22802026263467,37.055907936965646,34.08660841037663,31.919037525779363,33.21563878183879,-1.2818128965768665,-2.1675708845972643
146.png,33.80148311493294,32.14194888509814,jpeg,8,15.0,34.16247179232112,33.66087847881823,37.96750047978787,32.228095091746354,31.23204408413653,33.411690982920284,-0.5015933135028874,-0.9960510076098252
146.png,33.80148311493294,32.14194888509814,jpeg,9,5.0,29.772239090072638,29.753344677583012,36.73185341241299,27.116662570746136,27.182423298997374,30.719925189615086,-0.018894412489625978,0.06576072825123802
146.png,33.80148311493294,32.14194888509814,blur,0,1.0,inf,33.80147083378128,33.80147083378128,inf,32.14184526636116,32.14184526636116,-inf,-inf
146.png,33.80148311493294,32.14194888509814,blur,1,5.0,38.075228798553,35.52017084151722,41.424051748208335,35.87238327061677,33.271631855015286,38.86336500329102,-2.5550579570357783,-2.6007514156014864
146.png,33.80148311493294,32.14194888509814,blur,2,9.0,35.57376407243337,34.99915479686066,45.54251675439077,32.61909214014327,32.08800405499875,42.32967311332629,-0.5746092755727119,-0.5310880851445248
146.png,33.80148311493294,32.14194888509814,blur,3,11.0,34.902779042910545,34.602306597698664,46.490061230709195,31.63338061176864,31.37016847983049,43.29505554308241,-0.30047244521188077,-0.2632121319381504
146.png,33.80148311493294,32.14194888509814,blur,4,15.0,33.82335723958843,33.76413190266964,47.090681665312374,29.955991201918025,29.89566093290493,44.41894801741998,-0.05922533691879295,-0.06033026901309313
146.png,33.80148311493294,32.14194888509814,blur,5,19.0,32.98364883059222,32.988180289627074,46.714877077692236,28.61118370024274,28.573410192858685,44.763156639261894,0.004531459034851082,-0.03777350738405616
146.png,33.80148311493294,32.14194888509814,blur,6,21.0,32.6567715022497,32.663104286160674,46.360475865864,28.082923638194465,28.036773526465364,44.74904165060339,0.006332783910977469,-0.04615011172910144
146.png,33.80148311493294,32.14194888509814,blur,7,25.0,32.00846675502177,32.019978255592875,45.60566646049355,27.081237028966644,27.013513045257746,44.51731984616147,0.011511500571103284,-0.06772398370889832
146.png,33.80148311493294,32.14194888509814,blur,8,29.0,31.47058910556583,31.48099975431058,45.18191959501098,26.24426562031819,26.13984657206653,44.314848224524326,0.010410648744752393,-0.10441904825165693
146.png,33.80148311493294,32.14194888509814,blur,9,31.0,31.23225458752133,31.240394563383877,44.96976136801799,25.896593643340687,25.776882580946786,43.91238267079142,0.008139975862547999,-0.11971106239390039
147.png,32.20799753925704,31.950055785510727,poisson,0,1.0,26.3185005467481,27.63251240551677,24.32857571085547,26.408094341500803,27.383855655394953,24.215316258465187,1.3140118587686693,0.9757613138941501
147.png,32.20799753925704,31.950055785510727,poisson,1,0.8944444444444445,25.825711592121046,27.375198629274916,23.96128399275041,25.956954271522598,27.0264539003546,23.78295706574097,1.5494870371538703,1.069499628832002
147.png,32.20799753925704,31.950055785510727,poisson,2,0.7888888888888889,25.28107453784928,27.04048000690871,23.526508052460837,25.332761085431052,26.722746779469393,23.369003295786204,1.7594054690594305,1.3899856940383408
147.png,32.20799753925704,31.950055785510727,poisson,3,0.6833333333333333,24.65808955803304,26.686896009072946,23.006846272570527,24.636392136445664,26.408216893282187,22.896336032915663,2.0288064510399053,1.7718247568365229
147.png,32.20799753925704,31.950055785510727,poisson,4,0.5777777777777777,23.93417468602674,26.323989696386928,22.425684705765825,24.019277279737775,25.980274647271877,22.248893830702457,2.389815010360188,1.9609973675341017
147.png,32.20799753925704,31.950055785510727,poisson,5,0.4722222222222222,23.071270198525703,25.916651822748182,21.736560653901726,23.047389714198914,25.514046506164647,21.580943304106906,2.8453816242224796,2.4666567919657325
147.png,32.20799753925704,31.950055785510727,poisson,6,0.3666666666666667,21.98692754913148,25.31781558257672,20.835409921002025,21.990476359488675,24.93045457215174,20.611172114872307,3.330888033445241,2.939978212663064
147.png,32.20799753925704,31.950055785510727,poisson,7,0.26111111111111107,20.54720197482306,24.5636457426825,19.617931836831655,20.485333898369447,24.240840490565184,19.364987039811915,4.016443767859439,3.7555065921957365
147.png,32.20799753925704,31.950055785510727,poisson,8,0.15555555555555556,18.424086265149874,23.595028946649563,17.797403344252793,18.183705626181958,23.199003179298256,17.506672793134157,5.170942681499689,5.015297553116298
147.png,32.20799753925704,31.950055785510727,poisson,9,0.05,14.064134910989143,21.406277840641085,13.866680872605546,13.828213716402855,20.75605480562548,13.549680726302462,7.342142929651942,6.9278410892226265
147.png,32.20799753925704,31.950055785510727,jpeg,0,95.0,43.988208731889486,32.136160885565296,32.04453092095064,43.88578916185638,31.90861143945812,31.814007625019514,-11.85204784632419,-11.97717772239826
147.png,32.20799753925704,31.950055785510727,jpeg,1,85.0,39.88339345324824,32.266904627802255,32.56851236314581,39.70492210432299,31.985208277889786,32.28668410446518,-7.616488825445984,-7.719713826433203
147.png,32.20799753925704,31.950055785510727,jpeg,2,75.0,38.55056464282256,32.386166803790324,32.910227377400744,38.40067113290655,32.16389285898602,32.64452219767743,-6.164397839032233,-6.236778273920535
147.png,32.20799753925704,31.950055785510727,jpeg,3,65.0,37.703812997674156,32.469066272147494,33.1358248988814,37.42778134192746,32.12423804124263,32.71502726052409,-5.234746725526662,-5.303543300684829
147.png,32.20799753925704,31.950055785510727,jpeg,4,55.0,36.9933930074637,32.57664101037414,33.42415781011003,36.60686164489504,32.28851658903886,32.936749247489786,-4.416751997089563,-4.318345055856177
147.png,32.20799753925704,31.950055785510727,jpeg,5,45.0,36.42117151279703,32.716643787730554,33.84295644341136,36.01115753383761,32.32237475389982,33.117135420247294,-3.7045277250664768,-3.688782779937789
147.png,32.20799753925704,31.950055785510727,jpeg,6,35.0,35.775251185957885,32.7185333944212,34.217410406042006,35.308921124427435,32.24996985011431,33.38415034328664,-3.056717791536684,-3.0589512743131237
147.png,32.20799753925704,31.950055785510727,jpeg,7,25.0,34.88493869801785,32.65534737580395,34.712845165141864,34.19193206924819,32.012861165525464,33.55323668146357,-2.229591322213899,-2.1790709037227245
147.png,32.20799753925704,31.950055785510727,jpeg,8,15.0,33.49358336181485,32.123430092276344,35.11707398155567,32.45853872744003,31.27919294820627,33.70331087356058,-1.3701532695385055,-1.1793457792337598
147.png,32.20799753925704,31.950055785510727,jpeg,9,5.0,29.379240352771276,28.77211938601226,33.924328495824426,27.76401096484669,27.544632361578042,32.31219422664813,-0.6071209667590161,-0.21937860326864822
147.png,32.20799753925704,31.950055785510727,blur,0,1.0,inf,32.20800613211878,32.20800613211878,inf,31.949986363143278,31.949986363143278,-inf,-inf
147.png,32.20799753925704,31.950055785510727,blur,1,5.0,35.737787237368934,33.54071164075491,40.48242813317775,36.41578347473253,33.22852084572032,38.76535981161708,-2.1970755966140274,-3.18726262901221
147.png,32.20799753925704,31.950055785510727,blur,2,9.0,33.551774989899116,33.05869054461031,44.02752834722079,33.24259555827738,32.256124352646786,42.70286788144964,-0.4930844452888081,-0.9864712056305933
147.png,32.20799753925704,31.950055785510727,blur,3,11.0,32.95923369461348,32.71722430362338,44.54138622948201,32.31914365332416,31.600609332302568,43.758641716044984,-0.24200939099009844,-0.7185343210215933
147.png,32.20799753925704,31.950055785510727,blur,4,15.0,31.92465548605675,31.93570851859421,44.385224620306815,30.817565235216122,30.25203626251062,44.73977495656962,0.01105303253746115,-0.5655289727055006
147.png,32.20799753925704,31.950055785510727,blur,5,19.0,31.01080932595606,31.14474727383218,43.369281858271655,29.67310675790742,29.077078689840334,44.521549371372444,0.13393794787612023,-0.5960280680670849
147.png,32.20799753925704,31.950055785510727,blur,6,21.0,30.618188112304537,30.784453401280366,42.89017034913869,29.237626216182928,28.60578510390885,44.23855315662205,0.16626528897582915,-0.6318411122740777
147.png,32.20799753925704,31.950055785510727,blur,7,25.0,29.776821928987868,30.006694165107643,42.520002380373754,28.409673808892304,27.756954627016018,43.967932576263294,0.2298722361197747,-0.6527191818762859
147.png,32.20799753925704,31.950055785510727,blur,8,29.0,29.018000312291225,29.27966357514684,42.02771571988209,27.740388031922617,27.045309166391682,43.4365387948819,0.2616632628556168,-0.6950788655309346
147.png,32.20799753925704,31.950055785510727,blur,9,31.0,28.671226817669883,28.941776957160002,41.97643166967594,27.448530214991628,26.738629555869107,43.270783646411445,0.2705501394901191,-0.7099006591225212
148.png,31.44596163945434,32.079284005770546,poisson,0,1.0,26.992551984679434,27.6043882361789,24.658563884661234,27.467955198736014,27.664924190731032,24.80948949732165,0.6118362514994651,0.19696899199501772
148.png,31.44596163945434,32.079284005770546,poisson,1,0.8944444444444445,26.478157675108612,27.326773682838006,24.279870598585237,27.041142415605876,27.572410639080353,24.54403490357382,0.8486160077293938,0.531268223474477
148.png,31.44596163945434,32.079284005770546,poisson,2,0.7888888888888889,25.918774661307765,27.049166532419267,23.860257933471836,26.549694746324953,27.243122271890122,24.203239177702827,1.1303918711115024,0.6934275255651698
148.png,31.44596163945434,32.079284005770546,poisson,3,0.6833333333333333,25.30527648346853,26.69903519761645,23.38667916642931,25.91684932125272,26.86155125480914,23.564364616947657,1.3937587141479213,0.94470193355642
148.png,31.44596163945434,32.079284005770546,poisson,4,0.5777777777777777,24.60381472372049,26.302593779347788,22.801260350791654,25.207652058460273,26.585452817938723,23.22988410530705,1.6987790556272984,1.3778007594784505
148.png,31.44596163945434,32.079284005770546,poisson,5,0.4722222222222222,23.719453238270308,25.949181499577556,22.15594407576681,24.234938722034837,26.202160139790767,22.422126625144863,2.2297282613072475,1.9672214177559297
148.png,31.44596163945434,32.079284005770546,poisson,6,0.3666666666666667,22.619509087291444,25.238999196126418,21.1960690023882,23.30062580601632,25.620629021124447,21.688568286900033,2.619490108834974,2.3200032151081267
148.png,31.44596163945434,32.079284005770546,poisson,7,0.26111111111111107,21.187513332522066,24.54320650944211,20.04082827531567,21.672354593392157,24.951239054827123,20.470909787445137,3.3556931769200453,3.2788844614349664
148.png,31.44596163945434,32.079284005770546,poisson,8,0.15555555555555556,18.989906259469738,23.463136129581926,18.190819561565906,19.44352935792518,23.828041566860236,18.519096029835595,4.473229870112188,4.384512208935057
148.png,31.44596163945434,32.079284005770546,poisson,9,0.05,14.485023860836893,21.069903501941525,14.150949137980904,14.79526823796645,21.38986873089367,14.384879133550168,6.5848796411046315,6.594600492927221
148.png,31.44596163945434,32.079284005770546,jpeg,0,95.0,44.56572998844143,31.447032299591562,31.40817084862877,44.10625962539629,32.02672983019676,31.94564235594371,-13.11869768884987,-12.079529795199534
148.png,31.44596163945434,32.079284005770546,jpeg,1,85.0,40.71136445115695,31.63205579549271,31.858356074635825,39.94818549174174,32.11755657063699,32.31021603484485,-9.079308655664242,-7.830628921104747
148.png,31.44596163945434,32.079284005770546,jpeg,2,75.0,39.32404427457753,31.7027768017806,32.05123261663263,38.50636930278665,32.06929966418737,32.40836327968624,-7.62126747279693,-6.437069638599283
148.png,31.44596163945434,32.079284005770546,jpeg,3,65.0,38.415222636187885,31.767763039400556,32.18638283873957,37.44606731402762,32.17328983783342,32.47087029871386,-6.6474595967873285,-5.2727774761942
148.png,31.44596163945434,32.079284005770546,jpeg,4,55.0,37.635587353701474,31.929099256636235,32.58748896153277,36.734496850409,32.16230288600361,32.534606393325504,-5.70648809706524,-4.572193964405393
148.png,31.44596163945434,32.079284005770546,jpeg,5,45.0,37.037941561081105,31.99633570597807,32.790546976806326,36.064306826149426,32.19527641161911,32.67477376283449,-5.041605855103036,-3.8690304145303145
148.png,31.44596163945434,32.079284005770546,jpeg,6,35.0,36.31213100169093,31.998704091943612,32.93988478081146,35.25717441549077,31.975625661826896,32.55778582371531,-4.313426909747317,-3.281548753663877
148.png,31.44596163945434,32.079284005770546,jpeg,7,25.0,35.232142560382364,31.994891297308293,33.079142225280606,33.962565166598544,31.79667198674656,32.84534953847211,-3.2372512630740715,-2.1658931798519845
148.png,31.44596163945434,32.079284005770546,jpeg,8,15.0,33.35917027956659,31.56530124294767,33.94103692224265,32.147529792873286,30.965353961367367,32.37123522400387,-1.793869036618922,-1.1821758315059192
148.png,31.44596163945434,32.079284005770546,jpeg,9,5.0,29.121488200473664,28.3076261524104,33.08334236848248,27.368308741994664,27.059645366532,30.36910974586027,-0.8138620480632639,-0.30866337546266465
148.png,31.44596163945434,32.079284005770546,blur,0,1.0,inf,31.445991035845946,31.445991035845946,inf,32.07922512762982,32.07922512762982,-inf,-inf
148.png,31.44596163945434,32.079284005770546,blur,1,5.0,33.33694071161742,31.67025763460928,36.87606452476581,35.65374239634301,32.6718443227218,38.0189849838513,-1.6666830770081447,-2.9818980736212097
148.png,31.44596163945434,32.079284005770546,blur,2,9.0,30.526997111842746,29.71054992092732,39.07333761039716,31.891506884816984,31.05244709792008,41.24293659261486,-0.8164471909154258,-0.8390597868969039
148.png,31.44596163945434,32.079284005770546,blur,3,11.0,29.612327894738502,28.944742007421674,40.17538774581675,30.752680644053648,30.20209795351384,42.33934864675764,-0.6675858873168288,-0.5505826905398088
148.png,31.44596163945434,32.079284005770546,blur,4,15.0,28.0306394164599,27.70308493121132,41.71963144561705,28.84936819410718,28.547749522879045,44.036942394010275,-0.3275544852485801,-0.3016186712281339
148.png,31.44596163945434,32.079284005770546,blur,5,19.0,26.81297361733488,26.712147176722823,42.43984849202938,27.337337008088006,27.091539125877972,44.46280462235706,-0.1008264406120567,-0.2457978822100344
148.png,31.44596163945434,32.079284005770546,blur,6,21.0,26.374869609373054,26.363964971971438,42.74829330346466,26.74176888096572,26.485116318318617,44.50492978238529,-0.010904637401615958,-0.25665256264710123
148.png,31.44596163945434,32.079284005770546,blur,7,25.0,25.521768136677796,25.628502129326996,42.65350940857086,25.605103167340808,25.323650671598866,44.146855404603464,0.10673399264920036,-0.28145249574194153
148.png,31.44596163945434,32.079284005770546,blur,8,29.0,24.89113288087003,25.005302119164377,44.89470234827431,24.691645256463666,24.38458382532252,46.14292032463868,0.11416923829434822,-0.3070614311411468
148.png,31.44596163945434,32.079284005770546,blur,9,31.0,24.601700783245214,24.734378301496847,44.3950461347753,24.307309853128647,23.994768438610684,45.55425647500962,0.13267751825163288,-0.3125414145179626
149.png,37.709021705259495,38.358372564948844,poisson,0,1.0,27.37189846307818,29.38315412145009,25.701717288776436,27.989191395967403,29.764443347580766,26.158230524243233,2.011255658371912,1.7752519516133631
149.png,37.709021705259495,38.358372564948844,poisson,1,0.8944444444444445,26.86993747586002,28.966599369807962,25.27486975611631,27.64222488201456,29.492688626022098,25.92999497363619,2.0966618939479424,1.8504637440075378
149.png,37.709021705259495,38.358372564948844,poisson,2,0.7888888888888889,26.339183412546628,28.606183568986552,24.806230681573844,27.046110811437135,29.332657568668054,25.446634663470846,2.2670001564399236,2.2865467572309193
149.png,37.709021705259495,38.358372564948844,poisson,3,0.6833333333333333,25.713876477473754,28.11489152567111,24.23681717177474,26.462735974056486,28.731419154880548,24.929571962463093,2.4010150481973547,2.2686831808240626
149.png,37.709021705259495,38.358372564948844,poisson,4,0.5777777777777777,24.99495080428992,27.50812412536963,23.559923131596754,25.703259426375578,28.20368632989725,24.205438226739318,2.5131733210797087,2.500426903521671
149.png,37.709021705259495,38.358372564948844,poisson,5,0.4722222222222222,24.128263630827075,26.95778045553718,22.814667301883578,24.869609581772963,27.651720361492174,23.507877565724826,2.8295168247101046,2.7821107797192113
149.png,37.709021705259495,38.358372564948844,poisson,6,0.3666666666666667,23.024126800027137,26.230725700199706,21.860162538790494,23.82713971289581,26.933520771851207,22.582411461961584,3.206598900172569,3.106381058955396
149.png,37.709021705259495,38.358372564948844,poisson,7,0.26111111111111107,21.566448346944217,25.17438493392198,20.537012964797036,22.238620648932024,25.909515464074833,21.210851103260776,3.6079365869777646,3.670894815142809
149.png,37.709021705259495,38.358372564948844,poisson,8,0.15555555555555556,19.35148874991583,23.9441987071083,18.61137190314831,19.96316913609411,24.603908305060948,19.23033894502327,4.5927099571924686,4.640739168966839
149.png,37.709021705259495,38.358372564948844,poisson,9,0.05,14.638186846579,21.253877987959356,14.347265136534237,15.111412278603684,21.947417957941404,14.816727953873121,6.615691141380356,6.83600567933772
149.png,37.709021705259495,38.358372564948844,jpeg,0,95.0,47.38368623020145,37.709213403000724,37.79886285955164,47.04501305507739,38.32676151117353,38.392848199093685,-9.674472827200724,-8.718251543903861
149.png,37.709021705259495,38.358372564948844,jpeg,1,85.0,44.62816485818632,37.883877436333236,38.239462584051175,44.15518290316905,38.377629739376246,38.720095017657584,-6.74428742185308,-5.777553163792803
149.png,37.709021705259495,38.358372564948844,jpeg,2,75.0,43.13741031262134,37.78707829757036,38.278876638237435,42.588370807345235,38.37417437424697,38.7719302236474,-5.350332015050981,-4.214196433098266
149.png,37.709021705259495,38.358372564948844,jpeg,3,65.0,42.086803806660086,37.89868236603362,38.64337418435697,41.58224255150383,38.368131888770584,38.909921838882,-4.1881214406264675,-3.2141106627332476
149.png,37.709021705259495,38.358372564948844,jpeg,4,55.0,41.231117481018565,37.73853078363078,38.75107930401937,40.642221471997566,38.13755120049826,38.729590316036436,-3.492586697387786,-2.5046702714993074
149.png,37.709021705259495,38.358372564948844,jpeg,5,45.0,40.56021503301196,37.677098089664526,38.87480233587508,39.86730230634036,38.05309596256037,38.73387242851586,-2.8831169433474315,-1.8142063437799933
149.png,37.709021705259495,38.358372564948844,jpeg,6,35.0,39.696469423795754,37.362452054081594,38.74352548494282,38.89538566958119,37.379628626768124,38.47508729919089,-2.334017369714161,-1.515757042813064
149.png,37.709021705259495,38.358372564948844,jpeg,7,25.0,38.52719509349365,36.75724528762728,38.85364234945095,37.5238567916894,36.89056797869939,37.974386202584746,-1.769949805866375,-0.6332888129900098
149.png,37.709021705259495,38.358372564948844,jpeg,8,15.0,36.56464664662161,35.40330914077222,38.59474057038539,34.83829845743123,34.710951050867806,36.41709985477325,-1.1613375058493887,-0.12734740656342325
149.png,37.709021705259495,38.358372564948844,jpeg,9,5.0,31.15223860556319,30.696714952342546,35.76427539796495,29.047572623809167,28.93290583463695,33.20573677559417,-0.45552365322064503,-0.11466678917221529
149.png,37.709021705259495,38.358372564948844,blur,0,1.0,inf,37.70901775164801,37.70901775164801,inf,38.358346847915016,38.358346847915016,-inf,-inf
149.png,37.709021705259495,38.358372564948844,blur,1,5.0,41.47210605748657,38.02853468935582,42.5272552116084,42.1176565879043,38.819800815951325,43.03455159238166,-3.4435713681307476,-3.2978557719529746
149.png,37.709021705259495,38.358372564948844,blur,2,9.0,37.644908307096905,36.60868032986358,45.017655144977304,37.82030219838831,36.94755190565047,45.83172594056724,-1.0362279772333238,-0.872750292737841
149.png,37.709021705259495,38.358372564948844,blur,3,11.0,36.445011244374264,35.81426565705791,45.746615958262275,36.43503458195822,35.92513102288892,46.90623903862872,-0.6307455873163548,-0.5099035590693006
149.png,37.709021705259495,38.358372564948844,blur,4,15.0,34.400016246024805,34.158345224765434,46.43193865229136,34.11281011472221,34.032415988180624,48.398287704429805,-0.24167102125937134,-0.0803941265415844
149.png,37.709021705259495,38.358372564948844,blur,5,19.0,32.726651852717026,32.69055128876238,46.12434029034692,32.326186013446204,32.511837109069134,48.271958189460655,-0.03610056395464767,0.18565109562293003
149.png,37.709021705259495,38.358372564948844,blur,6,21.0,32.04448588714888,32.06980395989779,46.02223338233952,31.634398658178682,31.876062090448745,47.984799667453444,0.025318072748909515,0.24166343227006237
149.png,37.709021705259495,38.358372564948844,blur,7,25.0,30.717778028721796,30.930209958444287,44.83065983664282,30.310920922134947,30.7137700096014,46.2735843708559,0.21243192972249147,0.4028490874664534
149.png,37.709021705259495,38.358372564948844,blur,8,29.0,29.599045470242856,29.892194695780738,44.32050575481699,29.22201064409695,29.600099224140553,45.82588906485033,0.29314922553788136,0.37808858004360246
149.png,37.709021705259495,38.358372564948844,blur,9,31.0,29.121381436464123,29.409917559664805,44.66353428935881,28.763419193254514,29.07735012308685,46.35933655614245,0.2885361232006822,0.3139309298323347
15.png,32.001927008393366,32.67892320209418,poisson,0,1.0,27.474038360192523,28.17921463592491,25.196123394222425,28.555983492393636,29.02140248991622,26.12124356723957,0.7051762757323878,0.4654189975225833
15.png,32.001927008393366,32.67892320209418,poisson,1,0.8944444444444445,26.988005098602184,28.289601196558493,25.01015205990864,28.05377168216615,29.181494299700784,25.95243719148823,1.3015960979563097,1.1277226175346335
15.png,32.001927008393366,32.67892320209418,poisson,2,0.7888888888888889,26.4196047155481,27.763199901515065,24.475826432529708,27.45635538096217,28.558237618427093,25.29791226581725,1.343595185966965,1.101882237464924
15.png,32.001927008393366,32.67892320209418,poisson,3,0.6833333333333333,25.81123042618756,27.415081952061104,23.975473042737676,26.81275492647376,28.449149601328738,24.9349843903165,1.6038515258735444,1.6363946748549765
15.png,32.001927008393366,32.67892320209418,poisson,4,0.5777777777777777,25.10792102201227,26.948240726446357,23.379924648877623,26.159763456523592,27.634008534128345,24.168802586188647,1.840319704434087,1.4742450776047527
15.png,32.001927008393366,32.67892320209418,poisson,5,0.4722222222222222,24.204765349748854,26.60140115214865,22.717863044623,25.338191381086226,27.71621972244258,23.823421986145966,2.3966358023997962,2.378028341356355
15.png,32.001927008393366,32.67892320209418,poisson,6,0.3666666666666667,23.10620446716274,25.901852796468162,21.778227229550676,24.09541085157327,26.83134347195923,22.71112968615605,2.795648329305422,2.7359326203859595
15.png,32.001927008393366,32.67892320209418,poisson,7,0.26111111111111107,21.665887971865274,25.112030122229196,20.54890890951939,22.695502005669628,26.172460615474883,21.442771893542858,3.4461421503639222,3.476958609805255
15.png,32.001927008393366,32.67892320209418,poisson,8,0.15555555555555556,19.47325295673778,24.02672626287761,18.69442260113347,20.44885462585181,25.175327659984696,19.622663143268845,4.5534733061398285,4.726473034132887
15.png,32.001927008393366,32.67892320209418,poisson,9,0.05,14.880909423557966,21.35564962080548,14.541354436986554,15.543499950188993,22.37207692651915,15.231918377443915,6.474740197247513,6.828576976330156
15.png,32.001927008393366,32.67892320209418,jpeg,0,95.0,44.377740439094104,32.05658122138551,31.992018722632128,43.742998979374555,32.60459073719027,32.499737300267,-12.321159217708598,-11.138408242184283
15.png,32.001927008393366,32.67892320209418,jpeg,1,85.0,40.42222059419757,32.05691157047573,32.31686717213243,39.68133770101497,32.76604530707444,33.095228769889346,-8.365309023721842,-6.9152923939405255
15.png,32.001927008393366,32.67892320209418,jpeg,2,75.0,39.03234562600221,32.311803554446755,32.74572153156757,38.280844815670186,32.88888300918392,33.29430348339739,-6.720542071555457,-5.391961806486265
15.png,32.001927008393366,32.67892320209418,jpeg,3,65.0,38.175025019838046,32.3944816292343,32.913506162521536,37.37030028156619,32.96567670500587,33.42173918875195,-5.7805433906037464,-4.4046235765603186
15.png,32.001927008393366,32.67892320209418,jpeg,4,55.0,37.4033887083678,32.62036801206989,33.332970881199884,36.61307373079248,32.9235058869353,33.506582111252115,-4.7830206962979105,-3.6895678438571764
15.png,32.001927008393366,32.67892320209418,jpeg,5,45.0,36.80242266582517,32.80197122867347,33.702414612484574,35.96157418787554,32.950633544208515,33.68530504422177,-4.000451437151696,-3.010940643667027
15.png,32.001927008393366,32.67892320209418,jpeg,6,35.0,36.07590171503538,32.96746201570491,34.27403655266369,35.23399213274001,32.984027729547144,33.89078694525428,-3.108439699330468,-2.2499644031928696
15.png,32.001927008393366,32.67892320209418,jpeg,7,25.0,34.92332973365472,33.036856493637494,34.57993509596679,34.02758971647162,32.66044816213073,33.677835583841265,-1.8864732400172244,-1.3671415543408898
15.png,32.001927008393366,32.67892320209418,jpeg,8,15.0,33.14578460714152,32.4626619988939,35.09594730411806,32.129905756032315,31.52849999623417,33.20531739809613,-0.683122608247622,-0.6014057597981441
15.png,32.001927008393366,32.67892320209418,jpeg,9,5.0,28.945859593720424,28.83772810768601,33.032775658643786,27.25918797299314,27.264900608932603,31.01472863564635,-0.10813148603441292,0.005712635939463695
15.png,32.001927008393366,32.67892320209418,blur,0,1.0,inf,32.001893968075066,32.001893968075066,inf,32.678853090119745,32.678853090119745,-inf,-inf
15.png,32.001927008393366,32.67892320209418,blur,1,5.0,33.08967576542442,31.630673653402543,39.01334154188995,36.06450241477142,33.63528630069343,39.805893475131214,-1.4590021120218744,-2.429216114077988
15.png,32.001927008393366,32.67892320209418,blur,2,9.0,29.539262805086032,28.840254960198223,41.83872245235793,32.744617952123775,32.185369586950145,43.63745123476669,-0.6990078448878094,-0.5592483651736302
15.png,32.001927008393366,32.67892320209418,blur,3,11.0,28.569035663272896,28.047280986821796,42.93691174644064,31.757989432236258,31.527294252235862,44.71128267038169,-0.5217546764510992,-0.2306951800003958
15.png,32.001927008393366,32.67892320209418,blur,4,15.0,27.182847065616844,26.989786421993767,45.18156394002919,30.10502434650182,30.075263602551306,46.89163879903931,-0.1930606436230775,-0.02976074395051498
15.png,32.001927008393366,32.67892320209418,blur,5,19.0,26.258328451008364,26.270314834540528,46.131350204115876,28.777390179498646,28.810917756981116,47.98937227144533,0.011986383532164524,0.03352757748247015
15.png,32.001927008393366,32.67892320209418,blur,6,21.0,25.960719294531046,26.009299315421938,46.62891800483039,28.235117878512433,28.23789885254788,48.76630568531076,0.04858002089089197,0.002780974035445638
15.png,32.001927008393366,32.67892320209418,blur,7,25.0,25.366044442775273,25.44702590625352,47.39165333675429,27.15502508708779,27.091242494469128,49.90420863265415,0.08098146347824553,-0.06378259261866148
15.png,32.001927008393366,32.67892320209418,blur,8,29.0,24.919820555939264,24.992641528964956,48.47034253429821,26.213508970236525,26.0385588719037,50.832457786635025,0.07282097302569213,-0.17495009833282538
15.png,32.001927008393366,32.67892320209418,blur,9,31.0,24.71775901208243,24.792765870697572,48.4093917667283,25.81116697683127,25.644713084498974,50.946479487373686,0.07500685861514356,-0.1664538923322958
150.png,32.73501352672532,33.71042494710112,poisson,0,1.0,26.915804175373793,28.195922389681108,24.896151211818843,27.204711179413515,28.562683005564402,25.14740636094805,1.2801182143073149,1.3579718261508873
150.png,32.73501352672532,33.71042494710112,poisson,1,0.8944444444444445,26.442868916439117,27.934111074823406,24.54092928113777,26.540086608094224,28.511375222799114,24.745591007455833,1.4912421583842885,1.9712886147048891
150.png,32.73501352672532,33.71042494710112,poisson,2,0.7888888888888889,25.87769738004426,27.557402078970426,24.06720284787406,26.057162700690775,28.137401754369044,24.33616850384244,1.679704698926166,2.0802390536782696
150.png,32.73501352672532,33.71042494710112,poisson,3,0.6833333333333333,25.271829860069722,27.238931064697024,23.587309827760517,25.470668844274627,27.77978337677969,23.86782520398655,1.9671012046273013,2.3091145325050633
150.png,32.73501352672532,33.71042494710112,poisson,4,0.5777777777777777,24.54134410545788,26.800602880494154,22.976549297206297,24.68639126388869,27.392208653204154,23.208608674958175,2.2592587750362725,2.705817389315463
150.png,32.73501352672532,33.71042494710112,poisson,5,0.4722222222222222,23.673683428378535,26.242337285832118,22.23812586377774,23.771803894511603,26.70297747365574,22.371434797085286,2.568653857453583,2.9311735791441365
150.png,32.73501352672532,33.71042494710112,poisson,6,0.3666666666666667,22.616651364139337,25.65627535116342,21.356494543859377,22.598277927617538,26.092007789003556,21.42751448994275,3.0396239870240827,3.4937298613860186
150.png,32.73501352672532,33.71042494710112,poisson,7,0.26111111111111107,21.1643200074353,24.898001212137864,20.14197663565007,21.091600708376532,25.1477660115521,20.166203043324806,3.733681204702563,4.056165303175568
150.png,32.73501352672532,33.71042494710112,poisson,8,0.15555555555555556,19.009774612774226,23.64586965811744,18.260233973717355,19.025175708161445,23.85204573917928,18.289005444858365,4.636095045343215,4.826870031017837
150.png,32.73501352672532,33.71042494710112,poisson,9,0.05,14.518215980846442,21.17808951960393,14.243177145765284,14.354538074557317,21.416426627799737,14.087903597650786,6.659873538757488,7.0618885532424205
150.png,32.73501352672532,33.71042494710112,jpeg,0,95.0,44.740595266999954,32.66371014188638,32.61613439608563,44.555284072267554,33.666420231741014,33.55692488671265,-12.076885125113577,-10.88886384052654
150.png,32.73501352672532,33.71042494710112,jpeg,1,85.0,40.97673137966984,32.8218855729584,33.08216112297832,40.71678440243885,33.78545721189403,34.097353677142536,-8.154845806711442,-6.93132719054482
150.png,32.73501352672532,33.71042494710112,jpeg,2,75.0,39.584393079301975,32.95919474000652,33.40008024052919,39.320714951600635,33.84261600252343,34.29131545628425,-6.6251983392954585,-5.478098949077207
150.png,32.73501352672532,33.71042494710112,jpeg,3,65.0,38.670505278499554,32.86358986212445,33.41643395816424,38.376812175451754,33.86180519877091,34.44776100108494,-5.806915416375105,-4.515006976680844
150.png,32.73501352672532,33.71042494710112,jpeg,4,55.0,37.966464921744446,33.028457399119894,33.84712663702285,37.66154947644769,33.99623371989814,34.76281662409463,-4.938007522624552,-3.6653157565495462
150.png,32.73501352672532,33.71042494710112,jpeg,5,45.0,37.31812136874383,33.13376989449911,34.05919453210315,36.9937985406593,33.97616648124638,34.719034320131,-4.184351474244721,-3.017632059412918
150.png,32.73501352672532,33.71042494710112,jpeg,6,35.0,36.56609425851555,33.16453090516604,34.26341039362143,36.139265882998714,33.80774221384317,34.83489893693744,-3.401563353349509,-2.331523669155544
150.png,32.73501352672532,33.71042494710112,jpeg,7,25.0,35.42049504998535,32.9939919465783,34.34798166988026,35.03244187353024,33.42469773370966,34.85715192191512,-2.4265031034070503,-1.607744139820582
150.png,32.73501352672532,33.71042494710112,jpeg,8,15.0,33.4669510290965,32.52723011511505,35.1929508273456,33.16463188744998,32.661252779152306,34.93767538329025,-0.9397209139814464,-0.503379108297672
150.png,32.73501352672532,33.71042494710112,jpeg,9,5.0,29.369321161474474,29.06072857815363,34.12486580369149,28.164531190092404,28.189949859908495,32.13432631696715,-0.30859258332084494,0.025418669816090755
150.png,32.73501352672532,33.71042494710112,blur,0,1.0,inf,32.73502252181599,32.73502252181599,inf,33.710494954731026,33.710494954731026,-inf,-inf
150.png,32.73501352672532,33.71042494710112,blur,1,5.0,33.422220375747024,32.52925664245535,37.94573958585985,37.40316315270825,34.46134581787999,39.897673898140624,-0.8929637332916727,-2.941817334828265
150.png,32.73501352672532,33.71042494710112,blur,2,9.0,30.577400768504617,30.146086443736525,39.66215564233552,34.08669867873544,33.14449857970913,42.90284314926207,-0.43131432476809195,-0.9422000990263086
150.png,32.73501352672532,33.71042494710112,blur,3,11.0,29.67212755006983,29.288587275437877,40.11023112657835,33.13903059115653,32.445995398740976,43.25007863908574,-0.3835402746319545,-0.6930351924155573
150.png,32.73501352672532,33.71042494710112,blur,4,15.0,28.140684974881722,27.908646465062258,40.22540606531877,31.60104523411683,31.124618119306824,43.01306096218355,-0.23203850981946417,-0.4764271148100079
150.png,32.73501352672532,33.71042494710112,blur,5,19.0,26.963902987528712,26.87342502254576,40.2086361542485,30.39174120077911,29.97461552184099,42.4724428862918,-0.09047796498295213,-0.4171256789381168
150.png,32.73501352672532,33.71042494710112,blur,6,21.0,26.543595017614688,26.5295562809369,40.16786943310705,29.917994716419663,29.504650474475444,42.181836279393785,-0.014038736677786545,-0.4133442419442197
150.png,32.73501352672532,33.71042494710112,blur,7,25.0,25.715957792199937,25.784609654964665,39.952717647713825,28.953666383799753,28.544239081327895,41.774195594697446,0.06865186276472812,-0.4094273024718582
150.png,32.73501352672532,33.71042494710112,blur,8,29.0,25.104287516601026,25.20047130842242,39.828577048489095,28.125514278816176,27.71049084077553,41.61719346820517,0.09618379182139236,-0.41502343804064523
150.png,32.73501352672532,33.71042494710112,blur,9,31.0,24.82253127587551,24.929740630724005,39.858179452156236,27.76144149449639,27.34329004789336,41.62285771797659,0.10720935484849647,-0.41815144660303005
151.png,31.64130465607967,32.76783678984994,poisson,0,1.0,26.88821125871268,28.213054106161884,24.903036440070426,26.98392708035656,28.541672158540532,25.05106154846211,1.3248428474492044,1.5577450781839737
151.png,31.64130465607967,32.76783678984994,poisson,1,0.8944444444444445,26.393155551410864,27.925491558287987,24.52225826642929,26.557013141790385,28.261724495160315,24.66623511218781,1.5323360068771237,1.7047113533699303
151.png,31.64130465607967,32.76783678984994,poisson,2,0.7888888888888889,25.844883272349584,27.556944141110694,24.038582985982927,25.962412438861556,27.638570589223303,24.203129397725487,1.7120608687611103,1.676158150361747
151.png,31.64130465607967,32.76783678984994,poisson,3,0.6833333333333333,25.251782071271343,27.324579873963728,23.606132874832156,25.329897207739624,27.53842643192845,23.666218896430273,2.072797802692385,2.208529224188826
151.png,31.64130465607967,32.76783678984994,poisson,4,0.5777777777777777,24.51878637380787,27.082257704303522,23.072890596823964,24.46778472294082,27.257681009046166,23.01217794866405,2.563471330495652,2.7898962861053462
151.png,31.64130465607967,32.76783678984994,poisson,5,0.4722222222222222,23.657300822347324,26.452334372739283,22.310975761016444,23.763039250860622,26.691837840256078,22.412869368221514,2.7950335503919597,2.9287985893954556
151.png,31.64130465607967,32.76783678984994,poisson,6,0.3666666666666667,22.60639385835226,25.836856392729114,21.40914579317404,22.7253475974415,25.98156323626982,21.42402695869911,3.230462534376855,3.2562156388283228
151.png,31.64130465607967,32.76783678984994,poisson,7,0.26111111111111107,21.16748580022798,24.932505463373232,20.146128925006334,21.09470791697033,25.070287299389634,20.150405587058412,3.765019663145253,3.975579382419305
151.png,31.64130465607967,32.76783678984994,poisson,8,0.15555555555555556,19.081934313028867,23.795123961952864,18.34213037899937,18.921268498902638,23.82829186060762,18.181941979847707,4.713189648923997,4.907023361704983
151.png,31.64130465607967,32.76783678984994,poisson,9,0.05,14.537371914384957,21.240820026955003,14.259751339147012,14.195017393159713,21.11949247676085,13.789372500423369,6.703448112570046,6.924475083601138
151.png,31.64130465607967,32.76783678984994,jpeg,0,95.0,44.360023109478426,31.588331504821483,31.52519628429944,44.072485461254765,32.67348365766418,32.54117874429377,-12.771691604656944,-11.399001803590586
151.png,31.64130465607967,32.76783678984994,jpeg,1,85.0,40.37884761358728,31.75087056469501,32.00054239748162,40.027780009586486,32.9313099124161,33.26714742796742,-8.627977048892273,-7.096470097170389
151.png,31.64130465607967,32.76783678984994,jpeg,2,75.0,39.02092643042631,31.69468071679741,32.07557744565118,38.695087649494354,32.87273858303979,33.32630638011353,-7.3262457136288965,-5.822349066454564
151.png,31.64130465607967,32.76783678984994,jpeg,3,65.0,38.156547040760096,31.687499404874227,32.16578189453964,37.8023667859791,33.04077089883313,33.56251444363455,-6.469047635885868,-4.7615958871459725
151.png,31.64130465607967,32.76783678984994,jpeg,4,55.0,37.45997364362181,31.8249758098592,32.57238619458124,37.099744518207686,33.13211059081188,33.768248011306795,-5.634997833762608,-3.9676339273958092
151.png,31.64130465607967,32.76783678984994,jpeg,5,45.0,36.89635387675008,31.941382652557454,32.82934428414577,36.44514006696454,33.108418071914706,33.87444928614138,-4.954971224192622,-3.3367219950498352
151.png,31.64130465607967,32.76783678984994,jpeg,6,35.0,36.22395020686283,31.959124009463174,33.068454817500744,35.65853387337816,33.01780248136575,33.91595494277545,-4.264826197399657,-2.6407313920124125
151.png,31.64130465607967,32.76783678984994,jpeg,7,25.0,35.30296451967351,32.02628079671234,33.3412395945109,34.539621931780886,32.790680915385515,34.19707184848326,-3.2766837229611667,-1.7489410163953707
151.png,31.64130465607967,32.76783678984994,jpeg,8,15.0,33.511858922629905,31.887500514393547,34.46073920188341,32.805063068436816,32.18108766481321,34.13941708143334,-1.6243584082363576,-0.6239754036236036
151.png,31.64130465607967,32.76783678984994,jpeg,9,5.0,29.53365584098149,29.209341388294433,34.25658754451122,28.091562155961277,28.023592592609738,32.55078731919204,-0.32431445268705517,-0.06796956335153936
151.png,31.64130465607967,32.76783678984994,blur,0,1.0,inf,31.641307373554824,31.641307373554824,inf,32.767862654688585,32.767862654688585,-inf,-inf
151.png,31.64130465607967,32.76783678984994,blur,1,5.0,32.4935465945329,30.822126183293456,36.977617949880475,36.828886647899076,33.698911720877604,38.87279108554006,-1.6714204112394455,-3.129974927021472
151.png,31.64130465607967,32.76783678984994,blur,2,9.0,29.287387382110396,28.56443925428353,39.67388206710952,33.59654791047057,32.69567633322647,43.141658262702194,-0.7229481278268644,-0.9008715772440965
151.png,31.64130465607967,32.76783678984994,blur,3,11.0,28.366707271966792,27.677932951689108,41.25545648309382,32.62136056071169,32.03884426477956,44.805182825482234,-0.6887743202776839,-0.5825162959321304
151.png,31.64130465607967,32.76783678984994,blur,4,15.0,26.96824938112789,26.561704743635012,44.34466082947911,30.993585988959826,30.650496194558905,47.37293068916142,-0.4065446374928783,-0.343089794400921
151.png,31.64130465607967,32.76783678984994,blur,5,19.0,25.989207340419608,25.857204171798184,46.63437491912053,29.7466880939138,29.40335658499082,48.430455022673584,-0.13200316862142358,-0.34333150892297937
151.png,31.64130465607967,32.76783678984994,blur,6,21.0,25.66584734721846,25.62392400747228,46.710570212638814,29.257912213284722,28.906637887916187,48.77712927312401,-0.04192333974618023,-0.35127432536853576
151.png,31.64130465607967,32.76783678984994,blur,7,25.0,25.022703173572914,25.08011261281105,46.52000776078949,28.33066949274845,27.962463315177644,48.96700612878739,0.05740943923813546,-0.368206177570805
151.png,31.64130465607967,32.76783678984994,blur,8,29.0,24.553025365610637,24.649814243343002,46.43501587054608,27.576965680775277,27.20532257737919,49.12444869076659,0.09678887773236511,-0.37164310339608875
151.png,31.64130465607967,32.76783678984994,blur,9,31.0,24.33725843473404,24.44125813352873,46.0886618305878,27.24811690434001,26.877136540533755,49.08127650844757,0.1039996987946914,-0.3709803638062539
152.png,32.77267937556666,32.42940932979376,poisson,0,1.0,26.40462201182048,27.920122491089707,24.49427001663519,26.687322009041562,27.66961718250798,24.517932285455124,1.5155004792692282,0.9822951734664187
152.png,32.77267937556666,32.42940932979376,poisson,1,0.8944444444444445,25.90941957317589,27.568771292244747,24.085128897721916,26.233227177945135,27.403275119751278,24.07764596715811,1.6593517190688587,1.1700479418061427
152.png,32.77267937556666,32.42940932979376,poisson,2,0.7888888888888889,25.34995771627183,27.10771292530395,23.57402738478269,25.70851764400401,27.10216584180314,23.73770225320544,1.7577552090321191,1.393648197799127
152.png,32.77267937556666,32.42940932979376,poisson,3,0.6833333333333333,24.773422045112103,26.88446194142844,23.16284701462873,25.172140034575055,26.712753914582265,23.248881344322108,2.1110398963163384,1.5406138800072107
152.png,32.77267937556666,32.42940932979376,poisson,4,0.5777777777777777,24.023159180616567,26.484589295845673,22.544767732268703,24.34979839274677,26.46884921823792,22.721400250900906,2.4614301152291063,2.1190508254911506
152.png,32.77267937556666,32.42940932979376,poisson,5,0.4722222222222222,23.181963423432975,25.922898833680943,21.807909326621953,23.57705375409555,25.99171052234738,22.06953605676214,2.7409354102479675,2.4146567682518274
152.png,32.77267937556666,32.42940932979376,poisson,6,0.3666666666666667,22.100375009936357,25.410771808853934,20.960944868243846,22.327045846795038,25.32830627460836,20.976953548520306,3.3103967989175764,3.001260427813321
152.png,32.77267937556666,32.42940932979376,poisson,7,0.26111111111111107,20.691023907108573,24.66259228414777,19.749244613100466,20.816788000540537,24.419416988049054,19.694501351887514,3.9715683770391976,3.602628987508517
152.png,32.77267937556666,32.42940932979376,poisson,8,0.15555555555555556,18.525674038988647,23.700720336936897,17.900395061154807,18.735577952434472,23.781657794290695,17.990457655561997,5.175046297948249,5.046079841856223
152.png,32.77267937556666,32.42940932979376,poisson,9,0.05,14.131598978607869,21.73305759462078,13.955629755172508,14.023851276141539,21.620919598340574,13.76237913772587,7.601458616012913,7.597068322199036
152.png,32.77267937556666,32.42940932979376,jpeg,0,95.0,44.24456796297855,32.70278446196431,32.607699820406744,43.93234494410603,32.33984022181779,32.240382480075176,-11.541783501014237,-11.59250472228824
152.png,32.77267937556666,32.42940932979376,jpeg,1,85.0,40.26235902674909,32.828709396521624,33.134011586514035,39.88588340754592,32.53669395754009,32.80987014503087,-7.433649630227464,-7.349189450005831
152.png,32.77267937556666,32.42940932979376,jpeg,2,75.0,38.926216580607374,32.86988818574948,33.34399358075999,38.49938403949022,32.575261211712046,33.00619201400493,-6.056328394857893,-5.92412282777817
152.png,32.77267937556666,32.42940932979376,jpeg,3,65.0,38.05194424834068,32.93772888129759,33.57003693855126,37.61260612352869,32.55884026145201,33.14209201036961,-5.114215367043094,-5.0537658620766805
152.png,32.77267937556666,32.42940932979376,jpeg,4,55.0,37.327051709049556,33.10600965486623,34.00423726608159,36.698442585119,32.60315240619506,33.146783611085596,-4.221042054183329,-4.095290178923939
152.png,32.77267937556666,32.42940932979376,jpeg,5,45.0,36.74370365309062,33.177743459583226,34.3383818456435,36.012779741916006,32.60752952757583,33.361944587063206,-3.5659601935073937,-3.405250214340178
152.png,32.77267937556666,32.42940932979376,jpeg,6,35.0,36.08370578808076,33.24714493632355,34.790595415066896,35.31766774058748,32.55198857494709,33.589539209804975,-2.8365608517572127,-2.7656791656403925
152.png,32.77267937556666,32.42940932979376,jpeg,7,25.0,35.16787351668275,33.13856366518108,35.377438358890096,34.04860662384181,32.14269986326575,33.5370089674184,-2.029309851501665,-1.905906760576066
152.png,32.77267937556666,32.42940932979376,jpeg,8,15.0,33.75182146912384,32.58235166526213,35.934942292470055,32.32162383021957,31.382157424031718,33.19395978846981,-1.169469803861709,-0.9394664061878544
152.png,32.77267937556666,32.42940932979376,jpeg,9,5.0,29.629068958187187,29.129700404754697,35.2942894030687,26.93529549469225,26.772935822471474,30.916502646220042,-0.49936855343248965,-0.16235967222077718
152.png,32.77267937556666,32.42940932979376,blur,0,1.0,inf,32.77270389142444,32.77270389142444,inf,32.42949764271023,32.42949764271023,-inf,-inf
152.png,32.77267937556666,32.42940932979376,blur,1,5.0,35.786421582833825,33.7056678073324,40.58550098887657,36.03811837349669,33.291745358421466,39.26378817868982,-2.080753775501428,-2.7463730150752212
152.png,32.77267937556666,32.42940932979376,blur,2,9.0,32.985167912982256,32.65908853757616,44.15042037689692,32.57212427975975,31.85779495197305,43.3864867652444,-0.32607937540609555,-0.7143293277866967
152.png,32.77267937556666,32.42940932979376,blur,3,11.0,32.196835709602205,32.0512794802186,45.324521581313576,31.556513626914032,31.123966474138843,44.77869052533567,-0.14555622938360813,-0.4325471527751894
152.png,32.77267937556666,32.42940932979376,blur,4,15.0,30.91983209922914,30.934567151404938,45.89974154500464,29.886498721438514,29.623587316541528,46.70698148117235,0.014735052175797847,-0.26291140489698606
152.png,32.77267937556666,32.42940932979376,blur,5,19.0,29.95166235490176,30.056281115329977,46.79752095157784,28.572809866341764,28.307545405628673,48.052857382359235,0.10461876042821672,-0.26526446071309095
152.png,32.77267937556666,32.42940932979376,blur,6,21.0,29.60011701779964,29.72325044511024,45.69102710428601,28.046356364658283,27.758212331226776,47.92807660292812,0.12313342731059862,-0.2881440334315073
152.png,32.77267937556666,32.42940932979376,blur,7,25.0,28.896600559022737,29.032584195796947,45.72641932285693,27.04305947571273,26.728362711148467,48.32101483592652,0.13598363677420977,-0.314696764564264
152.png,32.77267937556666,32.42940932979376,blur,8,29.0,28.35986811453688,28.46698491874966,46.46957712906656,26.229272176583088,25.918409581715302,48.85462740270518,0.10711680421277947,-0.31086259486778545
152.png,32.77267937556666,32.42940932979376,blur,9,31.0,28.11211436685391,28.195347477061105,47.87789805798379,25.88176595510553,25.593932597373698,49.76287806289426,0.08323311020719615,-0.28783335773183083
153.png,33.57020239639414,32.71153247143498,poisson,0,1.0,26.821965231191015,28.197409722051493,24.892598028169218,28.307475291307153,28.998306752387037,26.047629902848154,1.3754444908604775,0.6908314610798847
153.png,33.57020239639414,32.71153247143498,poisson,1,0.8944444444444445,26.31646411226418,27.765441117413655,24.435530507923403,27.788294652531963,28.761776950596207,25.689509962653247,1.4489770051494766,0.9734822980642441
153.png,33.57020239639414,32.71153247143498,poisson,2,0.7888888888888889,25.78833547679234,27.56901694849357,24.06542483159511,27.275069411366765,28.563199723034284,25.301463089278027,1.7806814717012287,1.2881303116675191
153.png,33.57020239639414,32.71153247143498,poisson,3,0.6833333333333333,25.159106298878264,27.13828759698657,23.51611381828221,26.56223527138537,28.339661050586432,24.832681053570703,1.9791812981083048,1.7774257792010637
153.png,33.57020239639414,32.71153247143498,poisson,4,0.5777777777777777,24.44181566078698,26.649074682706747,22.91582695815015,25.865587879639712,27.548890076768657,24.0672630232185,2.207259021919768,1.6833021971289455
153.png,33.57020239639414,32.71153247143498,poisson,5,0.4722222222222222,23.570545772697507,26.303147011548802,22.213619219222146,24.92037935674558,27.490408125989475,23.49936776554457,2.732601238851295,2.570028769243894
153.png,33.57020239639414,32.71153247143498,poisson,6,0.3666666666666667,22.46986375639079,25.581638095950005,21.285525634151536,23.92507936309876,26.889795267136027,22.648513802962476,3.111774339559215,2.9647159040372664
153.png,33.57020239639414,32.71153247143498,poisson,7,0.26111111111111107,21.011022710032528,24.756978805147188,20.028563004054256,22.45360507199468,26.130226048103694,21.44783421940371,3.7459560951146607,3.676620976109014
153.png,33.57020239639414,32.71153247143498,poisson,8,0.15555555555555556,18.791917496366953,23.65864029313588,18.12307738275734,20.190856601320725,24.99066352370373,19.498863835747628,4.866722796768926,4.799806922383006
153.png,33.57020239639414,32.71153247143498,poisson,9,0.05,14.173137689132464,21.200543580415342,13.947389088818396,15.241223918089212,22.558175893511358,14.99429756888862,7.0274058912828785,7.316951975422146
153.png,33.57020239639414,32.71153247143498,jpeg,0,95.0,45.972044832813324,33.49888052941667,33.433095142045254,44.98982649132351,32.66801961859714,32.59554126387122,-12.473164303396658,-12.32180687272637
153.png,33.57020239639414,32.71153247143498,jpeg,1,85.0,41.85048645686716,33.67707013234186,33.815421464309836,40.77963584143046,32.80222871577189,32.95746474950578,-8.173416324525299,-7.977407125658573
153.png,33.57020239639414,32.71153247143498,jpeg,2,75.0,40.178263651670854,33.7532026827824,34.03008902814059,39.26085810296021,32.81630345936002,33.09277002632533,-6.425060968888452,-6.444554643600192
153.png,33.57020239639414,32.71153247143498,jpeg,3,65.0,39.12912874210809,33.82892146401296,34.22295443198183,38.26146232610491,32.82506950962616,33.19490586927665,-5.3002072780951295,-5.436392816478751
153.png,33.57020239639414,32.71153247143498,jpeg,4,55.0,38.24621355101071,33.81321575056215,34.379860372984936,37.37974944939112,32.8216945058269,33.295087681486045,-4.432997800448561,-4.558054943564223
153.png,33.57020239639414,32.71153247143498,jpeg,5,45.0,37.527762737228635,33.86198263741535,34.6530249812982,36.703317600344334,32.77363641476547,33.43025808824079,-3.665780099813283,-3.9296811855788647
153.png,33.57020239639414,32.71153247143498,jpeg,6,35.0,36.70967742913247,33.923107345924464,35.10576990523822,35.95036317652945,32.77567395814559,33.73885453349192,-2.786570083208005,-3.174689218383861
153.png,33.57020239639414,32.71153247143498,jpeg,7,25.0,35.57466249348509,33.83080163819958,35.66195484561462,34.695920381103186,32.59754559195231,33.81224833439235,-1.7438608552855115,-2.098374789150874
153.png,33.57020239639414,32.71153247143498,jpeg,8,15.0,33.86342420081317,33.212564074839655,36.41341121678044,32.71348263893134,31.82953550115847,33.581673738476425,-0.6508601259735158,-0.8839471377728678
153.png,33.57020239639414,32.71153247143498,jpeg,9,5.0,29.58160869140761,29.565961587973888,35.911987162496644,27.72905788893898,27.728836780191983,31.756457094409903,-0.015647103433721554,-0.00022110874699521332
153.png,33.57020239639414,32.71153247143498,blur,0,1.0,inf,33.57017109328617,33.57017109328617,inf,32.71145655536029,32.71145655536029,-inf,-inf
153.png,33.57020239639414,32.71153247143498,blur,1,5.0,38.55858666509778,35.343248226593246,40.62174966510406,36.938734034228126,33.88849234084,39.08439804551146,-3.2153384385045314,-3.0502416933881236
153.png,33.57020239639414,32.71153247143498,blur,2,9.0,35.4358375239495,34.74416783864282,45.53928796744509,33.353551977666,32.8498715166885,43.32098760114803,-0.6916696853066853,-0.503680460977499
153.png,33.57020239639414,32.71153247143498,blur,3,11.0,34.63105088763385,34.29627138729668,47.10287620544619,32.296938318187415,32.16261878409388,44.41442135565868,-0.3347795003371701,-0.13431953409353525
153.png,33.57020239639414,32.71153247143498,blur,4,15.0,33.39935836603321,33.367208133624736,48.601360016126165,30.568587336629264,30.7369771773988,43.86713779236032,-0.03215023240847614,0.16838984076953523
153.png,33.57020239639414,32.71153247143498,blur,5,19.0,32.4862320867214,32.54119273454691,48.3272390135006,29.230068334107827,29.493267072278726,41.74118711883893,0.05496064782551002,0.26319873817089956
153.png,33.57020239639414,32.71153247143498,blur,6,21.0,32.14185949173896,32.20227388877214,48.32548485684925,28.708080407748618,28.974931464961063,41.42867886097203,0.060414397033177636,0.2668510572124454
153.png,33.57020239639414,32.71153247143498,blur,7,25.0,31.458714570760186,31.529729525928648,47.94890371267725,27.699255976040664,27.972479795699776,40.57245515871031,0.07101495516846157,0.2732238196591119
153.png,33.57020239639414,32.71153247143498,blur,8,29.0,30.892848878522614,30.963844015009805,48.23738759566115,26.86663329069659,27.12589972249723,40.81278851538536,0.07099513648719125,0.2592664318006399
153.png,33.57020239639414,32.71153247143498,blur,9,31.0,30.643929183898948,30.71489178773536,47.952643734937354,26.51023646171121,26.773937653708728,40.36966741435353,0.07096260383641351,0.2637011919975194
154.png,30.865753965806757,30.981357388551494,poisson,0,1.0,26.39587910685109,26.979380277056375,24.06971106840234,27.98362055431481,28.56471090836541,25.633036262398548,0.5835011702052846,0.5810903540505983
154.png,30.865753965806757,30.981357388551494,poisson,1,0.8944444444444445,25.905130581940913,26.95546633204657,23.82437099760786,27.417466028483155,28.445886027723816,25.207504173730634,1.0503357501056563,1.0284199992406613
154.png,30.865753965806757,30.981357388551494,poisson,2,0.7888888888888889,25.41190632906001,26.64102613710165,23.409911531902313,26.995813370713577,28.24372130341386,24.823307130297252,1.2291198080416414,1.2479079327002829
154.png,30.865753965806757,30.981357388551494,poisson,3,0.6833333333333333,24.801274338146303,26.109615712183825,22.847553756831434,26.251025868259845,28.178804516114457,24.469053635155067,1.3083413740375214,1.9277786478546126
154.png,30.865753965806757,30.981357388551494,poisson,4,0.5777777777777777,24.148147070658418,25.850758669672036,22.37684699995271,25.625146459984556,27.741958295959165,23.960579085345532,1.7026115990136184,2.116811835974609
154.png,30.865753965806757,30.981357388551494,poisson,5,0.4722222222222222,23.326571818091875,25.389009943817875,21.713296797011807,24.718144411809526,27.18970151959939,23.15160397753663,2.0624381257260005,2.471557107789863
154.png,30.865753965806757,30.981357388551494,poisson,6,0.3666666666666667,22.31366069130867,24.94191614552506,20.938278113695887,23.6957752560781,26.79578871672407,22.40385795110473,2.62825545421639,3.100013460645968
154.png,30.865753965806757,30.981357388551494,poisson,7,0.26111111111111107,20.98353935040764,23.923169840621593,19.748760758773365,22.189477059532155,26.0508452942761,21.188732842447333,2.939630490213954,3.8613682347439457
154.png,30.865753965806757,30.981357388551494,poisson,8,0.15555555555555556,18.93531399721254,23.097526970111222,18.14076780441702,20.008450909071875,24.963742618153205,19.299415896115384,4.162212972898683,4.9552917090813295
154.png,30.865753965806757,30.981357388551494,poisson,9,0.05,14.571223074886257,20.73478490185832,14.400923943591286,15.204358961001702,22.264689114584847,14.847476659778014,6.163561826972062,7.060330153583145
154.png,30.865753965806757,30.981357388551494,jpeg,0,95.0,44.81375012809512,30.6436240866375,30.58766037069057,43.014354538160795,30.94655136361526,30.797698032393242,-14.170126041457621,-12.067803174545535
154.png,30.865753965806757,30.981357388551494,jpeg,1,85.0,40.2052110958937,30.722572660937644,30.8901257943268,37.997008557626785,30.964391784080387,31.172326848060592,-9.482638434956058,-7.032616773546398
154.png,30.865753965806757,30.981357388551494,jpeg,2,75.0,38.74386014714213,30.792225765802836,31.137612565079856,36.48084967975957,31.04468311862614,31.597124731092414,-7.951634381339293,-5.436166561133433
154.png,30.865753965806757,30.981357388551494,jpeg,3,65.0,37.869561997987354,30.618088111694803,31.043612316591652,35.65989768170419,31.07134212258881,31.823425680753708,-7.251473886292551,-4.5885555591153775
154.png,30.865753965806757,30.981357388551494,jpeg,4,55.0,37.08806469418058,31.064569925025967,31.585665620475083,35.002955764591746,31.17170337407338,32.236380272540615,-6.023494769154613,-3.8312523905183653
154.png,30.865753965806757,30.981357388551494,jpeg,5,45.0,36.50168318273994,31.15895183925469,31.875359944427974,34.47574181874988,31.231835571857314,32.36245659269408,-5.342731343485248,-3.2439062468925677
154.png,30.865753965806757,30.981357388551494,jpeg,6,35.0,35.763978797152205,31.083646591415427,31.934623587324978,33.83652368676077,31.21362961200601,32.843719020751266,-4.680332205736779,-2.622894074754761
154.png,30.865753965806757,30.981357388551494,jpeg,7,25.0,34.57709050939373,31.051630207845193,32.12334120677862,33.01683914044867,31.327522599014866,33.736327704761194,-3.5254603015485344,-1.6893165414338007
154.png,30.865753965806757,30.981357388551494,jpeg,8,15.0,32.817327329363536,30.280445735350128,32.578831832148325,31.77105367986256,30.980315984729437,35.11690296335726,-2.5368815940134084,-0.7907376951331244
154.png,30.865753965806757,30.981357388551494,jpeg,9,5.0,28.834862109290277,27.83930572945179,31.718614471791554,28.599286371749116,28.73688332027097,35.143914831516426,-0.9955563798384865,0.13759694852185334
154.png,30.865753965806757,30.981357388551494,blur,0,1.0,inf,30.86569830795149,30.86569830795149,inf,30.98135047668805,30.98135047668805,-inf,-inf
154.png,30.865753965806757,30.981357388551494,blur,1,5.0,29.890278751176965,29.742254843659758,36.39694977606273,34.75608816555589,31.95885690926605,37.756528139613884,-0.1480239075172065,-2.7972312562898374
154.png,30.865753965806757,30.981357388551494,blur,2,9.0,27.669121527884606,27.629177128926827,39.205052418287714,32.66612994321123,31.817599146820083,42.92044952203587,-0.039944398957779015,-0.8485307963911488
154.png,30.865753965806757,30.981357388551494,blur,3,11.0,27.08424132174197,27.09018670475401,40.19766335103967,32.11625907761472,31.627176079861844,45.458278364209065,0.005945383012040395,-0.48908299775287745
154.png,30.865753965806757,30.981357388551494,blur,4,15.0,26.104137365530043,26.13008348326503,40.93239537651076,31.23079514717254,31.07214239503804,49.01409743823717,0.025946117734985563,-0.15865275213450047
154.png,30.865753965806757,30.981357388551494,blur,5,19.0,25.26513646201876,25.325529406010105,39.98030498413502,30.52186707925289,30.426474411253377,45.02069627079991,0.06039294399134576,-0.09539266799951207
154.png,30.865753965806757,30.981357388551494,blur,6,21.0,24.91877679264784,24.982165773953646,39.50023509987507,30.250505518685728,30.141844838657388,43.44070391365369,0.06338898130580617,-0.10866068002833984
154.png,30.865753965806757,30.981357388551494,blur,7,25.0,24.15520579278834,24.280206885787997,38.50624526207568,29.706491105183773,29.604679218230014,41.19043734563361,0.125001092999657,-0.10181188695375809
154.png,30.865753965806757,30.981357388551494,blur,8,29.0,23.51908045205333,23.653894470125195,37.66130425460129,29.259527367006815,29.161361663992672,39.645441938044996,0.13481401807186444,-0.09816570301414274
154.png,30.865753965806757,30.981357388551494,blur,9,31.0,23.210436956382562,23.366164966813322,37.40736219390354,29.06812147225373,28.982065995608117,39.175679796725916,0.15572801043076012,-0.08605547664561186
155.png,38.76183818010277,37.15291198010915,poisson,0,1.0,27.53244283721739,30.099659899141194,26.073908767397462,29.19372515752391,31.27127138221355,27.430437460773756,2.567217061923806,2.0775462246896375
155.png,38.76183818010277,37.15291198010915,poisson,1,0.8944444444444445,26.996522808070967,29.509975907449085,25.55013213374866,28.661536611451567,30.70089261486934,26.991686618546787,2.5134530993781183,2.0393560034177725
155.png,38.76183818010277,37.15291198010915,poisson,2,0.7888888888888889,26.46914460105709,29.15120889900878,25.098635811284517,28.11725959432885,30.27226729768963,26.51198802791169,2.6820642979516904,2.1550077033607806
155.png,38.76183818010277,37.15291198010915,poisson,3,0.6833333333333333,25.85914664907451,28.66009741873141,24.521696537451973,27.42308525927056,29.920579848121868,25.924237198490676,2.8009507696569003,2.497494588851307
155.png,38.76183818010277,37.15291198010915,poisson,4,0.5777777777777777,25.121968755023694,28.093759275279986,23.865449508673635,26.85082976492048,29.73792893943502,25.536129658523983,2.9717905202562918,2.887099174514539
155.png,38.76183818010277,37.15291198010915,poisson,5,0.4722222222222222,24.264671557391036,27.516602491325457,23.096221471531415,25.97437569515794,29.266766378129784,24.76877226719512,3.251930933934421,3.2923906829718455
155.png,38.76183818010277,37.15291198010915,poisson,6,0.3666666666666667,23.17216836480589,26.78775747513855,22.14677609614832,24.76559808559918,28.40271684191896,23.690712392764798,3.6155891103326603,3.6371187563197793
155.png,38.76183818010277,37.15291198010915,poisson,7,0.26111111111111107,21.71300666125377,25.837286511147795,20.861174927449806,23.239202760550928,27.595798378709276,22.31888248488211,4.124279849894023,4.356595618158348
155.png,38.76183818010277,37.15291198010915,poisson,8,0.15555555555555556,19.50566256379129,24.39500256476133,18.878744149967826,21.11412010443578,26.204638112398687,20.477027457692305,4.889340000970041,5.090518007962906
155.png,38.76183818010277,37.15291198010915,poisson,9,0.05,14.818968185389325,21.66702108033139,14.61291704834764,16.230614378613243,23.39222332499248,15.977953332918924,6.848052894942066,7.161608946379236
155.png,38.76183818010277,37.15291198010915,jpeg,0,95.0,46.722871135126724,38.70929959610094,38.80390583184529,45.530216351839655,37.10849446306853,37.151545582876786,-8.013571539025783,-8.421721888771124
155.png,38.76183818010277,37.15291198010915,jpeg,1,85.0,44.144252460113485,38.91265919034704,39.52461922588998,42.78497781270255,37.24330601338409,37.77388494251028,-5.231593269766442,-5.541671799318458
155.png,38.76183818010277,37.15291198010915,jpeg,2,75.0,42.862625012301066,39.01388923550692,39.913851029708475,41.45737803977883,37.16606058258974,37.65690181295537,-3.8487357767941432,-4.291317457189088
155.png,38.76183818010277,37.15291198010915,jpeg,3,65.0,42.006762569187345,38.9480617970549,40.117159246611976,40.5169437193227,37.06790143274701,37.68394526087976,-3.058700772132447,-3.44904228657569
155.png,38.76183818010277,37.15291198010915,jpeg,4,55.0,41.265616583625956,38.833674278383455,40.2696547962602,39.55838075398059,36.77533455611992,37.32228631106358,-2.431942305242501,-2.7830461978606706
155.png,38.76183818010277,37.15291198010915,jpeg,5,45.0,40.63504816414539,38.70474060698951,40.390318564585314,38.82019348574694,36.593359283933694,37.305984438636656,-1.9303075571558779,-2.226834201813247
155.png,38.76183818010277,37.15291198010915,jpeg,6,35.0,39.810297680092,38.47321005342629,40.53888741442962,37.876322167031034,36.36256477032766,37.25155028652612,-1.3370876266657064,-1.513757396703376
155.png,38.76183818010277,37.15291198010915,jpeg,7,25.0,38.615041054169254,37.838622538133905,40.304851258368295,36.544662501360264,35.75333773753866,36.89299636368637,-0.7764185160353492,-0.7913247638216063
155.png,38.76183818010277,37.15291198010915,jpeg,8,15.0,36.53361562270979,36.2264852840686,39.70597758813069,34.182584106792845,34.05050719325839,35.400082224298,-0.307130338641187,-0.13207691353445483
155.png,38.76183818010277,37.15291198010915,jpeg,9,5.0,30.55647862992087,30.63337165955913,36.783042541520246,28.037321775442695,28.247204866496737,31.440633831191622,0.07689302963825995,0.20988309105404213
155.png,38.76183818010277,37.15291198010915,blur,0,1.0,inf,38.761870708756206,38.761870708756206,inf,37.15313328258715,37.15313328258715,-inf,-inf
155.png,38.76183818010277,37.15291198010915,blur,1,5.0,43.12788709433487,39.83684637256329,43.550671122439255,40.545434682791885,38.036312088722156,40.94445473548128,-3.29104072177158,-2.50912259406973
155.png,38.76183818010277,37.15291198010915,blur,2,9.0,40.031213720126885,38.94779680354106,44.465556937906086,36.237093718448406,36.84713096645717,41.23913859965888,-1.0834169165858256,0.6100372480087657
155.png,38.76183818010277,37.15291198010915,blur,3,11.0,38.995451662386955,38.315478403497785,44.19188841068599,34.73064067236659,35.971565627257675,40.92412252827175,-0.67997325888917,1.240924954891085
155.png,38.76183818010277,37.15291198010915,blur,4,15.0,37.15397157911862,36.91213513703378,43.271329676628426,32.11011203990943,33.881189161716335,40.260365395777,-0.24183644208483912,1.7710771218069041
155.png,38.76183818010277,37.15291198010915,blur,5,19.0,35.62888373150572,35.60181744141096,42.553210703970095,29.98534361632921,31.7322140315032,40.064305773609085,-0.02706629009475847,1.7468704151739907
155.png,38.76183818010277,37.15291198010915,blur,6,21.0,35.00664727552929,35.0342614524506,42.27587200488688,29.108423045960695,30.759015751971475,40.100854117957724,0.027614176921311184,1.6505927060107801
155.png,38.76183818010277,37.15291198010915,blur,7,25.0,33.81135728382447,33.92303370834466,41.86580953860164,27.486512692194374,28.858995843138334,40.43544159288572,0.11167642452019066,1.3724831509439603
155.png,38.76183818010277,37.15291198010915,blur,8,29.0,32.80886532226622,32.982541907717454,41.77726714341675,26.13803171121081,27.19985593976325,41.2118469138164,0.17367658545123277,1.0618242285524389
155.png,38.76183818010277,37.15291198010915,blur,9,31.0,32.379049590077855,32.5721229600427,41.823227445491675,25.591767103669653,26.515385244659694,41.69555630124875,0.1930733699648428,0.9236181409900404
156.png,32.38521897934008,33.63248158517915,poisson,0,1.0,26.79450209476761,28.256794630994854,24.86073419146948,27.33811927389878,28.877347265723657,25.457359375298033,1.4622925362272454,1.5392279918248768
156.png,32.38521897934008,33.63248158517915,poisson,1,0.8944444444444445,26.308753699308134,27.9859968019611,24.502120413949406,26.84070711679521,28.56377517134321,25.009590203737766,1.677243102652966,1.7230680545480013
156.png,32.38521897934008,33.63248158517915,poisson,2,0.7888888888888889,25.763132457299083,27.7107948980735,24.07163487781808,26.167005314046712,28.087182519200486,24.43537266198836,1.947662440774419,1.9201772051537738
156.png,32.38521897934008,33.63248158517915,poisson,3,0.6833333333333333,25.150227716156955,27.3846586114107,23.586186431115696,25.623437835489295,28.047821541502884,24.062907952849223,2.2344308952537446,2.4243837060135895
156.png,32.38521897934008,33.63248158517915,poisson,4,0.5777777777777777,24.41265982074178,26.846337925213156,22.937286519259487,24.899507727816612,27.408433443053497,23.477387639724707,2.433678104471376,2.5089257152368845
156.png,32.38521897934008,33.63248158517915,poisson,5,0.4722222222222222,23.578333817118164,26.448281942334244,22.245154569767266,24.03528037192123,27.027184500663527,22.679234062524607,2.86994812521608,2.9919041287422985
156.png,32.38521897934008,33.63248158517915,poisson,6,0.3666666666666667,22.535796759930726,25.798414437446212,21.35422851098152,23.069417481570518,26.468121047843248,21.876377967885038,3.262617677515486,3.3987035662727294
156.png,32.38521897934008,33.63248158517915,poisson,7,0.26111111111111107,21.093420148414886,24.93629426178567,20.119056698675912,21.488284980182296,25.59339732673342,20.503455647018768,3.842874113370783,4.105112346551124
156.png,32.38521897934008,33.63248158517915,poisson,8,0.15555555555555556,18.96965843516281,23.865336925740444,18.313169056374125,19.256660800175766,24.410743116227252,18.63708971345218,4.895678490577634,5.154082316051486
156.png,32.38521897934008,33.63248158517915,poisson,9,0.05,14.521310813216765,21.3314169051141,14.286063855126523,14.71148350720322,22.046003232777526,14.477719060100556,6.810106091897335,7.334519725574307
156.png,32.38521897934008,33.63248158517915,jpeg,0,95.0,44.75170558079291,32.411408481986754,32.354620016199505,44.320936700192,33.529940530238676,33.436955064521314,-12.340297098806154,-10.790996169953324
156.png,32.38521897934008,33.63248158517915,jpeg,1,85.0,40.95095985031226,32.57398085931591,32.823464209502056,40.379290311610696,33.71639240588934,34.03899635100433,-8.37697899099635,-6.662897905721358
156.png,32.38521897934008,33.63248158517915,jpeg,2,75.0,39.610814214997006,32.38634780964947,32.76306294613637,39.08326298380911,33.772827971483686,34.289959049105995,-7.224466405347535,-5.310435012325421
156.png,32.38521897934008,33.63248158517915,jpeg,3,65.0,38.74691954900408,32.53679701095744,33.035048689483716,38.252655412331414,33.75521928516644,34.52339453450085,-6.21012253804664,-4.497436127164974
156.png,32.38521897934008,33.63248158517915,jpeg,4,55.0,37.967701364584,32.39016068872114,32.98739091783347,37.569280959242796,33.87404032567096,34.88462490031951,-5.577540675862863,-3.695240633571835
156.png,32.38521897934008,33.63248158517915,jpeg,5,45.0,37.364721247892504,32.530112610571166,33.323089425638756,36.95692341441493,33.83017621298086,35.07396523318274,-4.834608637321338,-3.126747201434071
156.png,32.38521897934008,33.63248158517915,jpeg,6,35.0,36.66630570881531,32.672853475050154,33.75916274317115,36.2736692641806,33.82084639963074,35.33868517591985,-3.9934522337651543,-2.4528228645498587
156.png,32.38521897934008,33.63248158517915,jpeg,7,25.0,35.620800816623486,32.88099631725367,34.386892357444935,35.28560038360133,33.66321044900805,35.679370699734974,-2.739804499369818,-1.6223899345932793
156.png,32.38521897934008,33.63248158517915,jpeg,8,15.0,34.004727155263424,32.37744566355114,35.03941067017528,33.56991624121809,32.85082218027939,35.92342455685535,-1.6272814917122815,-0.7190940609387013
156.png,32.38521897934008,33.63248158517915,jpeg,9,5.0,29.628699845079876,29.102797954187587,33.87893217332933,28.936394586096338,28.90641088806163,34.331790948821855,-0.525901890892289,-0.029983698034708794
156.png,32.38521897934008,33.63248158517915,blur,0,1.0,inf,32.38519027235438,32.38519027235438,inf,33.63257016701218,33.63257016701218,-inf,-inf
156.png,32.38521897934008,33.63248158517915,blur,1,5.0,35.02566754826069,31.779075432048298,36.77445281809688,37.9140675660329,34.8899689566588,40.41262290641549,-3.246592116212394,-3.0240986093741
156.png,32.38521897934008,33.63248158517915,blur,2,9.0,31.278022679969983,29.81804219925737,39.50475429578291,35.27376218910709,34.3158294768099,45.011247404488344,-1.4599804807126127,-0.9579327122971861
156.png,32.38521897934008,33.63248158517915,blur,3,11.0,30.16023560317234,29.047860043429203,40.578979305911915,34.52525193439434,33.89430803908568,46.60602086743481,-1.1123755597431355,-0.6309438953086612
156.png,32.38521897934008,33.63248158517915,blur,4,15.0,28.409795011115563,27.780853031526192,42.63740846746031,33.3140763563404,32.9556008840609,48.62120161460594,-0.6289419795893707,-0.35847547227950116
156.png,32.38521897934008,33.63248158517915,blur,5,19.0,27.11133736884683,26.853178469532075,44.38823514734649,32.340584441658564,32.08355722024799,49.18727994730554,-0.2581588993147541,-0.2570272214105742
156.png,32.38521897934008,33.63248158517915,blur,6,21.0,26.631450276482383,26.503155394438128,44.67023990255447,31.961301545437767,31.719917232125265,48.95273165035397,-0.12829488204425488,-0.24138431331250132
156.png,32.38521897934008,33.63248158517915,blur,7,25.0,25.69857624453883,25.73165316268271,44.27783617005063,31.19863574631317,31.007294428314644,48.13704730468551,0.03307691814388036,-0.19134131799852483
156.png,32.38521897934008,33.63248158517915,blur,8,29.0,24.969155125398586,25.082931301806504,44.02831516872324,30.5603857489333,30.369824690609537,47.87839698315513,0.11377617640791726,-0.19056105832376247
156.png,32.38521897934008,33.63248158517915,blur,9,31.0,24.6444385319492,24.77496771365223,43.96349062534359,30.269125173435047,30.089078784821893,47.86838537732975,0.1305291817030323,-0.18004638861315314
157.png,31.324154791673603,33.10060144453901,poisson,0,1.0,26.613851940263757,27.43941480900018,24.4029267169592,27.05980244403928,28.307100518950822,25.11907904206209,0.8255628687364229,1.2472980749115408
157.png,31.324154791673603,33.10060144453901,poisson,1,0.8944444444444445,26.115201289238836,27.158191645105,24.010539062549405,26.78275730770884,28.07925336819054,24.63290514453821,1.0429903558661628,1.2964960604816973
157.png,31.324154791673603,33.10060144453901,poisson,2,0.7888888888888889,25.564793923022627,26.775821094223943,23.539960301746262,26.19487202358853,27.87131609927276,24.292450282992593,1.2110271712013159,1.6764440756842305
157.png,31.324154791673603,33.10060144453901,poisson,3,0.6833333333333333,24.951505224381847,26.336626230424937,23.00080837042381,25.624683718917517,27.326291659734036,23.734141000211984,1.3851210060430894,1.701607940816519
157.png,31.324154791673603,33.10060144453901,poisson,4,0.5777777777777777,24.215254364809123,25.978264916523976,22.43982366523475,24.744517233721762,26.881178028729522,23.08178726045325,1.7630105517148529,2.13666079500776
157.png,31.324154791673603,33.10060144453901,poisson,5,0.4722222222222222,23.36133216242841,25.633734470427576,21.808115792689637,23.926631088786117,26.48778623371812,22.365340847410053,2.2724023079991653,2.561155144932002
157.png,31.324154791673603,33.10060144453901,poisson,6,0.3666666666666667,22.254497811593744,24.944688360138123,20.87243375035183,22.81467357450277,25.613644959777567,21.353909797256875,2.690190548544379,2.798971385274797
157.png,31.324154791673603,33.10060144453901,poisson,7,0.26111111111111107,20.846117303958746,24.30663799663252,19.737802801446087,21.37190599734052,25.020605666183243,20.235202041294787,3.460520692673775,3.648699668842724
157.png,31.324154791673603,33.10060144453901,poisson,8,0.15555555555555556,18.67137136504571,23.319007223290175,17.893680495956065,19.1238853707629,24.07177874271025,18.323407463182676,4.647635858244463,4.947893371947352
157.png,31.324154791673603,33.10060144453901,poisson,9,0.05,14.260830888503087,21.391673060635533,14.001396986265103,14.364964126319034,21.574883680361335,14.09707946448296,7.130842172132446,7.209919554042301
157.png,31.324154791673603,33.10060144453901,jpeg,0,95.0,44.370980795106654,31.307204669051572,31.261359383762183,43.95939519615155,33.00792051914166,32.94242472320268,-13.063776126055082,-10.951474677009884
157.png,31.324154791673603,33.10060144453901,jpeg,1,85.0,40.453868668309056,31.442299668502454,31.66753982892411,39.8691700992392,33.06742566894921,33.492233567840884,-9.011568999806602,-6.801744430289986
157.png,31.324154791673603,33.10060144453901,jpeg,2,75.0,39.11459451203904,31.532718589153077,31.89313749334216,38.46022751028937,33.26352801029695,33.79279451686128,-7.581875922885963,-5.19669949999242
157.png,31.324154791673603,33.10060144453901,jpeg,3,65.0,38.20952859715166,31.653611624928736,32.11142669620435,37.66066435093957,33.2960810119193,33.997917191852565,-6.555916972222924,-4.364583339020271
157.png,31.324154791673603,33.10060144453901,jpeg,4,55.0,37.46081269938707,31.758823946922654,32.38848601798435,36.92901383274689,33.29145172774695,34.17479444387219,-5.701988752464416,-3.6375621049999367
157.png,31.324154791673603,33.10060144453901,jpeg,5,45.0,36.858761223162105,31.910218734303687,32.69528641440679,36.22919290056596,33.228623605983,34.090407402943896,-4.948542488858418,-3.0005692945829594
157.png,31.324154791673603,33.10060144453901,jpeg,6,35.0,36.14642181502442,31.88476722536796,32.94454241166007,35.461562159120476,33.008514247564634,34.345659836623774,-4.261654589656459,-2.453047911555842
157.png,31.324154791673603,33.10060144453901,jpeg,7,25.0,35.16316382161601,31.805519948640473,33.252316447547145,34.36455172382489,32.72893429063663,34.14952302182612,-3.3576438729755367,-1.6356174331882585
157.png,31.324154791673603,33.10060144453901,jpeg,8,15.0,33.644863338860304,31.267869131222447,33.7094881955515,32.68818881217026,32.00515492029466,34.51542051685608,-2.376994207637857,-0.6830338918756027
157.png,31.324154791673603,33.10060144453901,jpeg,9,5.0,29.345120969241847,28.00618037915789,32.94056486770939,27.62144014736133,27.532307952638746,31.585497262060983,-1.3389405900839577,-0.08913219472258405
157.png,31.324154791673603,33.10060144453901,blur,0,1.0,inf,31.324180407547896,31.324180407547896,inf,33.10065289550316,33.10065289550316,-inf,-inf
157.png,31.324154791673603,33.10060144453901,blur,1,5.0,33.899352135875745,31.326141602042146,37.418569167757575,36.613182693994496,33.9722302378268,40.24512632091059,-2.573210533833599,-2.640952456167696
157.png,31.324154791673603,33.10060144453901,blur,2,9.0,31.156694243232348,29.98032017715182,40.54520873009834,33.481832438406364,32.74479080324827,44.219293721909985,-1.1763740660805269,-0.7370416351580928
157.png,31.324154791673603,33.10060144453901,blur,3,11.0,30.33309725158339,29.485473446045958,41.604145691330956,32.53282481099784,32.05747477118454,45.48387876832833,-0.847623805537431,-0.47535003981329993
157.png,31.324154791673603,33.10060144453901,blur,4,15.0,28.94934354470375,28.57112409701585,43.6502137895522,30.930537486233185,30.643727447119865,47.496588927949105,-0.3782194476879006,-0.2868100391133197
157.png,31.324154791673603,33.10060144453901,blur,5,19.0,27.87270072835266,27.785841539746563,45.129831147269535,29.6665855278502,29.429242061934133,49.03068483761932,-0.08685918860609831,-0.2373434659160658
157.png,31.324154791673603,33.10060144453901,blur,6,21.0,27.475258350077347,27.474594560269168,45.02424190757764,29.170661315409937,28.94983222301629,49.449205969130354,-0.0006637898081791604,-0.22082909239364668
157.png,31.324154791673603,33.10060144453901,blur,7,25.0,26.685436236540774,26.782766105865115,45.69521185419573,28.216358543196467,27.992466437010734,50.29951424435225,0.09732986932434073,-0.2238921061857333
157.png,31.324154791673603,33.10060144453901,blur,8,29.0,26.088347769490845,26.192131051999187,46.14560451828265,27.41861824166214,27.18471292451772,50.80369967846536,0.10378328250834201,-0.23390531714442275
157.png,31.324154791673603,33.10060144453901,blur,9,31.0,25.813722144939195,25.93808913415176,45.16631571929055,27.07328964168834,26.839554540519288,50.684726640503726,0.1243669892125645,-0.23373510116905294
158.png,32.172389078306416,32.04515792804205,poisson,0,1.0,27.88783958581138,28.61676787817259,25.638296443253378,27.063191938409577,27.52046798104267,24.668869325223362,0.728928292361207,0.45727604263309374
158.png,32.172389078306416,32.04515792804205,poisson,1,0.8944444444444445,27.382405931467023,28.256478940823932,25.21924585668795,26.324968701777486,27.16162998164013,24.134285879850005,0.8740730093569091,0.8366612798626427
158.png,32.172389078306416,32.04515792804205,poisson,2,0.7888888888888889,26.84301345890793,27.880769671012942,24.76491025884398,25.986994077686912,26.767623122969667,23.705109920126848,1.0377562121050126,0.7806290452827547
158.png,32.172389078306416,32.04515792804205,poisson,3,0.6833333333333333,26.22981229718301,27.531034567263028,24.26931372786594,25.353169136968855,26.441048506288833,23.23057999419276,1.301222270080018,1.0878793693199782
158.png,32.172389078306416,32.04515792804205,poisson,4,0.5777777777777777,25.523529867432853,27.204993555324602,23.745536029920192,24.6118904415013,26.0202880773327,22.748354125438954,1.6814636878917497,1.4083976358314025
158.png,32.172389078306416,32.04515792804205,poisson,5,0.4722222222222222,24.686944066847186,26.649664671944798,23.01244380332247,23.67831931509543,25.578360658683145,21.958752366258018,1.962720605097612,1.9000413435877164
158.png,32.172389078306416,32.04515792804205,poisson,6,0.3666666666666667,23.594909546533586,25.789814521043258,22.064422233951117,22.444685641324686,24.592086331417633,20.913380223965166,2.1949049745096723,2.1474006900929474
158.png,32.172389078306416,32.04515792804205,poisson,7,0.26111111111111107,22.20830651156476,24.872833016052553,20.852633714932782,21.196298843081372,23.78269936203113,19.796858381811905,2.6645265044877924,2.586400518949759
158.png,32.172389078306416,32.04515792804205,poisson,8,0.15555555555555556,20.065524532097992,23.475374463012674,19.015056182805065,18.95454891734167,22.258624809051565,17.713456088331434,3.4098499309146817,3.3040758917098962
158.png,32.172389078306416,32.04515792804205,poisson,9,0.05,15.58170635374597,20.624301715675387,15.065411130448783,14.291928332612368,19.523605819396547,13.729646971926444,5.042595361929417,5.231677486784179
158.png,32.172389078306416,32.04515792804205,jpeg,0,95.0,45.317773558519505,32.107529862493735,32.03655578440095,44.00832332884096,31.967728872985546,31.85259791370815,-13.21024369602577,-12.040594455855413
158.png,32.172389078306416,32.04515792804205,jpeg,1,85.0,41.09840884910332,32.15215543636149,32.3345074150234,39.67476643977776,32.07420011318712,32.2469092763029,-8.946253412741832,-7.600566326590645
158.png,32.172389078306416,32.04515792804205,jpeg,2,75.0,39.64489168718483,32.41868083505952,32.761886733381736,38.12382538756723,32.24447869364602,32.63624839782224,-7.226210852125313,-5.879346693921207
158.png,32.172389078306416,32.04515792804205,jpeg,3,65.0,38.71705534747194,32.47389120311069,32.92345930857748,37.231298285166226,32.32611714752997,32.903134328476455,-6.243164144361252,-4.905181137636255
158.png,32.172389078306416,32.04515792804205,jpeg,4,55.0,37.90422553808681,32.578929093350276,33.14545313048343,36.48924354302902,32.339504789957545,33.079600055864965,-5.325296444736537,-4.149738753071475
158.png,32.172389078306416,32.04515792804205,jpeg,5,45.0,37.246163014260375,32.61204289143643,33.28282925697353,35.847316586937524,32.52705481919064,33.50216817887353,-4.634120122823944,-3.320261767746885
158.png,32.172389078306416,32.04515792804205,jpeg,6,35.0,36.481077509039004,32.734046197595895,33.65286141265201,35.08636750815854,32.427853516878514,33.64629221838629,-3.7470313114431093,-2.6585139912800244
158.png,32.172389078306416,32.04515792804205,jpeg,7,25.0,35.444597809861435,32.65192633695107,33.97580692329113,33.92737468807228,32.35653837313357,33.998824916565276,-2.7926714729103637,-1.5708363149387097
158.png,32.172389078306416,32.04515792804205,jpeg,8,15.0,33.731591836783636,32.152364158860856,33.73044663173367,32.43712636437425,31.688845643369966,34.32393787555846,-1.5792276779227805,-0.748280721004285
158.png,32.172389078306416,32.04515792804205,jpeg,9,5.0,28.85700919353628,29.090888579310445,32.638858267622346,27.904804360399194,27.864178727973066,32.89174177889535,0.23387938577416634,-0.04062563242612782
158.png,32.172389078306416,32.04515792804205,blur,0,1.0,inf,32.17234428471936,32.17234428471936,inf,32.04512606246048,32.04512606246048,-inf,-inf
158.png,32.172389078306416,32.04515792804205,blur,1,5.0,31.604389747017287,30.906231798834533,38.81887911559396,36.03408946543061,33.50432823963481,39.34407663280741,-0.6981579481827538,-2.529761225795802
158.png,32.172389078306416,32.04515792804205,blur,2,9.0,28.733838202018305,28.503013864413674,43.07411723974028,32.699297344086105,32.028926855091946,43.688801508687604,-0.23082433760463061,-0.6703704889941591
158.png,32.172389078306416,32.04515792804205,blur,3,11.0,27.93730752151017,27.818867965704243,44.21834827123942,31.734973169196028,31.268731599085058,45.116804763165604,-0.11843955580592791,-0.4662415701109701
158.png,32.172389078306416,32.04515792804205,blur,4,15.0,26.708430348042587,26.85642591798719,45.62328349925003,30.17221894163757,29.861726319317363,47.06264454178018,0.1479955699446016,-0.3104926223202078
158.png,32.172389078306416,32.04515792804205,blur,5,19.0,25.807685809812583,25.983145459305007,46.56745446193548,29.031916090673782,28.78599472195014,48.23373240642255,0.17545964949242432,-0.24592136872364279
158.png,32.172389078306416,32.04515792804205,blur,6,21.0,25.49305990973926,25.6396326576202,47.19717011214681,28.609770595246225,28.376606232031662,48.74079427591865,0.146572747880942,-0.2331643632145628
158.png,32.172389078306416,32.04515792804205,blur,7,25.0,24.84233468950171,24.935531964960735,48.445255926129846,27.819355524233444,27.621620840837387,49.85301145374898,0.09319727545902623,-0.1977346833960567
158.png,32.172389078306416,32.04515792804205,blur,8,29.0,24.335344284872647,24.395192349196734,49.459581405161586,27.188375650086986,27.011161628064578,50.56375603409873,0.05984806432408618,-0.1772140220224081
158.png,32.172389078306416,32.04515792804205,blur,9,31.0,24.098680432216963,24.1466379485577,49.987348731133295,26.92629268725426,26.764370068415865,51.073944906280566,0.04795751634073753,-0.1619226188383962
159.png,32.059083552344575,30.506666938025404,poisson,0,1.0,26.50688479313251,27.753698614657978,24.489792573358432,26.692823899467477,26.73249861016106,24.062378598032893,1.2468138215254676,0.03967471069358197
159.png,32.059083552344575,30.506666938025404,poisson,1,0.8944444444444445,26.017419089584326,27.405623616563545,24.068515306728536,26.288895422586545,26.56292182873719,23.77856827164425,1.3882045269792194,0.274026406150643
159.png,32.059083552344575,30.506666938025404,poisson,2,0.7888888888888889,25.45667931129891,27.2426569552721,23.704384109151434,25.575458244848438,26.20848672230715,23.168070900110425,1.7859776439731903,0.633028477458712
159.png,32.059083552344575,30.506666938025404,poisson,3,0.6833333333333333,24.849645953981234,26.705524670209712,23.127314339881057,25.000498374720983,25.893761416041635,22.63129773220394,1.855878716228478,0.893263041320651
159.png,32.059083552344575,30.506666938025404,poisson,4,0.5777777777777777,24.139739714845355,26.36789107832741,22.54828225847279,24.31651016943735,25.60854827567927,22.17558057639113,2.2281513634820556,1.2920381062419182
159.png,32.059083552344575,30.506666938025404,poisson,5,0.4722222222222222,23.247012168336262,25.90799788663481,21.835777177868735,23.36348735936121,25.25870182528857,21.47907052273105,2.660985718298548,1.89521446592736
159.png,32.059083552344575,30.506666938025404,poisson,6,0.3666666666666667,22.18145400298056,25.249651708269056,20.927444180192474,22.35415644765366,24.639241471891346,20.651405390451284,3.0681977052884974,2.2850850242376843
159.png,32.059083552344575,30.506666938025404,poisson,7,0.26111111111111107,20.736788864790753,24.409673595304497,19.70877229135628,20.872466358002736,23.63208062382426,19.399679359485905,3.6728847305137435,2.759614265821522
159.png,32.059083552344575,30.506666938025404,poisson,8,0.15555555555555556,18.591393045934282,23.308270459716766,17.850170047681985,18.582228272922848,22.861345762882515,17.65326700810247,4.716877413782484,4.279117489959667
159.png,32.059083552344575,30.506666938025404,poisson,9,0.05,14.147517352766833,20.97522568239564,13.852994646682113,14.090727584809779,20.78187188365145,13.677371261871977,6.8277083296288055,6.691144298841673
159.png,32.059083552344575,30.506666938025404,jpeg,0,95.0,44.087248463775595,31.973151055673362,31.88785133814239,43.88601932428899,30.43981246048402,30.347660169139164,-12.114097408102232,-13.446206863804967
159.png,32.059083552344575,30.506666938025404,jpeg,1,85.0,39.936552723003246,32.1383684100486,32.39328870055659,39.49149162167928,30.58618471408469,30.69234784512581,-7.798184312954646,-8.90530690759459
159.png,32.059083552344575,30.506666938025404,jpeg,2,75.0,38.54956293111264,32.241112188248216,32.70130845856213,38.049202940177715,30.693573093462337,31.01789500287715,-6.308450742864423,-7.355629846715377
159.png,32.059083552344575,30.506666938025404,jpeg,3,65.0,37.66336348741612,32.30278599378565,32.88305290758568,37.07486237265392,30.657522021672,31.035264788234823,-5.360577493630473,-6.417340350981917
159.png,32.059083552344575,30.506666938025404,jpeg,4,55.0,36.916237278272,32.34911622616365,33.00661784784147,36.3435979983095,30.70197618233875,30.912081056011456,-4.567121052108348,-5.641621815970748
159.png,32.059083552344575,30.506666938025404,jpeg,5,45.0,36.29466494013281,32.44538749102202,33.355352239125374,35.61779018214953,30.724358876983878,31.034744734295675,-3.8492774491107937,-4.893431305165649
159.png,32.059083552344575,30.506666938025404,jpeg,6,35.0,35.584440348551865,32.48027749392895,33.77919486085474,34.778946498815266,30.582762266399634,30.994870211289083,-3.1041628546229134,-4.196184232415632
159.png,32.059083552344575,30.506666938025404,jpeg,7,25.0,34.63010000985126,32.37185741261321,34.194041407670596,33.62627559303186,30.524950815306156,31.095014091410057,-2.258242597238052,-3.101324777725708
159.png,32.059083552344575,30.506666938025404,jpeg,8,15.0,33.11883452189893,31.912888454786213,34.76453024543711,31.65142912280738,29.84432016089447,30.760568592698206,-1.2059460671127198,-1.8071089619129097
159.png,32.059083552344575,30.506666938025404,jpeg,9,5.0,28.954021399250784,28.70273337732467,33.35437481911401,26.55733186240312,26.047870626544242,28.26025811197055,-0.2512880219261149,-0.509461235858879
159.png,32.059083552344575,30.506666938025404,blur,0,1.0,inf,32.05908172462932,32.05908172462932,inf,30.506650230131903,30.506650230131903,-inf,-inf
159.png,32.059083552344575,30.506666938025404,blur,1,5.0,34.41477114763761,32.35899969285745,38.07200726757867,34.92986518655775,31.37417743713851,36.250477893672645,-2.0557714547801567,-3.5556877494192385
159.png,32.059083552344575,30.506666938025404,blur,2,9.0,30.974347891674768,30.39462040324359,41.913130090729794,31.201667523110185,30.091762224065285,40.24694749018637,-0.5797274884311783,-1.1099052990449003
159.png,32.059083552344575,30.506666938025404,blur,3,11.0,29.994121280928713,29.534478123094384,42.94610810087704,30.124966193011286,29.41640265280899,41.668453487755315,-0.4596431578343285,-0.7085635402022952
159.png,32.059083552344575,30.506666938025404,blur,4,15.0,28.511232788960776,28.300951332673066,44.29022840941845,28.36105049030357,27.995664192872663,43.76959430611615,-0.21028145628771,-0.36538629743090567
159.png,32.059083552344575,30.506666938025404,blur,5,19.0,27.44476361988965,27.42137828637242,44.45763347106144,26.976880695747724,26.669126295620444,44.60186669789779,-0.023385333517229157,-0.30775440012727984
159.png,32.059083552344575,30.506666938025404,blur,6,21.0,27.063803075141696,27.098949349023872,44.176408348648295,26.41852957400274,26.098601533377987,44.5079040930844,0.035146273882176615,-0.31992804062475244
159.png,32.059083552344575,30.506666938025404,blur,7,25.0,26.301725569388317,26.393455087381806,43.68035711233542,25.36114834141118,24.997213145214342,44.0857609567025,0.09172951799348894,-0.363935196196838
159.png,32.059083552344575,30.506666938025404,blur,8,29.0,25.680352758272033,25.79994018213837,43.298028961490104,24.495612449461454,24.0797524030814,43.50716212484622,0.11958742386633858,-0.4158600463800539
159.png,32.059083552344575,30.506666938025404,blur,9,31.0,25.402350058176907,25.53247112657853,43.119994672336226,24.13446383896448,23.70071255018427,43.217490121269655,0.1301210684016212,-0.43375128878020774
16.png,32.379032862694814,31.911015716831134,poisson,0,1.0,26.36978465915803,27.55684932427565,24.349239040950884,26.99441491777833,27.663707675282403,24.753703759564093,1.1870646651176209,0.6692927575040741
16.png,32.379032862694814,31.911015716831134,poisson,1,0.8944444444444445,25.904315419998106,27.250780015883432,23.946023758786282,26.541235231744366,27.614634563353807,24.390708498093705,1.346464595885326,1.0733993316094406
16.png,32.379032862694814,31.911015716831134,poisson,2,0.7888888888888889,25.36364533238913,27.04307575043036,23.559442018138842,25.948568724063925,27.170075128994732,23.863237145695663,1.6794304180412318,1.2215064049308069
16.png,32.379032862694814,31.911015716831134,poisson,3,0.6833333333333333,24.773210832743658,26.839219380015948,23.122385341331956,25.418260088131287,27.284603063930938,23.65421345475378,2.0660085472722898,1.8663429757996504
16.png,32.379032862694814,31.911015716831134,poisson,4,0.5777777777777777,24.04053489476416,26.36706031184316,22.498241364523253,24.617520734628712,26.630839808868,22.890266931343643,2.326525417079001,2.0133190742392877
16.png,32.379032862694814,31.911015716831134,poisson,5,0.4722222222222222,23.197149089080483,25.814109737408224,21.78701051322314,23.77816891031445,26.271147793231968,22.280430101525774,2.6169606483277406,2.4929788829175195
16.png,32.379032862694814,31.911015716831134,poisson,6,0.3666666666666667,22.121806236619026,25.440806696558912,20.961346139579415,22.62493468732652,25.47014851647316,21.23074316101192,3.319000459939886,2.8452138291466404
16.png,32.379032862694814,31.911015716831134,poisson,7,0.26111111111111107,20.78232593302245,24.849163966900672,19.857836842873404,21.182617886797907,25.26181790578417,20.192847224601746,4.0668380338782235,4.079200018986263
16.png,32.379032862694814,31.911015716831134,poisson,8,0.15555555555555556,18.659095750833355,23.522912297783396,17.970354211313868,18.919925636022985,23.689937849303586,18.109332175016103,4.863816546950041,4.7700122132806015
16.png,32.379032862694814,31.911015716831134,poisson,9,0.05,14.331448376893817,21.399725539030516,14.136332400097505,14.26210473971297,21.374982251171737,13.916525549577061,7.068277162136699,7.112877511458766
16.png,32.379032862694814,31.911015716831134,jpeg,0,95.0,44.410402928076216,32.31582512265671,32.22719079637207,43.813008817957815,31.8236139652912,31.718728874575362,-12.094577805419505,-11.989394852666614
16.png,32.379032862694814,31.911015716831134,jpeg,1,85.0,40.35399868894268,32.412065504515624,32.63548515401878,39.606025333504405,31.93426586207392,32.19989573221882,-7.941933184427057,-7.671759471430484
16.png,32.379032862694814,31.911015716831134,jpeg,2,75.0,38.983755919703896,32.55295298634018,32.97061999580024,38.204735511974505,31.993976295359655,32.435264246452164,-6.430802933363715,-6.21075921661485
16.png,32.379032862694814,31.911015716831134,jpeg,3,65.0,38.11848694414919,32.68828208796073,33.26459935804478,37.29066337147873,32.19308746412672,32.72240725647107,-5.43020485618846,-5.0975759073520095
16.png,32.379032862694814,31.911015716831134,jpeg,4,55.0,37.399644891007924,32.72615563832622,33.46026138060208,36.508407194706265,32.36802594894532,33.07160576304697,-4.673489252681705,-4.140381245760942
16.png,32.379032862694814,31.911015716831134,jpeg,5,45.0,36.828995267533756,32.754750589907125,33.7230189109841,35.932876939408345,32.332963481758775,33.19168984443549,-4.074244677626631,-3.5999134576495706
16.png,32.379032862694814,31.911015716831134,jpeg,6,35.0,36.169763385229544,32.87978054808919,34.191032005324786,35.23643049431569,32.39895128189824,33.67677037299546,-3.289982837140357,-2.837479212417449
16.png,32.379032862694814,31.911015716831134,jpeg,7,25.0,35.266271428604476,32.70415643194156,34.54452926737524,34.24216344449243,32.0263669388297,33.48983928812154,-2.5621149966629133,-2.2157965056627233
16.png,32.379032862694814,31.911015716831134,jpeg,8,15.0,33.83217028286889,32.26501508834275,35.02582720658355,32.505808968024944,31.60756429134523,33.9028059561428,-1.567155194526137,-0.8982446766797132
16.png,32.379032862694814,31.911015716831134,jpeg,9,5.0,29.58009989635908,29.1322171291895,34.35855193131524,27.71108395344492,27.588468877231925,32.59936456475275,-0.4478827671695811,-0.12261507621299472
16.png,32.379032862694814,31.911015716831134,blur,0,1.0,inf,32.379034448419205,32.379034448419205,inf,31.91103885580833,31.91103885580833,-inf,-inf
16.png,32.379032862694814,31.911015716831134,blur,1,5.0,36.33716115545763,32.981216367673376,37.9941184654042,36.35529610516636,33.261830727270066,38.679721073840504,-3.355944787784253,-3.093465377896294
16.png,32.379032862694814,31.911015716831134,blur,2,9.0,33.22578490871162,31.82660767688203,38.98836662954547,33.32796139852318,32.392320607844326,41.921034717987745,-1.3991772318295865,-0.9356407906788533
16.png,32.379032862694814,31.911015716831134,blur,3,11.0,32.2994795521213,31.201316642243533,38.6751571893359,32.456595932932174,31.83888220791351,42.336440906053056,-1.0981629098777645,-0.617713725018664
16.png,32.379032862694814,31.911015716831134,blur,4,15.0,30.731416626371594,29.956630010390942,37.36616778652249,31.03431398061322,30.624761161082574,41.69661750907747,-0.774786615980652,-0.4095528195306457
16.png,32.379032862694814,31.911015716831134,blur,5,19.0,29.457932324612464,28.89052221682284,36.11036606572739,29.94630977196347,29.5486055467015,40.815445502981206,-0.5674101077896232,-0.3977042252619718
16.png,32.379032862694814,31.911015716831134,blur,6,21.0,28.953624727922712,28.45728873170801,35.6142032764841,29.527167612938932,29.11509133501079,40.46820034523539,-0.49633599621470026,-0.4120762779281435
16.png,32.379032862694814,31.911015716831134,blur,7,25.0,27.963866189150192,27.75210757141894,36.14645719103369,28.73547259034433,28.35702134085254,41.197624876995995,-0.21175861773125249,-0.3784512494917891
16.png,32.379032862694814,31.911015716831134,blur,8,29.0,27.173579833151685,27.161442137353788,37.50619535622605,28.11392926399892,27.76895947706531,42.679111876536936,-0.012137695797896697,-0.3449697869336106
16.png,32.379032862694814,31.911015716831134,blur,9,31.0,26.822908090665017,26.886275979539953,38.77586128308416,27.848769617689673,27.527969865776516,43.921888098717545,0.06336788887493583,-0.3207997519131567
160.png,32.72457276279424,31.699122638057794,poisson,0,1.0,26.875954094864326,28.019037551162267,24.811502403770728,26.97978543232445,26.96313744009722,24.33024193343192,1.1430834562979406,-0.0166479922272309
160.png,32.72457276279424,31.699122638057794,poisson,1,0.8944444444444445,26.40231879660154,27.467353614150888,24.30832776183426,26.319880389358996,26.621279567500935,23.738717281700403,1.0650348175493463,0.3013991781419385
160.png,32.72457276279424,31.699122638057794,poisson,2,0.7888888888888889,25.863391428028027,27.29284862247112,23.964168235627596,25.913660648368754,26.70392415256133,23.63809632041736,1.429457194443092,0.790263504192577
160.png,32.72457276279424,31.699122638057794,poisson,3,0.6833333333333333,25.235713864282623,26.961578996327106,23.450083380516528,25.261983945204566,26.293167362791543,23.052455886352483,1.7258651320444827,1.031183417586977
160.png,32.72457276279424,31.699122638057794,poisson,4,0.5777777777777777,24.50222864048614,26.521694106137097,22.84775941789535,24.563579060681615,26.055578161760586,22.549673826086657,2.0194654656509563,1.4919991010789708
160.png,32.72457276279424,31.699122638057794,poisson,5,0.4722222222222222,23.64618794775999,25.92221416971544,22.11421479847693,23.71447326527214,25.273529806511867,21.80516128691288,2.2760262219554477,1.5590565412397268
160.png,32.72457276279424,31.699122638057794,poisson,6,0.3666666666666667,22.5434181513187,25.219317336845656,21.16020106667549,22.753482918985387,24.735058179277225,20.987879744260454,2.675899185526955,1.9815752602918373
160.png,32.72457276279424,31.699122638057794,poisson,7,0.26111111111111107,21.158848354399538,24.333633457996314,19.95260802132424,21.045921289314613,23.765214318697957,19.61046465217233,3.1747851035967756,2.719293029383344
160.png,32.72457276279424,31.699122638057794,poisson,8,0.15555555555555556,19.00454494096341,23.191639737068755,18.13351144023737,18.75655941128106,22.68061400372332,17.77112040421676,4.187094796105345,3.9240545924422605
160.png,32.72457276279424,31.699122638057794,poisson,9,0.05,14.544726441666791,20.819979263957986,14.191664806024583,14.266788364336804,20.471146378110873,13.84099322646215,6.275252822291195,6.204358013774069
160.png,32.72457276279424,31.699122638057794,jpeg,0,95.0,44.43808547351644,32.67227106365937,32.59543412743443,44.029291144953206,31.66150298994736,31.621727084134594,-11.765814409857065,-12.367788155005847
160.png,32.72457276279424,31.699122638057794,jpeg,1,85.0,40.44064876211597,32.76296335281902,33.05469467086301,39.77712759600978,31.7369095532486,31.9732325691341,-7.677685409296949,-8.040218042761175
160.png,32.72457276279424,31.699122638057794,jpeg,2,75.0,39.04997718303917,32.894684947549806,33.34026751837206,38.39101188689271,31.99004249138102,32.27053320359589,-6.155292235489362,-6.400969395511694
160.png,32.72457276279424,31.699122638057794,jpeg,3,65.0,38.12868023591949,33.035907983167874,33.63152103688202,37.46543730092992,31.92737668320779,32.259639768471374,-5.092772252751615,-5.538060617722131
160.png,32.72457276279424,31.699122638057794,jpeg,4,55.0,37.362283219507006,33.20304295956403,33.98733999415833,36.61641451698009,31.86358774339789,32.294242570519806,-4.159240259942976,-4.752826773582203
160.png,32.72457276279424,31.699122638057794,jpeg,5,45.0,36.77132334238591,33.435664679697496,34.55795163421548,35.98754982119332,31.77787905272713,32.40834211076633,-3.3356586626884166,-4.209670768466189
160.png,32.72457276279424,31.699122638057794,jpeg,6,35.0,36.06593922363019,33.46623166971524,34.91930521829316,35.08664469101006,31.90074281986903,32.5701565271375,-2.5997075539149463,-3.185901871141027
160.png,32.72457276279424,31.699122638057794,jpeg,7,25.0,35.09580549126392,33.495869892271685,35.623035051778004,34.11406264415459,31.6172804228346,32.61413986514103,-1.5999355989922321,-2.496782221319993
160.png,32.72457276279424,31.699122638057794,jpeg,8,15.0,33.413598205598966,32.865287425898146,35.65089229437391,32.205590316430516,30.933086845578575,32.26582989759128,-0.5483107797008202,-1.272503470851941
160.png,32.72457276279424,31.699122638057794,jpeg,9,5.0,29.045327190792335,28.12764416064835,31.57108323415863,26.95842564367489,26.4930420946503,29.288642248553508,-0.9176830301439836,-0.46538354902459034
160.png,32.72457276279424,31.699122638057794,blur,0,1.0,inf,32.72457699665031,32.72457699665031,inf,31.699194621844914,31.699194621844914,-inf,-inf
160.png,32.72457276279424,31.699122638057794,blur,1,5.0,31.75412919630796,31.719234878720606,39.45914128910798,35.54819159054189,32.613413396216615,38.07239360317545,-0.03489431758735506,-2.9347781943252755
160.png,32.72457276279424,31.699122638057794,blur,2,9.0,29.379910007196372,29.037603127463324,43.74905123750902,31.616779820220042,30.91268723813242,42.30709398905363,-0.34230687973304796,-0.7040925820876218
160.png,32.72457276279424,31.699122638057794,blur,3,11.0,28.726910692343388,28.38895996751519,45.06227192645257,30.384644856087178,29.982609938232237,43.818400047328076,-0.33795072482819677,-0.40203491785494094
160.png,32.72457276279424,31.699122638057794,blur,4,15.0,27.651741325589665,27.52155824486451,47.78189331361049,28.355210241194463,28.210202061409746,46.402155469384994,-0.1301830807251534,-0.14500817978471758
160.png,32.72457276279424,31.699122638057794,blur,5,19.0,26.81681902823261,26.772577891158544,48.90421249652191,26.822680473907393,26.74567508527538,48.25798280284861,-0.04424113707406718,-0.07700538863201345
160.png,32.72457276279424,31.699122638057794,blur,6,21.0,26.5127389678523,26.47223322545436,48.86358869079941,26.25102152900942,26.173641494066615,48.888639844515154,-0.040505742397940026,-0.07738003494280576
160.png,32.72457276279424,31.699122638057794,blur,7,25.0,25.868664174520674,25.877385268818873,48.67097600038882,25.192751156636678,25.098184491123337,50.23945088739118,0.008721094298199006,-0.09456666551334081
160.png,32.72457276279424,31.699122638057794,blur,8,29.0,25.36932286297906,25.39729180207641,49.35317708697103,24.372688117352244,24.241102510965696,51.215998018131785,0.027968939097348766,-0.13158560638654748
160.png,32.72457276279424,31.699122638057794,blur,9,31.0,25.127378190649242,25.169033376939517,49.19160320161045,24.024006544427593,23.87676743530114,51.5545197723149,0.041655186290274315,-0.14723910912645266
161.png,32.80810011317244,32.58890161118804,poisson,0,1.0,27.527517618233492,28.545917189594686,25.400660454529664,28.675627011599786,29.149337226817714,26.262697248989433,1.0183995713611935,0.47371021521792755
161.png,32.80810011317244,32.58890161118804,poisson,1,0.8944444444444445,27.029404275478566,28.13580392372471,24.972414117247897,28.205895000291083,28.820463328267863,25.839115980216448,1.1063996482461427,0.6145683279767802
161.png,32.80810011317244,32.58890161118804,poisson,2,0.7888888888888889,26.48913367804646,27.830129701691178,24.562837868935055,27.71575930039491,28.69250453993304,25.56937258461271,1.340996023644717,0.9767452395381291
161.png,32.80810011317244,32.58890161118804,poisson,3,0.6833333333333333,25.892248792672362,27.49076768999087,24.07600813343537,27.099939909144993,28.39106178372576,25.115603587469117,1.5985188973185096,1.2911218745807673
161.png,32.80810011317244,32.58890161118804,poisson,4,0.5777777777777777,25.150127799332633,27.042464666095626,23.455067901649986,26.393937290011507,27.902920654543717,24.533220136012304,1.8923368667629923,1.5089833645322095
161.png,32.80810011317244,32.58890161118804,poisson,5,0.4722222222222222,24.284133955976404,26.564142540407744,22.76282195945846,25.58909088596707,27.481994151205775,23.8923459585883,2.2800085844313394,1.8929032652387043
161.png,32.80810011317244,32.58890161118804,poisson,6,0.3666666666666667,23.16512171933875,25.916005398938253,21.812634052456957,24.351913084182645,26.92703996841065,22.856551455358133,2.7508836795995038,2.5751268842280055
161.png,32.80810011317244,32.58890161118804,poisson,7,0.26111111111111107,21.699336569759936,25.16237116035166,20.606059040535435,22.828526144669375,26.194492338722913,21.627024823745572,3.4630345905917252,3.365966194053538
161.png,32.80810011317244,32.58890161118804,poisson,8,0.15555555555555556,19.51471769366925,24.005671658171295,18.732366242131626,20.70269840219318,25.393237382515295,19.90321561911508,4.490953964502044,4.690538980322113
161.png,32.80810011317244,32.58890161118804,poisson,9,0.05,14.766175335021071,21.56624371415908,14.50708474061004,15.780314506431976,22.72898560571738,15.466080198820089,6.800068379138008,6.948671099285404
161.png,32.80810011317244,32.58890161118804,jpeg,0,95.0,44.01100259898399,32.74399638965948,32.62922265929633,43.59320126446348,32.53569632657602,32.391325752332435,-11.267006209324514,-11.057504937887458
161.png,32.80810011317244,32.58890161118804,jpeg,1,85.0,39.86061967132242,32.86073803018275,33.18893800540648,39.02310525113179,32.57965974935165,32.90276181266901,-6.999881641139666,-6.44344550178014
161.png,32.80810011317244,32.58890161118804,jpeg,2,75.0,38.563521940365774,33.064233078514555,33.6644355247848,37.79519589326018,32.72944556597332,33.33314904910098,-5.49928886185122,-5.065750327286857
161.png,32.80810011317244,32.58890161118804,jpeg,3,65.0,37.737827257298534,33.109507814801226,33.87014846168695,36.873595564098444,32.75369857777372,33.41803967592364,-4.6283194424973075,-4.119896986324726
161.png,32.80810011317244,32.58890161118804,jpeg,4,55.0,37.03983294113934,33.28361087712348,34.31715890876413,36.20873830454565,32.82225568699242,33.83327589848978,-3.7562220640158586,-3.386482617553227
161.png,32.80810011317244,32.58890161118804,jpeg,5,45.0,36.4858516551494,33.42674244332994,34.76733992736551,35.653886037068936,32.877283248582756,34.13587757847816,-3.059109211819461,-2.77660278848618
161.png,32.80810011317244,32.58890161118804,jpeg,6,35.0,35.84224890495403,33.514379876262026,35.382340925529384,34.870151982375944,32.884766883617004,34.47027599756863,-2.3278690286920067,-1.9853850987589396
161.png,32.80810011317244,32.58890161118804,jpeg,7,25.0,34.98410976443281,33.515793824330785,36.39802932873668,33.884195429678925,32.74487175431586,34.76792376024078,-1.4683159401020234,-1.139323675363066
161.png,32.80810011317244,32.58890161118804,jpeg,8,15.0,33.698484190242716,32.953569558838524,37.14799317431565,32.310349120492354,31.79874425259898,34.686308472394145,-0.7449146314041926,-0.5116048678933751
161.png,32.80810011317244,32.58890161118804,jpeg,9,5.0,29.491886034879965,29.20860895369386,36.307730697544436,27.500752414952316,27.39130629697629,32.20068921705325,-0.2832770811861032,-0.10944611797602732
161.png,32.80810011317244,32.58890161118804,blur,0,1.0,inf,32.80810904813622,32.80810904813622,inf,32.5889035380088,32.5889035380088,-inf,-inf
161.png,32.80810011317244,32.58890161118804,blur,1,5.0,36.50944556538464,34.338051146560225,40.924481790299005,35.97413449929093,33.75708445479819,40.756375289519724,-2.1713944188244128,-2.217050044492744
161.png,32.80810011317244,32.58890161118804,blur,2,9.0,34.318057149994914,33.725724264269616,45.14790557670587,33.13569073450276,32.634410818982836,45.69113405582695,-0.5923328857252983,-0.5012799155199232
161.png,32.80810011317244,32.58890161118804,blur,3,11.0,33.73290236571337,33.37787536299363,46.57485755530837,32.281086953695535,32.0023948053751,47.30852508059631,-0.3550270027197442,-0.2786921483204381
161.png,32.80810011317244,32.58890161118804,blur,4,15.0,32.72951445836364,32.62618953767444,48.73467621802119,30.800931767528947,30.691225440118327,49.846049843466254,-0.10332492068919663,-0.10970632741062047
161.png,32.80810011317244,32.58890161118804,blur,5,19.0,31.876409198908707,31.91695912492218,49.76857234854306,29.59182377850368,29.611923653338312,51.4598675213682,0.040549926013472515,0.020099874834631493
161.png,32.80810011317244,32.58890161118804,blur,6,21.0,31.525253975774202,31.591383892748496,49.981589809319544,29.101067609759394,29.125287542125015,51.99353064747359,0.06612991697429393,0.024219932365621588
161.png,32.80810011317244,32.58890161118804,blur,7,25.0,30.78842684724188,30.913902160263422,49.834402366698924,28.16119413378004,28.214268405314368,52.82437809230132,0.1254753130215427,0.05307427153432798
161.png,32.80810011317244,32.58890161118804,blur,8,29.0,30.148733428007755,30.258045628619392,50.368337685715446,27.377487606277455,27.360285327502027,53.88950549096403,0.10931220061163671,-0.01720227877542868
161.png,32.80810011317244,32.58890161118804,blur,9,31.0,29.85297523470806,29.975815873245164,50.017809165302424,27.044345969387265,27.05579293955769,53.89877298347109,0.12284063853710236,0.011446970170425175
162.png,32.833635844917346,31.53996011674556,poisson,0,1.0,26.627049422235608,27.668756318225192,24.545961314573297,27.195178905814924,27.516980910021612,24.726836526938257,1.0417068959895843,0.32180200420668825
162.png,32.833635844917346,31.53996011674556,poisson,1,0.8944444444444445,26.133718080533896,27.385625788303717,24.148503261083963,26.79392374215476,27.211901630066336,24.28995863288425,1.2519077077698206,0.41797788791157586
162.png,32.833635844917346,31.53996011674556,poisson,2,0.7888888888888889,25.575875334820388,27.0850008321136,23.72465304294969,26.29456313021247,26.954064251296117,24.086921025243633,1.509125497293212,0.6595011210836468
162.png,32.833635844917346,31.53996011674556,poisson,3,0.6833333333333333,24.966568518062395,26.642107385850572,23.18881025814925,25.614022109731827,26.612847730946303,23.43121866305222,1.6755388677881768,0.9988256212144755
162.png,32.833635844917346,31.53996011674556,poisson,4,0.5777777777777777,24.227718648578616,26.219159658107465,22.588690429841137,24.787018227237123,26.271642038209446,22.881930123083485,1.9914410095288488,1.484623810972323
162.png,32.833635844917346,31.53996011674556,poisson,5,0.4722222222222222,23.347984544058527,25.669654116932385,21.848224545003102,24.03142507669301,25.69886342303556,22.29507350997773,2.3216695728738586,1.66743834634255
162.png,32.833635844917346,31.53996011674556,poisson,6,0.3666666666666667,22.242170011039075,25.056889604328767,20.960738694235474,22.868104851030424,25.18962217356906,21.299564307150348,2.8147195932896913,2.321517322538636
162.png,32.833635844917346,31.53996011674556,poisson,7,0.26111111111111107,20.7983551029325,24.20024255272031,19.709113719323252,21.440657655205854,24.459100540274022,20.124299162178133,3.401887449787811,3.0184428850681684
162.png,32.833635844917346,31.53996011674556,poisson,8,0.15555555555555556,18.6006478212377,23.06089415607881,17.83258714682383,19.247978055585243,23.05015522518493,18.303036473923925,4.460246334841109,3.8021771695996875
162.png,32.833635844917346,31.53996011674556,poisson,9,0.05,14.041483765223937,19.60632125199858,13.53776499422661,14.489338489708361,20.069253729210516,13.952485671358449,5.564837486774643,5.579915239502155
162.png,32.833635844917346,31.53996011674556,jpeg,0,95.0,43.366991776736654,32.73724166537353,32.53065361925027,42.8365392522434,31.454675202061424,31.301684612138494,-10.629750111363123,-11.381864050181974
162.png,32.833635844917346,31.53996011674556,jpeg,1,85.0,38.64766980264693,32.83879614428298,33.22887642291131,37.96062960443594,31.670067187475134,32.0459576038431,-5.80887365836395,-6.290562416960803
162.png,32.833635844917346,31.53996011674556,jpeg,2,75.0,37.392812660401695,32.94085009679848,33.82493188252755,36.63453893918357,31.546943408992625,32.23048395260372,-4.451962563603217,-5.087595530190946
162.png,32.833635844917346,31.53996011674556,jpeg,3,65.0,36.69096530272046,33.06042537726415,34.24259056034681,35.89818312258477,31.573559503446074,32.48196492178187,-3.630539925456304,-4.324623619138695
162.png,32.833635844917346,31.53996011674556,jpeg,4,55.0,36.118103314775674,33.215671820697935,34.742716904224636,35.24609835261256,31.631260592235904,32.87357893211451,-2.9024314940777387,-3.614837760376659
162.png,32.833635844917346,31.53996011674556,jpeg,5,45.0,35.64976244124373,33.33153965236241,35.26157077895997,34.755779148846244,31.668554707540395,32.95824854864948,-2.3182227888813216,-3.0872244413058496
162.png,32.833635844917346,31.53996011674556,jpeg,6,35.0,35.130007774546314,33.42871882289385,36.09674222409663,34.09259359289951,31.84769504356709,33.38121133693096,-1.7012889516524652,-2.2448985493324223
162.png,32.833635844917346,31.53996011674556,jpeg,7,25.0,34.45344929434349,33.43347970316225,37.40727458360781,33.31172974319252,31.746215016555976,33.80562338545927,-1.019969591181244,-1.5655147266365468
162.png,32.833635844917346,31.53996011674556,jpeg,8,15.0,33.425174486540556,33.007739774164236,39.036855790650414,31.710200481239138,30.7113119152691,33.16476650006017,-0.4174347123763198,-0.998888565970038
162.png,32.833635844917346,31.53996011674556,jpeg,9,5.0,29.952224764306443,29.741724258904853,38.71661024878809,27.37117570371444,27.172532727342855,31.726501296778103,-0.2105005054015905,-0.198642976371584
162.png,32.833635844917346,31.53996011674556,blur,0,1.0,inf,32.83364387790919,32.83364387790919,inf,31.539853063474318,31.539853063474318,-inf,-inf
162.png,32.833635844917346,31.53996011674556,blur,1,5.0,36.37041456750175,34.504510982881925,41.730869308558205,34.874774909830506,32.70654212430243,38.62587435360094,-1.8659035846198222,-2.168232785528076
162.png,32.833635844917346,31.53996011674556,blur,2,9.0,34.786363813005806,34.32362137826816,45.67489488786285,32.441042816992244,31.950000062705982,41.27644292943767,-0.462742434737649,-0.4910427542862621
162.png,32.833635844917346,31.53996011674556,blur,3,11.0,34.4128979122537,34.13574943962367,46.55990266667124,31.703616722439072,31.440040609499114,41.98326695541848,-0.2771484726300244,-0.2635761129399583
162.png,32.833635844917346,31.53996011674556,blur,4,15.0,33.810678996872156,33.70297370685573,47.11240218968405,30.385132517729314,30.31171142391922,42.2876905312983,-0.10770529001642615,-0.07342109381009365
162.png,32.833635844917346,31.53996011674556,blur,5,19.0,33.32994748150067,33.262389567166025,46.81679685901759,29.246393302843824,29.164607941022147,41.61849550455162,-0.06755791433464253,-0.08178536182167662
162.png,32.833635844917346,31.53996011674556,blur,6,21.0,33.142873700339905,33.08867966288276,47.2757042862881,28.776121974856483,28.68338101756156,42.1408077316341,-0.054194037457143907,-0.09274095729492515
162.png,32.833635844917346,31.53996011674556,blur,7,25.0,32.74520559687934,32.715266134268006,47.635618991748856,27.834281432604637,27.724079115609513,42.56393628545173,-0.02993946261133118,-0.1102023169951245
162.png,32.833635844917346,31.53996011674556,blur,8,29.0,32.41881372884767,32.37899872392666,47.16426036373945,27.038363846987046,26.90187822897738,42.061216703843115,-0.0398150049210102,-0.1364856180096652
162.png,32.833635844917346,31.53996011674556,blur,9,31.0,32.26708498049118,32.22982420523978,47.196626039272005,26.692466695797556,26.543326933196944,42.21708515030933,-0.03726077525139715,-0.1491397626006119
163.png,33.73875609205406,33.306590872512565,poisson,0,1.0,26.591042392619197,28.120607999751908,24.718272105623434,27.24412053634612,28.167540971142877,25.03016961819911,1.5295656071327102,0.923420434796757
163.png,33.73875609205406,33.306590872512565,poisson,1,0.8944444444444445,26.09956898239883,27.74911063001429,24.30010210282824,26.699806399540172,27.883087735397595,24.606816946954186,1.649541647615461,1.1832813358574228
163.png,33.73875609205406,33.306590872512565,poisson,2,0.7888888888888889,25.54507831340864,27.40433329321997,23.809518154657585,26.144480667439005,27.54818391080256,24.09525982545359,1.859254979811329,1.4037032433635552
163.png,33.73875609205406,33.306590872512565,poisson,3,0.6833333333333333,24.966133369596267,27.16030805764418,23.419184399363324,25.556093591544055,27.41286944195287,23.839726022332528,2.1941746880479123,1.856775850408816
163.png,33.73875609205406,33.306590872512565,poisson,4,0.5777777777777777,24.22549198691929,26.584630709026584,22.712611974900554,24.722014284673097,26.824068579457474,23.026190586513874,2.359138722107293,2.102054294784377
163.png,33.73875609205406,33.306590872512565,poisson,5,0.4722222222222222,23.374749413884523,26.09733525133205,21.999435714811657,23.934038139651143,26.3872720791111,22.36903832221573,2.7225858374475287,2.453233939459956
163.png,33.73875609205406,33.306590872512565,poisson,6,0.3666666666666667,22.30973431481742,25.43549647800388,21.093340897421907,22.68611204185366,25.572445547589307,21.346603388875995,3.1257621631864616,2.886333505735646
163.png,33.73875609205406,33.306590872512565,poisson,7,0.26111111111111107,20.916944398961313,24.626651276067314,19.8972005788983,21.28994548142854,24.721811872031182,20.174973859475195,3.709706877106001,3.431866390602643
163.png,33.73875609205406,33.306590872512565,poisson,8,0.15555555555555556,18.849519979067797,23.501801133883816,18.109155111308137,19.050073587196877,23.57909668767023,18.20908524051521,4.65228115481602,4.529023100473353
163.png,33.73875609205406,33.306590872512565,poisson,9,0.05,14.564448057314834,21.10317380818216,14.291407908027372,14.49232377438751,20.9308018964868,14.057070872078516,6.538725750867325,6.438478122099289
163.png,33.73875609205406,33.306590872512565,jpeg,0,95.0,44.95702964037872,33.64260089510371,33.58656087925628,44.177614715788245,33.24492527711336,33.15832346201551,-11.31442874527501,-10.932689438674885
163.png,33.73875609205406,33.306590872512565,jpeg,1,85.0,41.14385456170551,33.812107715215475,34.12656679667008,40.10325437990822,33.40903285247477,33.671651645738784,-7.331746846490034,-6.694221527433449
163.png,33.73875609205406,33.306590872512565,jpeg,2,75.0,39.75108190056766,33.83814979400086,34.31162126232438,38.70481686778016,33.38401569857687,33.942856651083744,-5.9129321065667995,-5.320801169203293
163.png,33.73875609205406,33.306590872512565,jpeg,3,65.0,38.78780836468826,33.91335908031928,34.521428567381555,37.81221015209888,33.51400434855785,34.193793929385365,-4.874449284368978,-4.29820580354103
163.png,33.73875609205406,33.306590872512565,jpeg,4,55.0,37.9885536676568,33.933274257933306,34.75216744564895,37.08465953069694,33.47215502678287,34.23910197203422,-4.0552794097234965,-3.6125045039140673
163.png,33.73875609205406,33.306590872512565,jpeg,5,45.0,37.34202949772832,33.91202787010184,35.01280637635215,36.478155139824366,33.4879150235889,34.373330306947636,-3.4300016276264813,-2.9902401162354693
163.png,33.73875609205406,33.306590872512565,jpeg,6,35.0,36.602263995741524,33.86830433472735,35.34165239234155,35.69659963798794,33.33704706569135,34.27443913725336,-2.7339596610141754,-2.359552572296586
163.png,33.73875609205406,33.306590872512565,jpeg,7,25.0,35.53975741531135,33.709646912659906,35.68196957317496,34.543761325420775,33.13452845011802,34.63352227440084,-1.8301105026514435,-1.4092328753027559
163.png,33.73875609205406,33.306590872512565,jpeg,8,15.0,33.7766242354402,33.14525900969366,35.80785293480203,32.85007953484047,32.40879819106483,34.71113761862848,-0.6313652257465421,-0.44128134377563555
163.png,33.73875609205406,33.306590872512565,jpeg,9,5.0,29.22508299290284,29.064147951411698,34.04315982049965,28.005957138245897,27.984332704571337,32.93728081084058,-0.16093504149114324,-0.02162443367456035
163.png,33.73875609205406,33.306590872512565,blur,0,1.0,inf,33.73873053782221,33.73873053782221,inf,33.30661122266677,33.30661122266677,-inf,-inf
163.png,33.73875609205406,33.306590872512565,blur,1,5.0,33.94067132444304,33.22453849011703,40.0459830663942,36.98198978212965,34.366130029701445,40.43874757632567,-0.7161328343260109,-2.6158597524282072
163.png,33.73875609205406,33.306590872512565,blur,2,9.0,31.033008036537773,31.086904742843036,41.03068396521127,33.95297952935105,33.19613515507099,44.71485861263051,0.05389670630526311,-0.7568443742800568
163.png,33.73875609205406,33.306590872512565,blur,3,11.0,30.14608923788534,30.306538370717423,41.131573094915396,33.076470848732086,32.56320892198217,46.09896255818811,0.16044913283208118,-0.5132619267499194
163.png,33.73875609205406,33.306590872512565,blur,4,15.0,28.616257879482433,28.867999205552948,41.60664125115613,31.641368164329194,31.301521183365807,48.04269629517103,0.25174132607051547,-0.3398469809633866
163.png,33.73875609205406,33.306590872512565,blur,5,19.0,27.339410452101305,27.58695930518737,42.39699849359229,30.508831936210434,30.194802830290417,48.75714830995393,0.2475488530860659,-0.3140291059200173
163.png,33.73875609205406,33.306590872512565,blur,6,21.0,26.816103308091897,27.045309583571875,42.85748285637348,30.06584412904509,29.74970287444974,48.63679718129794,0.22920627547997796,-0.31614125459535103
163.png,33.73875609205406,33.306590872512565,blur,7,25.0,25.718217383220086,25.954383398684968,43.241640100805526,29.204608299967457,28.885387401635505,48.331616343980635,0.2361660154648817,-0.31922089833195244
163.png,33.73875609205406,33.306590872512565,blur,8,29.0,24.7724624191774,24.99661793328074,43.457133088851336,28.496189885948272,28.166987541709346,48.05254665901938,0.22415551410333734,-0.3292023442389258
163.png,33.73875609205406,33.306590872512565,blur,9,31.0,24.347648106672402,24.567566886523103,43.528270281781396,28.183702895476618,27.8567375152195,48.03523480640388,0.21991877985070118,-0.32696538025711774
164.png,32.26344188853912,32.33451570795634,poisson,0,1.0,26.827607543377052,28.140698778041013,24.826012662115048,27.66926657604221,28.23851709528601,25.29421869662321,1.3130912346639612,0.5692505192437984
164.png,32.26344188853912,32.33451570795634,poisson,1,0.8944444444444445,26.341788165172126,27.79444305675031,24.44408147189652,27.19138280555111,27.92475077342992,24.872593645740988,1.4526548915781845,0.7333679678788094
164.png,32.26344188853912,32.33451570795634,poisson,2,0.7888888888888889,25.79606327345062,27.47936671596591,23.98592581382247,26.578799666373527,27.741604674777953,24.507577087203558,1.6833034425152889,1.1628050084044261
164.png,32.26344188853912,32.33451570795634,poisson,3,0.6833333333333333,25.177368264088493,27.041191351933524,23.471563599034763,26.08148498377103,27.34333325130595,24.032291014798524,1.8638230878450308,1.2618482675349192
164.png,32.26344188853912,32.33451570795634,poisson,4,0.5777777777777777,24.458540161085615,26.753653096399027,22.908449895749953,25.23715775942656,27.01304560380801,23.382966225727845,2.295112935313412,1.775887844381451
164.png,32.26344188853912,32.33451570795634,poisson,5,0.4722222222222222,23.601447358878854,26.262508569912892,22.21210196107116,24.333658311564,26.638267183026386,22.795392609700826,2.6610612110340384,2.304608871462385
164.png,32.26344188853912,32.33451570795634,poisson,6,0.3666666666666667,22.504551938425415,25.602017594150222,21.26844005514854,23.288631145830582,26.107670532762505,21.79411955560362,3.0974656557248075,2.819039386931923
164.png,32.26344188853912,32.33451570795634,poisson,7,0.26111111111111107,21.058924956686372,24.796525243591443,20.033919555573256,21.85881740152538,25.45797707575155,20.686614920221146,3.737600286905071,3.599159674226172
164.png,32.26344188853912,32.33451570795634,poisson,8,0.15555555555555556,18.93101103928316,23.78348088375163,18.22206423237052,19.672290935958564,24.451882145542836,18.789350218869373,4.8524698444684695,4.779591209584272
164.png,32.26344188853912,32.33451570795634,poisson,9,0.05,14.444566270666794,21.647191068585737,14.227904243208622,14.798621679596584,21.957966022065555,14.465219979777956,7.2026247979189435,7.159344342468971
164.png,32.26344188853912,32.33451570795634,jpeg,0,95.0,44.250136883998145,32.2047906162899,32.12672745733403,43.736777942224535,32.22537819500531,32.09551302946836,-12.045346267708247,-11.511399747219222
164.png,32.26344188853912,32.33451570795634,jpeg,1,85.0,40.229811739235174,32.23835611567514,32.49125498797797,39.56487592910327,32.27990348904922,32.48662804479614,-7.991455623560036,-7.284972440054055
164.png,32.26344188853912,32.33451570795634,jpeg,2,75.0,38.873655902626375,32.47635498761733,32.94436256177943,38.00987177427644,32.48894240880803,33.036076041683465,-6.397300915009048,-5.520929365468412
164.png,32.26344188853912,32.33451570795634,jpeg,3,65.0,38.02104265147494,32.49346332981665,33.12074836201501,37.1892496536482,32.59116085606298,33.19832809045386,-5.527579321658294,-4.59808879758522
164.png,32.26344188853912,32.33451570795634,jpeg,4,55.0,37.315945550834385,32.606683398380156,33.47712591019698,36.43650428311659,32.573925104882605,33.24401736230382,-4.7092621524542295,-3.862579178233986
164.png,32.26344188853912,32.33451570795634,jpeg,5,45.0,36.756558188094246,32.63953061371354,33.730465274476096,35.72595682341764,32.52463023806158,33.29408181511973,-4.117027574380707,-3.201326585356057
164.png,32.26344188853912,32.33451570795634,jpeg,6,35.0,36.10755183717961,32.73027767227747,34.00259084646751,35.005153307066045,32.4542327038187,33.49114953504477,-3.37727416490214,-2.5509206032473486
164.png,32.26344188853912,32.33451570795634,jpeg,7,25.0,35.14270960315359,32.83472611823841,34.685862845159185,33.93260650351885,32.272614196851215,33.922779259789515,-2.3079834849151837,-1.6599923066676325
164.png,32.26344188853912,32.33451570795634,jpeg,8,15.0,33.53262182844538,32.424460985982925,36.34655242481734,32.26739747830671,31.554312870840672,33.82887743503782,-1.1081608424624534,-0.7130846074660404
164.png,32.26344188853912,32.33451570795634,jpeg,9,5.0,29.21695469920668,29.092871659698876,35.1715115233245,26.982686969313686,26.99480685038592,31.221742068897832,-0.12408303950780564,0.012119881072234051
164.png,32.26344188853912,32.33451570795634,blur,0,1.0,inf,32.263498493209894,32.263498493209894,inf,32.33471915465187,32.33471915465187,-inf,-inf
164.png,32.26344188853912,32.33451570795634,blur,1,5.0,35.84074971690242,32.804220532128575,38.79255927586796,36.080928042055035,33.283140565415216,39.31015470188934,-3.0365291847738476,-2.7977874766398187
164.png,32.26344188853912,32.33451570795634,blur,2,9.0,33.19758143445224,31.69657835103824,41.89442734500062,32.92935407145481,32.30125472843185,43.68109784544683,-1.5010030834139982,-0.62809934302296
164.png,32.26344188853912,32.33451570795634,blur,3,11.0,32.3569929367867,31.286146560875515,43.67866302361242,31.97145341990582,31.645953209885796,45.213869638854916,-1.070846375911188,-0.3255002100200244
164.png,32.26344188853912,32.33451570795634,blur,4,15.0,30.899292529524047,30.431513996854108,46.94638061682892,30.31394870274149,30.2332231784519,48.089313374789654,-0.4677785326699393,-0.08072552428959057
164.png,32.26344188853912,32.33451570795634,blur,5,19.0,29.749208612815572,29.610633797357224,48.38508825127605,28.97144538395817,28.923813112744302,50.47243379929705,-0.13857481545834816,-0.04763227121386748
164.png,32.26344188853912,32.33451570795634,blur,6,21.0,29.325875242355867,29.26036620965549,48.347134872507105,28.454591180990985,28.38631992863926,51.20131344184866,-0.06550903270037622,-0.0682712523517246
164.png,32.26344188853912,32.33451570795634,blur,7,25.0,28.50184484383537,28.550818423332103,47.15023447314585,27.449147142615114,27.37934553228976,51.84665527653824,0.048973579496731645,-0.06980161032535293
164.png,32.26344188853912,32.33451570795634,blur,8,29.0,27.87915885308095,27.964577286174258,46.769335509076726,26.6481000769833,26.556476142475695,52.205605309643815,0.08541843309330943,-0.09162393450760575
164.png,32.26344188853912,32.33451570795634,blur,9,31.0,27.59486212343235,27.70146037176016,46.20480586350845,26.30420641521164,26.21911611769219,51.94232949032178,0.10659824832780984,-0.08509029751945008
165.png,32.917602080738156,31.80141230458655,poisson,0,1.0,26.837931207791854,28.176540895277604,24.867472366808578,27.950403067429924,28.299618242248762,25.513135270414573,1.33860968748575,0.3492151748188377
165.png,32.917602080738156,31.80141230458655,poisson,1,0.8944444444444445,26.36981812384725,27.739644005567847,24.44963697240809,27.40643640327392,28.01714587328252,25.175549760970206,1.3698258817205975,0.6107094700086009
165.png,32.917602080738156,31.80141230458655,poisson,2,0.7888888888888889,25.800208935131753,27.35615514791716,23.97449099448719,26.827689657533433,27.670475394354046,24.5952015842764,1.5559462127854076,0.8427857368206126
165.png,32.917602080738156,31.80141230458655,poisson,3,0.6833333333333333,25.220598149468337,27.115692165557395,23.56163444902672,26.275238331163614,27.498294712307917,24.330309389620794,1.8950940160890575,1.2230563811443034
165.png,32.917602080738156,31.80141230458655,poisson,4,0.5777777777777777,24.456784670179182,26.57805383242069,22.8789956054662,25.431545408959735,26.95389556379507,23.55858795765812,2.121269162241507,1.5223501548353333
165.png,32.917602080738156,31.80141230458655,poisson,5,0.4722222222222222,23.594448607300645,26.052971871745303,22.161139096449176,24.546581696171632,26.34227012474831,22.926724652166087,2.4585232644446577,1.7956884285766783
165.png,32.917602080738156,31.80141230458655,poisson,6,0.3666666666666667,22.496951484439762,25.54255722945885,21.2689997243198,23.509313014395076,26.008762104088895,22.01159985649189,3.0456057450190883,2.499449089693819
165.png,32.917602080738156,31.80141230458655,poisson,7,0.26111111111111107,21.01242610980139,24.688480184842703,20.018079505501866,21.967597953683686,25.278026119717644,20.78836916825971,3.676054075041314,3.310428166033958
165.png,32.917602080738156,31.80141230458655,poisson,8,0.15555555555555556,18.843165016335515,23.640938759324115,18.159502637879605,19.821412146440117,24.14727060538388,18.97613071787003,4.7977737429886,4.325858458943763
165.png,32.917602080738156,31.80141230458655,poisson,9,0.05,14.335314287265915,21.426994300802246,14.094949316350036,14.991155179196165,22.023088107795243,14.646133648533823,7.091680013536331,7.031932928599078
165.png,32.917602080738156,31.80141230458655,jpeg,0,95.0,43.51638932802978,32.837184622962866,32.6462465390511,42.91694206288673,31.71066181029044,31.513035874871687,-10.679204705066915,-11.206280252596294
165.png,32.917602080738156,31.80141230458655,jpeg,1,85.0,39.00172537482971,32.99100427076502,33.37204988378457,37.956439450299094,31.838796545934827,32.14682826619578,-6.010721104064693,-6.117642904364267
165.png,32.917602080738156,31.80141230458655,jpeg,2,75.0,37.75510194395634,33.19626886344699,34.05818110644147,36.60276982235432,31.949316181046253,32.80943736672139,-4.558833080509352,-4.653453641308065
165.png,32.917602080738156,31.80141230458655,jpeg,3,65.0,37.04465272526045,33.364660929074404,34.49640701467436,35.91506692074984,32.123111043752175,33.206297491093906,-3.6799917961860444,-3.791955876997662
165.png,32.917602080738156,31.80141230458655,jpeg,4,55.0,36.45808875231152,33.527880568373405,34.9773612296385,35.336535745527826,32.31744351466594,33.67613516298924,-2.930208183938113,-3.0190922308618866
165.png,32.917602080738156,31.80141230458655,jpeg,5,45.0,35.980242845908215,33.590436699385805,35.41201324583531,34.891481349356695,32.29378916079605,33.83107134486793,-2.3898061465224103,-2.597692188560643
165.png,32.917602080738156,31.80141230458655,jpeg,6,35.0,35.41676698765256,33.611538039727364,36.007244271337974,34.26431748420934,32.361463431762076,34.3829497653521,-1.805228947925194,-1.9028540524472675
165.png,32.917602080738156,31.80141230458655,jpeg,7,25.0,34.65674925623756,33.63441776994066,37.208879907127475,33.39340622145193,32.262447363079254,35.18285219971808,-1.022331486296899,-1.1309588583726793
165.png,32.917602080738156,31.80141230458655,jpeg,8,15.0,33.45214732838914,33.01865616319292,38.105148823495924,31.944974945919235,31.494549158032264,34.979059508293844,-0.4334911651962159,-0.45042578788697085
165.png,32.917602080738156,31.80141230458655,jpeg,9,5.0,29.771512414470017,29.23031928180948,35.7736144540183,27.65514844635431,27.38363848401437,32.44213674023889,-0.5411931326605384,-0.27150996233994107
165.png,32.917602080738156,31.80141230458655,blur,0,1.0,inf,32.91760569821334,32.91760569821334,inf,31.80135927314513,31.80135927314513,-inf,-inf
165.png,32.917602080738156,31.80141230458655,blur,1,5.0,36.69034100945917,34.687873529848986,41.63305970155588,34.879192121529435,33.20151258055279,40.688596378529226,-2.002467479610182,-1.6776795409766478
165.png,32.917602080738156,31.80141230458655,blur,2,9.0,34.923032108273,34.40831304904193,45.72038905786651,32.52817607527788,32.240550598690405,45.37046144562038,-0.5147190592310693,-0.28762547658747195
165.png,32.917602080738156,31.80141230458655,blur,3,11.0,34.48255477043836,34.16306229630689,46.57195283026156,31.831604485881357,31.691144494269118,46.75805287638049,-0.3194924741314722,-0.14045999161223932
165.png,32.917602080738156,31.80141230458655,blur,4,15.0,33.76139894358761,33.63872776770413,47.54514220662103,30.632609315173845,30.563328128597984,49.000933733535206,-0.12267117588347531,-0.06928118657586069
165.png,32.917602080738156,31.80141230458655,blur,5,19.0,33.19726064251489,33.12602320934848,47.50864266029168,29.649904027593898,29.555579059852427,50.133280895157796,-0.0712374331664094,-0.09432496774147126
165.png,32.917602080738156,31.80141230458655,blur,6,21.0,32.98175009173215,32.91190145084439,47.494567310889366,29.262363804153924,29.137666627117802,50.44578226828369,-0.06984864088776277,-0.12469717703612204
165.png,32.917602080738156,31.80141230458655,blur,7,25.0,32.53209847046583,32.47670426187281,47.29879972236588,28.49699812196824,28.355096367383133,50.754472749039856,-0.05539420859302169,-0.14190175458510623
165.png,32.917602080738156,31.80141230458655,blur,8,29.0,32.16621191852069,32.10902781605656,47.17188224325788,27.871174675943557,27.718110968879593,51.072846725170706,-0.05718410246412731,-0.15306370706396422
165.png,32.917602080738156,31.80141230458655,blur,9,31.0,31.996322707996896,31.941275445667657,47.02908512456276,27.594254720908186,27.4438733816744,51.13796055049271,-0.05504726232923929,-0.15038133923378538
166.png,32.062224144968354,32.10181328139071,poisson,0,1.0,27.12993927862939,28.02356368080329,24.958494409217078,27.852352404174184,28.576239650846237,25.610451936269136,0.8936244021738986,0.723887246672053
166.png,32.062224144968354,32.10181328139071,poisson,1,0.8944444444444445,26.63262592878704,27.5485266700171,24.488530231970145,27.269659084152707,28.05323326060993,25.148761995382515,0.915900741230061,0.7835741764572219
166.png,32.062224144968354,32.10181328139071,poisson,2,0.7888888888888889,26.087236793057926,27.299601041787945,24.087710335730147,26.83014731678936,27.85710083310547,24.69298370518792,1.2123642487300188,1.0269535163161088
166.png,32.062224144968354,32.10181328139071,poisson,3,0.6833333333333333,25.469454152209522,26.966646729959294,23.601437880407016,26.22299385115209,27.435182870132127,24.19589930208325,1.4971925777497717,1.2121890189800375
166.png,32.062224144968354,32.10181328139071,poisson,4,0.5777777777777777,24.740520661070935,26.633437381108234,23.078031464635295,25.535539856297582,27.25085217438935,23.77293158382117,1.8929167200372987,1.7153123180917689
166.png,32.062224144968354,32.10181328139071,poisson,5,0.4722222222222222,23.87210033344352,26.114463525770635,22.324504943692283,24.5917705567767,26.884907329427552,22.941554639768622,2.2423631923271152,2.2931367726508505
166.png,32.062224144968354,32.10181328139071,poisson,6,0.3666666666666667,22.778756249886854,25.57478781133439,21.458852963720428,23.52309088528746,26.368050707648894,22.10855750926793,2.796031561447535,2.844959822361435
166.png,32.062224144968354,32.10181328139071,poisson,7,0.26111111111111107,21.32499593394789,24.71147909376922,20.21735464011784,22.018246461522892,25.45043633974767,20.842682872653366,3.3864831598213314,3.4321898782247793
166.png,32.062224144968354,32.10181328139071,poisson,8,0.15555555555555556,19.080712989307315,23.510612803249895,18.257999653068737,19.853586494987635,24.229882711680023,18.90751530589505,4.42989981394258,4.376296216692388
166.png,32.062224144968354,32.10181328139071,poisson,9,0.05,14.402500950497235,21.26741548413936,14.12681101985509,14.921086182230123,22.011484345847666,14.58989082465655,6.864914533642125,7.090398163617543
166.png,32.062224144968354,32.10181328139071,jpeg,0,95.0,43.88188784138763,31.991052376581113,31.890049715031044,43.721563655480146,32.022875511658604,31.89092088807569,-11.890835464806518,-11.698688143821542
166.png,32.062224144968354,32.10181328139071,jpeg,1,85.0,39.65672640780451,32.045151306797436,32.32339787325578,39.204759389868045,32.06380824148645,32.29185805848465,-7.611575101007077,-7.140951148381596
166.png,32.062224144968354,32.10181328139071,jpeg,2,75.0,38.31252418221504,32.222206717751156,32.738786000211675,37.7577621541558,32.27810722983945,32.825550438220596,-6.090317464463887,-5.47965492431635
166.png,32.062224144968354,32.10181328139071,jpeg,3,65.0,37.49470030117848,32.32127085036191,33.021381575857745,36.900828952978394,32.27178151732795,32.93852715681172,-5.17342945081657,-4.629047435650442
166.png,32.062224144968354,32.10181328139071,jpeg,4,55.0,36.814036742247595,32.511221136438586,33.439755795990706,36.244268445105945,32.39522783620505,33.38692265250875,-4.302815605809009,-3.849040608900893
166.png,32.062224144968354,32.10181328139071,jpeg,5,45.0,36.25948881186396,32.61733198629754,33.807727394157716,35.6113874916256,32.60106212736804,33.68378334190253,-3.642156825566417,-3.010325364257561
166.png,32.062224144968354,32.10181328139071,jpeg,6,35.0,35.607649893218976,32.716538342292395,34.33419851842413,34.93870773184747,32.44711897699885,33.9756649806479,-2.8911115509265812,-2.491588754848621
166.png,32.062224144968354,32.10181328139071,jpeg,7,25.0,34.73369868934754,32.68028999851116,35.07701371549091,33.81007334500835,32.25800862469899,34.1234127371637,-2.0534086908363847,-1.5520647203093603
166.png,32.062224144968354,32.10181328139071,jpeg,8,15.0,33.46312843989333,32.194228822659156,35.81546459536549,32.12978868290709,31.644309624179368,34.35603061723297,-1.268899617234176,-0.4854790587277229
166.png,32.062224144968354,32.10181328139071,jpeg,9,5.0,29.67925026412033,28.989912138035603,35.49222329665232,27.468716712023923,27.405726177733506,33.02753591315421,-0.6893381260847278,-0.06299053429041734
166.png,32.062224144968354,32.10181328139071,blur,0,1.0,inf,32.06217964701982,32.06217964701982,inf,32.10170837645056,32.10170837645056,-inf,-inf
166.png,32.062224144968354,32.10181328139071,blur,1,5.0,35.141236155943744,33.03238290836314,40.58800036066545,35.856660602792715,33.574864607739165,40.21493263879816,-2.1088532475806048,-2.2817959950535496
166.png,32.062224144968354,32.10181328139071,blur,2,9.0,32.72006571748528,31.993786831444687,44.907075015633794,32.99105063265089,32.5608783386575,44.999210759874074,-0.7262788860405891,-0.43017229399338675
166.png,32.062224144968354,32.10181328139071,blur,3,11.0,32.0686049681414,31.5902891934886,46.33649018010702,32.15963090640368,31.98022494212691,46.56338829198093,-0.47831577465279906,-0.1794059642767678
166.png,32.062224144968354,32.10181328139071,blur,4,15.0,31.010890356649107,30.901392961926348,48.48404530267119,30.77563911376565,30.77345546930664,49.20672833993503,-0.10949739472275866,-0.002183644459009315
166.png,32.062224144968354,32.10181328139071,blur,5,19.0,30.191759344122243,30.285867350416986,48.45632957136729,29.685934322437646,29.827418061761325,49.989313255973656,0.09410800629474281,0.14148373932367875
166.png,32.062224144968354,32.10181328139071,blur,6,21.0,29.887527095591416,30.009242480607583,48.219626715783804,29.25781862045835,29.408130637340797,50.26425048252452,0.12171538501616652,0.15031201688244522
166.png,32.062224144968354,32.10181328139071,blur,7,25.0,29.243017214816494,29.40933957630842,48.1215823838453,28.395882111822935,28.541575946118158,50.99776801922162,0.16632236149192536,0.14569383429522276
166.png,32.062224144968354,32.10181328139071,blur,8,29.0,28.71740007874134,28.888222480809468,47.51097367227671,27.668247614512403,27.819927850685175,51.17591430942785,0.17082240206812926,0.1516802361727727
166.png,32.062224144968354,32.10181328139071,blur,9,31.0,28.468832709457466,28.648851040590255,47.15325198242336,27.341489413625553,27.501423931775793,51.10978420167662,0.1800183311327892,0.15993451815024073
167.png,35.335755240358196,38.662232411010756,poisson,0,1.0,27.121213884946414,28.66363131646844,25.245795298261594,27.244660666936774,29.01753479186236,25.375516228215243,1.5424174315220256,1.7728741249255862
167.png,35.335755240358196,38.662232411010756,poisson,1,0.8944444444444445,26.619333257877962,28.410851771375608,24.88430543775939,26.664542628599044,28.810313889665075,25.040152521677808,1.7915185134976461,2.145771261066031
167.png,35.335755240358196,38.662232411010756,poisson,2,0.7888888888888889,26.081774436213273,28.058055856388417,24.42678233797272,26.190417191300774,28.073027210920483,24.498356400489172,1.9762814201751446,1.8826100196197082
167.png,35.335755240358196,38.662232411010756,poisson,3,0.6833333333333333,25.453889182399266,27.600312424759625,23.84806151826742,25.526716051195216,27.823843867835198,23.846097900145722,2.1464232423603598,2.297127816639982
167.png,35.335755240358196,38.662232411010756,poisson,4,0.5777777777777777,24.732066090874063,27.01041395678874,23.20067850091847,24.832835606376396,27.234762766290142,23.310393923555054,2.278347865914675,2.401927159913747
167.png,35.335755240358196,38.662232411010756,poisson,5,0.4722222222222222,23.88131327854766,26.58157219552202,22.500210135101835,23.984098440603958,26.663616407799402,22.560058945557554,2.700258916974363,2.6795179671954443
167.png,35.335755240358196,38.662232411010756,poisson,6,0.3666666666666667,22.800910415311613,25.68572132012441,21.51279146094869,22.762520499774244,25.794079308393364,21.413557281739184,2.884810904812799,3.0315588086191205
167.png,35.335755240358196,38.662232411010756,poisson,7,0.26111111111111107,21.33817264582256,24.761892803254653,20.247332033372636,21.322809901906908,24.836572467219025,20.143149942208176,3.4237201574320935,3.513762565312117
167.png,35.335755240358196,38.662232411010756,poisson,8,0.15555555555555556,19.16772340419811,23.461598798138105,18.333514925099617,19.08379613675191,23.482013767464007,18.17541279976085,4.293875393939995,4.398217630712097
167.png,35.335755240358196,38.662232411010756,poisson,9,0.05,14.545251052482167,20.81552060976813,14.18884085962068,14.378223543628339,20.583020183871433,13.973608126209884,6.270269557285962,6.204796640243094
167.png,35.335755240358196,38.662232411010756,jpeg,0,95.0,48.025094238682236,35.32833984466634,35.38463742962742,47.88039541451439,38.61137593285114,38.68687377512833,-12.696754394015898,-9.26901948166325
167.png,35.335755240358196,38.662232411010756,jpeg,1,85.0,45.309061842572326,35.37528087507655,35.55280719797251,44.959621907773254,38.68673917691045,38.95058160304877,-9.933780967495778,-6.272882730862804
167.png,35.335755240358196,38.662232411010756,jpeg,2,75.0,43.78346841095613,35.44307947522726,35.73187230256282,43.35661210581803,38.90271136748013,39.168659367642114,-8.340388935728875,-4.4539007383379
167.png,35.335755240358196,38.662232411010756,jpeg,3,65.0,42.720661531073496,35.43972002673921,35.806533081063165,42.251704874771,38.62344124774458,39.080438569786,-7.280941504334287,-3.6282636270264206
167.png,35.335755240358196,38.662232411010756,jpeg,4,55.0,41.706053344697445,35.404760035027024,35.88071067895534,41.181069597233055,38.369167695272886,38.78023256353377,-6.30129330967042,-2.8119019019601694
167.png,35.335755240358196,38.662232411010756,jpeg,5,45.0,40.803359513376094,35.38513167687116,36.03759433665943,40.34494747709154,38.17411472891004,38.688782414134046,-5.418227836504933,-2.170832748181496
167.png,35.335755240358196,38.662232411010756,jpeg,6,35.0,39.873151997974404,35.33747690880444,36.31561968089336,39.46284746625318,37.73853610793955,38.290326071885076,-4.535675089169963,-1.7243113583136278
167.png,35.335755240358196,38.662232411010756,jpeg,7,25.0,38.51023775691529,35.08381565520707,36.47350547201173,37.93973160160479,36.996208747283006,37.978626801414364,-3.4264221017082193,-0.9435228543217846
167.png,35.335755240358196,38.662232411010756,jpeg,8,15.0,36.60963297238767,34.355552001430006,36.60591895617111,35.29412222252196,34.971940626917814,36.21721659727706,-2.2540809709576664,-0.3221815956041496
167.png,35.335755240358196,38.662232411010756,jpeg,9,5.0,30.594299813960827,29.842361494524738,34.63491265902283,28.94179577444177,28.77644288284141,32.96232553894549,-0.7519383194360891,-0.16535289160036015
167.png,35.335755240358196,38.662232411010756,blur,0,1.0,inf,35.33581671925269,35.33581671925269,inf,38.6622138179502,38.6622138179502,-inf,-inf
167.png,35.335755240358196,38.662232411010756,blur,1,5.0,39.630973032131166,35.21491775081947,38.54182606670249,42.39140985503168,38.85882221834164,42.892132547650526,-4.416055281311699,-3.532587636690039
167.png,35.335755240358196,38.662232411010756,blur,2,9.0,36.089133718375,34.022660214348704,40.46270908915253,37.43078160349878,36.657543696391755,45.812237948025356,-2.0664735040262983,-0.7732379071070241
167.png,35.335755240358196,38.662232411010756,blur,3,11.0,34.763696595735574,33.29710740803972,41.21108556469729,35.85778363334614,35.446304181856995,46.94556340688007,-1.4665891876958526,-0.4114794514891429
167.png,35.335755240358196,38.662232411010756,blur,4,15.0,32.356348108986005,31.86194861115693,42.27441353997889,33.286700077266026,33.09808808301777,48.23660222032656,-0.49439949782907533,-0.18861199424825514
167.png,35.335755240358196,38.662232411010756,blur,5,19.0,30.43802031199256,30.443599885336386,42.38281162245659,31.397889832203916,31.16832647973979,48.33590032490039,0.005579573343826638,-0.22956335246412607
167.png,35.335755240358196,38.662232411010756,blur,6,21.0,29.691348068710116,29.822084954334514,42.29311537878972,30.690085833073404,30.424275929845315,48.22820907381406,0.13073688562439756,-0.26580990322808873
167.png,35.335755240358196,38.662232411010756,blur,7,25.0,28.310076150122466,28.576020959628178,42.068095380103976,29.427029629368914,29.085051948272763,47.89916797554666,0.26594480950571153,-0.3419776810961501
167.png,35.335755240358196,38.662232411010756,blur,8,29.0,27.237862477834653,27.536477158198277,42.3694389785777,28.466405313507078,28.0903766149748,47.945980416238044,0.2986146803636238,-0.37602869853227716
167.png,35.335755240358196,38.662232411010756,blur,9,31.0,26.778287588028213,27.07513838647252,42.78158634386891,28.067547158692427,27.682236597677708,48.07904177189381,0.2968507984443072,-0.3853105610147196
168.png,32.01901765604016,31.460438339153352,poisson,0,1.0,26.32851338164101,27.437156917561868,24.244812794948526,26.216893419281725,27.077286418512585,23.998517104028974,1.1086435359208586,0.8603929992308608
168.png,32.01901765604016,31.460438339153352,poisson,1,0.8944444444444445,25.83838160455596,26.946701691725185,23.7623202440258,25.491984656536523,26.548179899725618,23.280483460893173,1.1083200871692256,1.0561952431890944
168.png,32.01901765604016,31.460438339153352,poisson,2,0.7888888888888889,25.315418113024432,26.8004231904097,23.418784064241528,25.18590896280915,26.55003825660276,23.238630186643555,1.4850050773852672,1.36412929379361
168.png,32.01901765604016,31.460438339153352,poisson,3,0.6833333333333333,24.662068671938343,26.252009297454897,22.80710019277153,24.54097481168096,26.011603993564645,22.54355507966118,1.5899406255165545,1.4706291818836839
168.png,32.01901765604016,31.460438339153352,poisson,4,0.5777777777777777,23.935776384563386,25.735567711939535,22.170248463054563,23.812531259984603,25.458556200808,22.007017067879836,1.7997913273761483,1.6460249408233985
168.png,32.01901765604016,31.460438339153352,poisson,5,0.4722222222222222,23.08820819465516,25.322650568963315,21.503380659093306,22.914624193212497,25.22789546168021,21.23111520403913,2.2344423743081556,2.3132712684677124
168.png,32.01901765604016,31.460438339153352,poisson,6,0.3666666666666667,22.012262781590785,24.663070082617313,20.597332326468116,21.842071249847077,24.821916390183038,20.546143367460864,2.6508073010265285,2.9798451403359607
168.png,32.01901765604016,31.460438339153352,poisson,7,0.26111111111111107,20.581126563144263,23.84274664527573,19.381779019267334,20.42170627244878,24.24261369890417,19.28527197813793,3.2616200821314685,3.8209074264553884
168.png,32.01901765604016,31.460438339153352,poisson,8,0.15555555555555556,18.455746772395372,22.833701874397537,17.58891329228561,18.182499152217673,22.839792704258628,17.3091900391869,4.377955102002165,4.657293552040954
168.png,32.01901765604016,31.460438339153352,poisson,9,0.05,14.065056782247435,20.886358842127784,13.745975012503779,13.847339773878813,20.662631705184133,13.47003871869199,6.821302059880349,6.815291931305319
168.png,32.01901765604016,31.460438339153352,jpeg,0,95.0,44.118776701025986,31.914732326861134,31.840052548698154,43.994590656207386,31.360067344801013,31.262352685718152,-12.204044374164852,-12.634523311406372
168.png,32.01901765604016,31.460438339153352,jpeg,1,85.0,40.064725990423284,31.984004152324907,32.25605578366978,39.89036379165435,31.51301006168936,31.750934165216403,-8.080721838098377,-8.377353729964991
168.png,32.01901765604016,31.460438339153352,jpeg,2,75.0,38.71332914239566,32.152173252890755,32.61766070563206,38.574066681477404,31.625443127406857,31.999963183759206,-6.561155889504903,-6.948623554070547
168.png,32.01901765604016,31.460438339153352,jpeg,3,65.0,37.860280656164306,32.230601445808446,32.82074803231835,37.612455144740395,31.653173893374227,32.00300425848766,-5.62967921035586,-5.959281251366168
168.png,32.01901765604016,31.460438339153352,jpeg,4,55.0,37.105697208882496,32.16440537846949,32.89284423735804,36.74534322674948,31.68922886319772,32.15743682530799,-4.941291830413007,-5.056114363551764
168.png,32.01901765604016,31.460438339153352,jpeg,5,45.0,36.501861930635116,32.170307915460874,33.133877818629294,36.04406247537953,31.743604659139827,32.335490981591235,-4.331554015174241,-4.300457816239707
168.png,32.01901765604016,31.460438339153352,jpeg,6,35.0,35.817582613995526,32.35991979091508,33.637688355868164,35.263325409531426,31.73275528926126,32.53380565530316,-3.4576628230804474,-3.5305701202701663
168.png,32.01901765604016,31.460438339153352,jpeg,7,25.0,34.94851403222691,32.34180214013122,34.146057555302335,34.260272560183466,31.523537877330238,32.78683190924701,-2.6067118920956887,-2.7367346828532284
168.png,32.01901765604016,31.460438339153352,jpeg,8,15.0,33.42329675978538,31.813309867347893,34.200281332029775,32.272387411664724,30.56178357663927,32.06763283560421,-1.6099868924374867,-1.7106038350254522
168.png,32.01901765604016,31.460438339153352,jpeg,9,5.0,29.272504738055773,28.75527780607587,33.35618544021848,27.16337410991834,26.815496511524913,31.294812787354687,-0.5172269319799021,-0.3478775983934277
168.png,32.01901765604016,31.460438339153352,blur,0,1.0,inf,32.01903083431162,32.01903083431162,inf,31.460559096579846,31.460559096579846,-inf,-inf
168.png,32.01901765604016,31.460438339153352,blur,1,5.0,31.181512719969938,30.789454291047665,38.730201214000786,36.48369425099585,32.677481646439425,37.21809301669713,-0.3920584289222724,-3.8062126045564284
168.png,32.01901765604016,31.460438339153352,blur,2,9.0,29.341905084012545,29.548958991533443,40.004562751868804,33.187661676694546,31.668282699115352,40.16925558479842,0.2070539075208977,-1.5193789775791942
168.png,32.01901765604016,31.460438339153352,blur,3,11.0,28.92870998141224,29.09608359291412,40.13446748186006,32.18453656321827,30.958946283078554,40.814135500542825,0.1673736115018798,-1.2255902801397198
168.png,32.01901765604016,31.460438339153352,blur,4,15.0,28.283240023601785,28.363304616767714,40.09960403238644,30.557925161967,29.547844855955653,41.18953183431347,0.08006459316592895,-1.0100803060113464
168.png,32.01901765604016,31.460438339153352,blur,5,19.0,27.784071954772397,27.84573169202521,39.96555271819061,29.31733168300905,28.318574034224365,40.9726801460788,0.06165973725281404,-0.9987576487846859
168.png,32.01901765604016,31.460438339153352,blur,6,21.0,27.6013035276843,27.651805175933532,39.95525146466326,28.85314649548182,27.835907338376277,40.85653352825601,0.05050164824923087,-1.0172391571055428
168.png,32.01901765604016,31.460438339153352,blur,7,25.0,27.152392331706757,27.240483284811695,40.14458718819575,27.989950138588444,26.972335703626122,40.79355445347314,0.08809095310493831,-1.0176144349623222
168.png,32.01901765604016,31.460438339153352,blur,8,29.0,26.791045344803607,26.85936209085441,40.49757142900694,27.306081059515233,26.320843759057404,40.92192545196787,0.06831674605080451,-0.985237300457829
168.png,32.01901765604016,31.460438339153352,blur,9,31.0,26.59632928205856,26.681167526165716,40.72200055168586,27.01894198408512,26.061211549574796,41.07435245111678,0.08483824410715712,-0.9577304345103244
169.png,31.585589538387595,32.67819235031801,poisson,0,1.0,26.389043021798724,27.437430330672306,24.26940837983484,27.096958259805042,28.43340559553022,25.103049751733067,1.0483873088735827,1.336447335725179
169.png,31.585589538387595,32.67819235031801,poisson,1,0.8944444444444445,25.886571247161672,27.064924148803208,23.850017117208072,26.555868117271928,27.95052822183328,24.593026615567958,1.178352901641535,1.3946601045613534
169.png,31.585589538387595,32.67819235031801,poisson,2,0.7888888888888889,25.324641102893782,27.025242624343207,23.51835472408525,25.89603304008498,27.82043379607611,24.22137927177971,1.7006015214494248,1.9244007559911296
169.png,31.585589538387595,32.67819235031801,poisson,3,0.6833333333333333,24.728128379408865,26.79646867307929,23.073672862884397,25.538877995266663,27.855230948354055,23.89771092345682,2.068340293670424,2.3163529530873923
169.png,31.585589538387595,32.67819235031801,poisson,4,0.5777777777777777,24.029729964717923,26.315468956339622,22.46355064577394,24.66944780084068,27.10382618795046,23.17160205157865,2.285738991621699,2.4343783871097813
169.png,31.585589538387595,32.67819235031801,poisson,5,0.4722222222222222,23.147096913653513,25.815273568743926,21.760678207184387,23.888318561070967,26.61209718350929,22.41087712209282,2.668176655090413,2.7237786224383242
169.png,31.585589538387595,32.67819235031801,poisson,6,0.3666666666666667,22.09312363599007,25.338076364179866,20.907691442062692,22.783766232975104,26.052421138323993,21.60344038361505,3.2449527281897943,3.268654905348889
169.png,31.585589538387595,32.67819235031801,poisson,7,0.26111111111111107,20.67326066698099,24.6612267646848,19.726018452903116,21.226497981427954,25.502282402959526,20.34724547045038,3.987966097703808,4.275784421531572
169.png,31.585589538387595,32.67819235031801,poisson,8,0.15555555555555556,18.55170214854518,23.667173260917775,17.908025521773208,19.10859274555272,24.4257221360289,18.405110947520768,5.115471112372596,5.317129390476179
169.png,31.585589538387595,32.67819235031801,poisson,9,0.05,14.163962440075839,21.495672749012318,13.96464932102775,14.273738619986245,21.838047042857486,14.00643574503841,7.331710308936479,7.564308422871241
169.png,31.585589538387595,32.67819235031801,jpeg,0,95.0,44.224081428182245,31.531221780701657,31.458507471333785,43.66237065832927,32.585242554131334,32.46280637323018,-12.692859647480589,-11.07712810419794
169.png,31.585589538387595,32.67819235031801,jpeg,1,85.0,40.158326057899174,31.65229492625248,31.87781292426667,39.3256531506766,32.65264331727295,32.91821853708685,-8.506031131646694,-6.673009833403654
169.png,31.585589538387595,32.67819235031801,jpeg,2,75.0,38.81239863628916,31.72546962019613,32.132287269974235,38.03521285333371,32.884245357804495,33.55148892759774,-7.0869290160930305,-5.1509674955292155
169.png,31.585589538387595,32.67819235031801,jpeg,3,65.0,37.953030353740274,31.822166597548907,32.351647231445995,37.33380478662879,32.89812942426413,33.71839410982154,-6.130863756191367,-4.4356753623646625
169.png,31.585589538387595,32.67819235031801,jpeg,4,55.0,37.23281964920916,31.90064756107761,32.52815776700179,36.53843994119577,32.892793498243506,33.76083861270069,-5.3321720881315535,-3.6456464429522626
169.png,31.585589538387595,32.67819235031801,jpeg,5,45.0,36.616725706458084,32.00283605483068,32.81884723513644,36.01472113411455,32.90441713101201,33.99255271529422,-4.613889651627403,-3.1103040031025415
169.png,31.585589538387595,32.67819235031801,jpeg,6,35.0,35.92436909355279,31.94746887700314,33.06459714416348,35.325105879409094,32.889250402084684,34.39448155232977,-3.9769002165496516,-2.4358554773244094
169.png,31.585589538387595,32.67819235031801,jpeg,7,25.0,34.982726863290125,32.10047133563436,33.84717565670934,34.3142017784862,32.95100533871789,34.891226480493195,-2.882255527655765,-1.3631964397683092
169.png,31.585589538387595,32.67819235031801,jpeg,8,15.0,33.490659770757205,31.643972906826097,34.27439450287923,32.65484112308259,31.92265565950081,35.175738747001,-1.846686863931108,-0.7321854635817822
169.png,31.585589538387595,32.67819235031801,jpeg,9,5.0,29.498689225733457,28.320683581108355,33.35877025677566,28.253623242324753,27.883241113435503,33.63057051422,-1.1780056446251024,-0.3703821288892506
169.png,31.585589538387595,32.67819235031801,blur,0,1.0,inf,31.58564012868581,31.58564012868581,inf,32.67818904430909,32.67818904430909,-inf,-inf
169.png,31.585589538387595,32.67819235031801,blur,1,5.0,35.84196134932633,32.30040689769591,37.80348686306462,36.4534166771974,33.84318720373193,40.29491185059061,-3.541554451630425,-2.6102294734654734
169.png,31.585589538387595,32.67819235031801,blur,2,9.0,32.69022398849528,31.217155210671905,41.124515242556214,33.71262012210717,32.95862475073706,44.93429253311018,-1.4730687778233786,-0.7539953713701095
169.png,31.585589538387595,32.67819235031801,blur,3,11.0,31.72791659674023,30.608873821643318,42.00113473403558,32.91712982805303,32.413363987447276,46.32642397227116,-1.1190427750969114,-0.5037658406057517
169.png,31.585589538387595,32.67819235031801,blur,4,15.0,30.159035597110293,29.510330283402624,43.47672401462866,31.57258749859125,31.299899818485642,48.57001947155113,-0.6487053137076693,-0.2726876801056086
169.png,31.585589538387595,32.67819235031801,blur,5,19.0,28.967071263055114,28.684890765351795,44.65271767591116,30.511423617541414,30.31822526635491,50.25077996144673,-0.2821804977033189,-0.19319835118650275
169.png,31.585589538387595,32.67819235031801,blur,6,21.0,28.52586941725341,28.367988663718297,45.407979773032764,30.10085838198939,29.908394288356103,50.86633513323459,-0.15788075353511388,-0.1924640936332871
169.png,31.585589538387595,32.67819235031801,blur,7,25.0,27.67367471014437,27.673187937854543,46.43767566433408,29.288521199967153,29.084675483362314,51.716987907678316,-0.0004867722898254101,-0.20384571660483886
169.png,31.585589538387595,32.67819235031801,blur,8,29.0,27.01736043072154,27.063194251348868,47.94095991079846,28.620403744447735,28.396426543628863,52.198899511289255,0.04583382062732966,-0.2239772008188723
169.png,31.585589538387595,32.67819235031801,blur,9,31.0,26.72471810087531,26.80534798796561,46.96312475268819,28.337401769835907,28.133467083446963,52.58877330684646,0.08062988709029995,-0.2039346863889442
17.png,31.91715626807115,31.304336771408533,poisson,0,1.0,26.58190355808143,27.673978623712436,24.477023597835952,26.77931936207226,27.24427871857648,24.339564298122852,1.0920750656310076,0.46495935650422027
17.png,31.91715626807115,31.304336771408533,poisson,1,0.8944444444444445,26.10592112404014,27.397610680545988,24.115730286850997,26.257714544812618,27.029478090251004,23.907321084792372,1.2916895565058475,0.771763545438386
17.png,31.91715626807115,31.304336771408533,poisson,2,0.7888888888888889,25.56329678409032,27.167278523397655,23.711732593903857,25.772759954613846,26.805312659844272,23.68982881974343,1.6039817393073363,1.032552705230426
17.png,31.91715626807115,31.304336771408533,poisson,3,0.6833333333333333,24.951170926738165,26.86828118966855,23.24719379335047,25.01164119636842,26.513828736845248,23.018607632840663,1.917110262930386,1.5021875404768288
17.png,31.91715626807115,31.304336771408533,poisson,4,0.5777777777777777,24.201590461740714,26.46826534954407,22.645753827880032,24.300964734140884,26.121177259272272,22.486105574118977,2.2666748878033545,1.8202125251313888
17.png,31.91715626807115,31.304336771408533,poisson,5,0.4722222222222222,23.33775647995737,25.861403533593545,21.883742547993887,23.372365590184362,25.846438754328656,21.748641465789696,2.523647053636175,2.4740731641442935
17.png,31.91715626807115,31.304336771408533,poisson,6,0.3666666666666667,22.281558558643194,25.37595593036584,21.028882396460112,22.30933972577711,25.38841663853304,20.902093417377593,3.0943973717226463,3.07907691275593
17.png,31.91715626807115,31.304336771408533,poisson,7,0.26111111111111107,20.83266721669919,24.6240706641334,19.817292281156856,20.782838194889692,24.290685671762994,19.616438539729867,3.7914034474342095,3.5078474768733017
17.png,31.91715626807115,31.304336771408533,poisson,8,0.15555555555555556,18.661971062397477,23.47354598943636,17.950323120505736,18.58520779937496,23.15286907145612,17.69805268973696,4.811574927038883,4.5676612720811605
17.png,31.91715626807115,31.304336771408533,poisson,9,0.05,14.166016871919314,21.37522829478779,13.92719410134347,14.088094509030508,21.26371317644864,13.794698675473034,7.209211422868474,7.1756186674181315
17.png,31.91715626807115,31.304336771408533,jpeg,0,95.0,44.003387073125836,31.827637041844717,31.739593500788143,43.69141362334129,31.263512411582468,31.161807051610047,-12.175750031281119,-12.427901211758822
17.png,31.91715626807115,31.304336771408533,jpeg,1,85.0,39.84025041668935,31.949369879319967,32.19948269460357,39.460042356127914,31.33402771647516,31.522851642566284,-7.890880537369384,-8.126014639652755
17.png,31.91715626807115,31.304336771408533,jpeg,2,75.0,38.50045328278525,32.082525586266584,32.557307975223225,38.13316740199265,31.42315645249006,31.789533772656434,-6.417927696518667,-6.710010949502593
17.png,31.91715626807115,31.304336771408533,jpeg,3,65.0,37.65225752606433,32.09786154904444,32.66297512217168,37.275736512315916,31.54778470308575,31.909185369202838,-5.554395977019894,-5.7279518092301664
17.png,31.91715626807115,31.304336771408533,jpeg,4,55.0,36.91527168583867,32.21877281073529,32.9515562035255,36.489577664329296,31.456084292864823,31.957827322530026,-4.69649887510338,-5.033493371464473
17.png,31.91715626807115,31.304336771408533,jpeg,5,45.0,36.32849029840629,32.55080499002762,33.59202201720051,35.73156303209979,31.449251550557644,31.98238206369215,-3.777685308378665,-4.282311481542148
17.png,31.91715626807115,31.304336771408533,jpeg,6,35.0,35.64069928133599,32.66986272872594,34.06418972456216,34.95881344109547,31.487395589978348,32.17475047369207,-2.970836552610052,-3.471417851117124
17.png,31.91715626807115,31.304336771408533,jpeg,7,25.0,34.73376916195972,32.68565933147738,34.71766052833976,33.79386935899317,31.11299620719505,32.17908343262138,-2.048109830482339,-2.680873151798121
17.png,31.91715626807115,31.304336771408533,jpeg,8,15.0,33.29798221875989,32.0918667306185,35.04007036740464,31.863280188229403,30.38853067291671,31.959814133680112,-1.2061154881413927,-1.4747495153126948
17.png,31.91715626807115,31.304336771408533,jpeg,9,5.0,29.084898434050324,28.392513098478208,32.78214745514069,26.418786613258796,26.242247527395644,30.3036365758754,-0.6923853355721157,-0.17653908586315126
17.png,31.91715626807115,31.304336771408533,blur,0,1.0,inf,31.917159733900018,31.917159733900018,inf,31.304308745374676,31.304308745374676,-inf,-inf
17.png,31.91715626807115,31.304336771408533,blur,1,5.0,33.170765819152805,32.099676179356784,39.845564018446794,35.49714818769913,32.24128107250034,37.498000098825685,-1.0710896397960212,-3.2558671151987895
17.png,31.91715626807115,31.304336771408533,blur,2,9.0,31.035415861351744,30.57116231426797,43.889829451291114,31.829957486503044,30.948775093380583,41.91005295392317,-0.464253547083775,-0.8811823931224616
17.png,31.91715626807115,31.304336771408533,blur,3,11.0,30.494804470984835,30.139072399119485,44.86770738534332,30.73158061135463,30.17349220496431,43.43390904131513,-0.3557320718653507,-0.5580884063903184
17.png,31.91715626807115,31.304336771408533,blur,4,15.0,29.631314721346783,29.526663675639185,46.38717856964103,28.94798306758533,28.61223699937583,45.93311450551013,-0.1046510457075982,-0.3357460682094988
17.png,31.91715626807115,31.304336771408533,blur,5,19.0,28.976088525375843,29.010280029804072,46.79013319807293,27.606162595309076,27.30631861532625,47.336615779543294,0.034191504428228825,-0.29984397998282475
17.png,31.91715626807115,31.304336771408533,blur,6,21.0,28.738006153208993,28.791168946873036,46.23004969309241,27.09615428182348,26.771447165742938,47.354289153260524,0.053162793664043306,-0.3247071160805426
17.png,31.91715626807115,31.304336771408533,blur,7,25.0,28.21632918311949,28.316822677987897,46.55154297391476,26.11948201554157,25.793626523520654,47.8649834096868,0.10049349486840597,-0.3258554920209171
17.png,31.91715626807115,31.304336771408533,blur,8,29.0,27.809713764398225,27.90123010351184,45.39332072971867,25.327734550170238,24.959913652257818,47.21465113450938,0.09151633911361401,-0.36782089791242
17.png,31.91715626807115,31.304336771408533,blur,9,31.0,27.609549501751257,27.712197976981585,45.46049837308745,24.993546466489228,24.623778456626777,47.170985839639826,0.10264847523032827,-0.36976800986245095
170.png,31.400748070052522,31.084351434940828,poisson,0,1.0,26.300528000147313,27.739184774797128,24.386002511357788,26.559089712061514,27.45077073973293,24.262347752826564,1.4386567746498145,0.8916810276714173
170.png,31.400748070052522,31.084351434940828,poisson,1,0.8944444444444445,25.820563211764895,27.535621772889662,24.021745496566265,26.050288409710234,27.24619921636727,23.99068936271599,1.715058561124767,1.1959108066570359
170.png,31.400748070052522,31.084351434940828,poisson,2,0.7888888888888889,25.2793152221166,27.121129039728693,23.53842099507463,25.591172436240484,26.827274645899024,23.512994085199075,1.841813817612092,1.2361022096585401
170.png,31.400748070052522,31.084351434940828,poisson,3,0.6833333333333333,24.677041845299527,26.831927615858405,23.065038153821604,24.887105421229357,26.766553488405293,23.110212116464673,2.1548857705588773,1.879448067175936
170.png,31.400748070052522,31.084351434940828,poisson,4,0.5777777777777777,23.926067452000886,26.491916481154945,22.477861572946196,24.188532026741587,26.26556969481696,22.40671808435583,2.5658490291540588,2.0770376680753735
170.png,31.400748070052522,31.084351434940828,poisson,5,0.4722222222222222,23.0769361637497,26.08365303949396,21.787052461244222,23.313633544590985,25.847657099864975,21.752237736753397,3.00671687574426,2.53402355527399
170.png,31.400748070052522,31.084351434940828,poisson,6,0.3666666666666667,22.01803283212812,25.458289152048017,20.876676798982462,22.327005273813107,25.435255708177134,20.972921738645887,3.4402563199198966,3.1082504343640274
170.png,31.400748070052522,31.084351434940828,poisson,7,0.26111111111111107,20.567197180694873,24.73698247712028,19.664089688874494,20.821643898355923,24.61627318266008,19.745853968578274,4.169785296425406,3.7946292843041576
170.png,31.400748070052522,31.084351434940828,poisson,8,0.15555555555555556,18.406003994687538,23.553662754706597,17.76601260778518,18.52009413988993,23.33364043169528,17.712860787698123,5.147658760019059,4.813546291805348
170.png,31.400748070052522,31.084351434940828,poisson,9,0.05,14.017054720733015,20.93060013407472,13.746888712560732,14.021272405989112,21.045094778137063,13.695826362279554,6.913545413341705,7.023822372147951
170.png,31.400748070052522,31.084351434940828,jpeg,0,95.0,43.54106115566998,31.32426561026076,31.204470845827306,43.26786303959686,31.022657698975003,30.86999317799021,-12.21679554540922,-12.245205340621858
170.png,31.400748070052522,31.084351434940828,jpeg,1,85.0,38.97757654698526,31.390205597806666,31.634410163992236,38.56525178459744,31.089015683610448,31.332084179287868,-7.587370949178595,-7.476236100986995
170.png,31.400748070052522,31.084351434940828,jpeg,2,75.0,37.61558367009158,31.375870741186734,31.856379736100987,37.18692826049716,31.132615929972886,31.620822409720247,-6.239712928904847,-6.054312330524276
170.png,31.400748070052522,31.084351434940828,jpeg,3,65.0,36.79413978245568,31.523000041314525,32.159224396901415,36.35001357084476,31.27451988112472,31.935920764454107,-5.271139741141155,-5.075493689720037
170.png,31.400748070052522,31.084351434940828,jpeg,4,55.0,36.117630156375526,31.510492528048864,32.387044487415146,35.63359832214176,31.291846773942513,31.982460271169614,-4.607137628326662,-4.341751548199245
170.png,31.400748070052522,31.084351434940828,jpeg,5,45.0,35.563832223301134,31.622204523332805,32.643640968271235,35.07086817619347,31.321328832957658,32.19727969826606,-3.941627699968329,-3.7495393432358135
170.png,31.400748070052522,31.084351434940828,jpeg,6,35.0,34.91455044786744,31.694954515267277,33.08087477108258,34.27441627297864,31.33623183394386,32.42460262300079,-3.219595932600164,-2.9381844390347815
170.png,31.400748070052522,31.084351434940828,jpeg,7,25.0,34.059739576336945,31.745936748481533,33.851619097236885,33.277067083332085,31.361809016366713,32.93788184731053,-2.3138028278554117,-1.9152580669653716
170.png,31.400748070052522,31.084351434940828,jpeg,8,15.0,32.72665901284576,31.348415479044192,34.56728338670172,31.549397033406077,30.719818471090655,33.05045295448683,-1.378243533801566,-0.8295785623154224
170.png,31.400748070052522,31.084351434940828,jpeg,9,5.0,29.220094461861148,28.749309536079647,33.874941804657325,27.01996857065838,26.781160870893093,31.875332254967795,-0.47078492578150133,-0.23880769976528882
170.png,31.400748070052522,31.084351434940828,blur,0,1.0,inf,31.400747254768607,31.400747254768607,inf,31.08442751768405,31.08442751768405,-inf,-inf
170.png,31.400748070052522,31.084351434940828,blur,1,5.0,32.21410502540044,31.346593085802716,37.21962058473216,34.95915113225295,32.11708748240544,38.08014689521683,-0.8675119395977262,-2.8420636498475105
170.png,31.400748070052522,31.084351434940828,blur,2,9.0,28.98716064665059,29.111749005594945,38.19677886643817,32.049308528880125,31.035615272823986,41.558244695077924,0.12458835894435438,-1.0136932560561398
170.png,31.400748070052522,31.084351434940828,blur,3,11.0,28.11695249778561,27.966432464747747,38.7932620569956,31.16225897025226,30.353142274231317,42.29890385857432,-0.1505200330378642,-0.8091166960209435
170.png,31.400748070052522,31.084351434940828,blur,4,15.0,26.85412340116557,26.554151959723,39.072722250469255,29.636663662664503,28.923726320143928,42.92799465635805,-0.29997144144256893,-0.7129373425205756
170.png,31.400748070052522,31.084351434940828,blur,5,19.0,25.972591994539798,25.83657640467091,39.31169097528015,28.402791817250055,27.669541902576512,42.85850140831342,-0.13601558986888662,-0.733249914673543
170.png,31.400748070052522,31.084351434940828,blur,6,21.0,25.675973264386496,25.633672641042434,39.561504142430806,27.930142283591977,27.183960881595823,42.86489081406817,-0.042300623344061705,-0.7461814019961537
170.png,31.400748070052522,31.084351434940828,blur,7,25.0,25.065776511691716,25.14311080884667,40.03311511194909,27.031529493622998,26.283492635806354,42.89681812438331,0.07733429715495532,-0.7480368578166434
170.png,31.400748070052522,31.084351434940828,blur,8,29.0,24.582902110406213,24.72888361417234,40.708178529829986,26.337519137007416,25.613166018609853,43.14348484618145,0.1459815037661265,-0.7243531183975627
170.png,31.400748070052522,31.084351434940828,blur,9,31.0,24.36349503979301,24.518775739143322,41.11025026317003,26.043228158447008,25.341645146427027,43.34661271136476,0.15528069935031397,-0.7015830120199809
171.png,34.37322298205308,38.791913223736174,poisson,0,1.0,27.080607198730817,28.69045983754608,25.233995956902255,27.66340560685377,29.98147017912312,26.0163561086771,1.609852638815262,2.31806457226935
171.png,34.37322298205308,38.791913223736174,poisson,1,0.8944444444444445,26.61129589838516,28.314221309768808,24.813846917412473,27.31095568762054,29.757516141455653,25.75469956669092,1.7029254113836494,2.4465604538351116
171.png,34.37322298205308,38.791913223736174,poisson,2,0.7888888888888889,26.065232315223316,27.916140172188875,24.34594573785512,26.651954211679538,29.175126847468107,25.006898092298048,1.8509078569655593,2.523172635788569
171.png,34.37322298205308,38.791913223736174,poisson,3,0.6833333333333333,25.432242497706387,27.488912361320367,23.795261973192705,26.05046963477609,28.84080887537126,24.714912609779624,2.0566698636139797,2.79033924059517
171.png,34.37322298205308,38.791913223736174,poisson,4,0.5777777777777777,24.69775629526362,26.988713937226425,23.17001251786765,25.21934947108475,27.9468803385586,23.869942537845603,2.2909576419628053,2.727530867473849
171.png,34.37322298205308,38.791913223736174,poisson,5,0.4722222222222222,23.870459515413707,26.50526614983711,22.469159848769568,24.48866448125556,27.571174392860357,23.194538902719803,2.634806634423402,3.082509911604795
171.png,34.37322298205308,38.791913223736174,poisson,6,0.3666666666666667,22.77202773490583,25.922807565965176,21.551718738537794,23.357478957378422,26.881109928238768,22.210760960869646,3.150779831059346,3.5236309708603457
171.png,34.37322298205308,38.791913223736174,poisson,7,0.26111111111111107,21.33949035431371,25.027573395175843,20.3140529807712,21.901513439316386,26.1014736922273,20.9998109229672,3.688083040862132,4.199960252910916
171.png,34.37322298205308,38.791913223736174,poisson,8,0.15555555555555556,19.17737712730795,23.92347265765206,18.463486124105017,19.55497401872347,24.794536715967798,18.830759962331875,4.74609553034411,5.239562697244327
171.png,34.37322298205308,38.791913223736174,poisson,9,0.05,14.612485454012592,21.341210027271448,14.344033956568339,14.747400528056229,21.496261011600254,14.395285752476518,6.728724573258855,6.748860483544025
171.png,34.37322298205308,38.791913223736174,jpeg,0,95.0,47.89217345206529,34.295655012567444,34.3401140703327,47.65396803514471,38.749607784415055,38.78407864588604,-13.59651843949785,-8.904360250729653
171.png,34.37322298205308,38.791913223736174,jpeg,1,85.0,45.089493481287064,34.51383158151052,34.6442696609711,44.745501339791616,38.795291742395285,39.005282244325464,-10.575661899776541,-5.950209597396331
171.png,34.37322298205308,38.791913223736174,jpeg,2,75.0,43.488197738190394,34.54847748594724,34.78277098872974,43.223822446978204,38.75666809740988,38.963830393511984,-8.939720252243156,-4.467154349568325
171.png,34.37322298205308,38.791913223736174,jpeg,3,65.0,42.435743995853336,34.56282405441755,34.84489015970661,41.98855918444288,38.4919555178554,38.80496150781012,-7.872919941435789,-3.4966036665874753
171.png,34.37322298205308,38.791913223736174,jpeg,4,55.0,41.45017386462896,34.38818056591842,34.71496685159769,40.96904744502274,38.17475338769633,38.52007031630845,-7.06199329871054,-2.794294057326411
171.png,34.37322298205308,38.791913223736174,jpeg,5,45.0,40.67067578577664,34.298495712877155,34.676291481839186,40.08300576379717,37.88547210758787,38.34451228267633,-6.372180072899482,-2.197533656209295
171.png,34.37322298205308,38.791913223736174,jpeg,6,35.0,39.63717442642456,34.15569057015949,34.63932953002457,39.17214803850122,37.67370367816766,38.52440974227265,-5.481483856265065,-1.4984443603335578
171.png,34.37322298205308,38.791913223736174,jpeg,7,25.0,38.31012535622461,33.784071928679246,34.67506868029641,37.75906585044561,36.687134127207194,37.60851112298132,-4.526053427545364,-1.0719317232384142
171.png,34.37322298205308,38.791913223736174,jpeg,8,15.0,36.07023978754012,33.13846345583876,34.53442428216509,34.85972625993253,34.69299269510306,36.23173092499971,-2.931776331701357,-0.166733564829471
171.png,34.37322298205308,38.791913223736174,jpeg,9,5.0,30.353928203317928,28.77172053185445,32.65453140505457,28.4673141619747,28.192630377968094,32.20845428628658,-1.582207671463479,-0.274683784006605
171.png,34.37322298205308,38.791913223736174,blur,0,1.0,inf,34.37319930506197,34.37319930506197,inf,38.79204974427199,38.79204974427199,-inf,-inf
171.png,34.37322298205308,38.791913223736174,blur,1,5.0,38.82392114218327,34.389139875761394,37.81638748896556,42.70407489918974,39.31266828522831,42.87558717999367,-4.434781266421879,-3.391406613961429
171.png,34.37322298205308,38.791913223736174,blur,2,9.0,35.47123304028791,34.020728481034766,40.97407734476931,38.28886340573747,37.730163816896905,45.594174637161366,-1.4505045592531474,-0.5586995888405681
171.png,34.37322298205308,38.791913223736174,blur,3,11.0,34.41643175887287,33.72514862413675,42.696835151194094,36.88543690829979,36.69022172859923,46.617104640230025,-0.6912831347361177,-0.19521517970056124
171.png,34.37322298205308,38.791913223736174,blur,4,15.0,32.63983350861426,32.56013441421844,45.532253887051795,34.5057409602761,34.483320605389636,48.49739607160765,-0.07969909439582068,-0.022420354886463656
171.png,34.37322298205308,38.791913223736174,blur,5,19.0,31.26941229819485,31.35413202899018,46.19207624857832,32.661567967005254,32.60899595409465,49.8517050539585,0.08471973079532802,-0.052572012910601984
171.png,34.37322298205308,38.791913223736174,blur,6,21.0,30.75215920447926,30.85476145895489,46.800581081175835,31.928770071427316,31.801885172722237,50.56245309396219,0.10260225447563087,-0.1268848987050788
171.png,34.37322298205308,38.791913223736174,blur,7,25.0,29.757653934366598,29.900894834405634,46.42439541636126,30.57276016272222,30.44570139400659,51.25269667176894,0.14324090003903578,-0.12705876871562793
171.png,34.37322298205308,38.791913223736174,blur,8,29.0,28.9650658403407,29.10339052910619,46.14620932740844,29.47866387019596,29.338970739724214,51.842979269968936,0.13832468876548987,-0.1396931304717448
171.png,34.37322298205308,38.791913223736174,blur,9,31.0,28.619215506222766,28.747473838782483,46.33241710242862,29.01109486760797,28.853048715186354,52.03454292830899,0.1282583325597173,-0.15804615242161546
172.png,31.716221257281248,32.37669827168867,poisson,0,1.0,26.72613087558572,27.45587744537668,24.450977622018186,27.390655115540625,28.02032949072556,25.110030570180683,0.729746569790958,0.6296743751849334
172.png,31.716221257281248,32.37669827168867,poisson,1,0.8944444444444445,26.221118446668118,27.07473083132097,24.045202265498432,26.828732847554193,27.629392373783674,24.61189520142474,0.8536123846528518,0.8006595262294809
172.png,31.716221257281248,32.37669827168867,poisson,2,0.7888888888888889,25.681115634884062,26.781567142159453,23.625372693586257,26.38611372166466,27.422478525437516,24.288790513596126,1.100451507275391,1.0363648037728552
172.png,31.716221257281248,32.37669827168867,poisson,3,0.6833333333333333,25.090211957193937,26.56407383054156,23.204938675269272,25.783797899059845,27.01568507638796,23.68291942035867,1.473861873347623,1.2318871773281153
172.png,31.716221257281248,32.37669827168867,poisson,4,0.5777777777777777,24.340915858145973,26.21930231741059,22.6300869010924,24.924558112025927,26.724957636932814,23.11814952639463,1.8783864592646182,1.8003995249068865
172.png,31.716221257281248,32.37669827168867,poisson,5,0.4722222222222222,23.473964628115528,25.687100204710816,21.910439086271257,24.041403255973982,26.322814374226926,22.430899909049998,2.2131355765952883,2.2814111182529437
172.png,31.716221257281248,32.37669827168867,poisson,6,0.3666666666666667,22.401417958610693,25.000034804036765,20.976011991650086,23.066633971050994,25.681771801259806,21.519280480247176,2.598616845426072,2.6151378302088126
172.png,31.716221257281248,32.37669827168867,poisson,7,0.26111111111111107,20.979994027156536,24.113920636120717,19.783683557684217,21.561035294876305,24.710133233146784,20.315755752124545,3.133926608964181,3.1490979382704793
172.png,31.716221257281248,32.37669827168867,poisson,8,0.15555555555555556,18.804555741980383,23.00974018305382,17.947323199095976,19.321546237023522,23.648007928429784,18.41375801612579,4.205184441073438,4.326461691406262
172.png,31.716221257281248,32.37669827168867,poisson,9,0.05,14.336403909199564,20.69197979708398,13.987323168062343,14.680446789835923,21.10181925064075,14.304996928298355,6.355575887884417,6.421372460804829
172.png,31.716221257281248,32.37669827168867,jpeg,0,95.0,44.491218597473896,31.68496060505182,31.62762229077903,43.95736199609324,32.28338755485189,32.20130295341993,-12.806257992422076,-11.673974441241349
172.png,31.716221257281248,32.37669827168867,jpeg,1,85.0,40.575310964883386,31.85696280111818,32.07932391487943,39.817315078065356,32.375744425477116,32.631512768482835,-8.718348163765206,-7.44157065258824
172.png,31.716221257281248,32.37669827168867,jpeg,2,75.0,39.20414189962121,31.80154763248845,32.10248536719101,38.38004808884542,32.49492927832205,32.95778137617006,-7.402594267132763,-5.885118810523373
172.png,31.716221257281248,32.37669827168867,jpeg,3,65.0,38.32562623490045,31.859579595010146,32.31721328209957,37.55137873259954,32.51556902815508,33.035680279623556,-6.466046639890301,-5.0358097044444605
172.png,31.716221257281248,32.37669827168867,jpeg,4,55.0,37.580559495365954,31.914157319858838,32.43078880057199,36.69269609020323,32.498618463723375,33.14383807991392,-5.666402175507116,-4.194077626479853
172.png,31.716221257281248,32.37669827168867,jpeg,5,45.0,37.01686495224265,32.01770345058202,32.9133458000502,36.09158249495796,32.59672954259562,33.43414151333435,-4.99916150166063,-3.4948529523623435
172.png,31.716221257281248,32.37669827168867,jpeg,6,35.0,36.3654621515915,32.03490912100114,32.99809100366032,35.36532735812044,32.60286135469596,33.650022272921326,-4.330553030590359,-2.7624660034244783
172.png,31.716221257281248,32.37669827168867,jpeg,7,25.0,35.30492773060826,32.05487568594919,33.12544535511789,34.283282841026285,32.25398166272456,33.64194618929378,-3.2500520446590713,-2.029301178301722
172.png,31.716221257281248,32.37669827168867,jpeg,8,15.0,33.45757708228337,31.808528083511117,33.900517294172175,32.39733671493997,31.39672973337735,33.50043122165178,-1.6490489987722547,-1.000606981562619
172.png,31.716221257281248,32.37669827168867,jpeg,9,5.0,29.30704260981662,28.789884000452346,33.11586437870312,28.087990329616332,27.83030995832037,31.989257814181457,-0.517158609364273,-0.25768037129596166
172.png,31.716221257281248,32.37669827168867,blur,0,1.0,inf,31.716233779817806,31.716233779817806,inf,32.37659119702866,32.37659119702866,-inf,-inf
172.png,31.716221257281248,32.37669827168867,blur,1,5.0,33.31878551270396,31.690694548371212,36.22963426149162,36.1883956456777,33.422578157541345,39.67788724601741,-1.628090964332749,-2.7658174881363564
172.png,31.716221257281248,32.37669827168867,blur,2,9.0,30.657394383446032,30.518028721727326,37.2227654679575,33.18846587221472,32.45089340838382,43.900741898179696,-0.13936566171870624,-0.7375724638309009
172.png,31.716221257281248,32.37669827168867,blur,3,11.0,29.831709276147357,29.82243032715054,37.855303673488706,32.294246519564396,31.849164147007095,44.85066092307249,-0.009278948996819025,-0.44508237255730165
172.png,31.716221257281248,32.37669827168867,blur,4,15.0,28.257808523161778,28.365957987861048,39.69013582852778,30.79418458891034,30.60348358598521,45.836886470573106,0.10814946469927023,-0.19070100292513104
172.png,31.716221257281248,32.37669827168867,blur,5,19.0,26.887205717250012,27.02802380413528,41.32763394684148,29.572530943509584,29.434204588494456,46.312581280048015,0.1408180868852682,-0.1383263550151277
172.png,31.716221257281248,32.37669827168867,blur,6,21.0,26.344032155144884,26.484621607655335,41.97343122631368,29.07880962568603,28.927440785257097,46.5308598848698,0.14058945251045074,-0.15136884042893328
172.png,31.716221257281248,32.37669827168867,blur,7,25.0,25.290964520174498,25.42955492476455,43.38915552546116,28.1089614628375,27.91877640355748,47.3951582723339,0.138590404590051,-0.19018505928001872
172.png,31.716221257281248,32.37669827168867,blur,8,29.0,24.502846322141,24.625624150637023,44.382535490206905,27.334414250266978,27.088078413439042,48.042030222858436,0.12277782849602303,-0.24633583682793514
172.png,31.716221257281248,32.37669827168867,blur,9,31.0,24.153320351482304,24.272784570741003,44.66638503801281,26.99675023181178,26.7349515094212,48.178342676736136,0.11946421925869899,-0.26179872239058
173.png,32.17269867325014,31.95638340907442,poisson,0,1.0,27.226286798202803,28.246755274891406,25.105014633745967,27.74585060194559,28.43570927710765,25.387447467059204,1.0204684766886025,0.6898586751620606
173.png,32.17269867325014,31.95638340907442,poisson,1,0.8944444444444445,26.731924868320736,27.945620623697653,24.72662243946173,27.1120528444542,27.955201070348433,24.920463369857117,1.2136957553769179,0.8431482258942324
173.png,32.17269867325014,31.95638340907442,poisson,2,0.7888888888888889,26.179990138458713,27.642278688247757,24.29085440325427,26.795260238076402,27.57163605377687,24.50216542949051,1.4622885497890437,0.7763758157004688
173.png,32.17269867325014,31.95638340907442,poisson,3,0.6833333333333333,25.54942308077483,27.303651345378498,23.791463131334986,26.030030295337568,27.404546335617255,24.050569335014252,1.7542282646036682,1.374516040279687
173.png,32.17269867325014,31.95638340907442,poisson,4,0.5777777777777777,24.8319360678023,26.79241284809344,23.16537589303134,25.290154274464495,26.819692766092984,23.598938599383583,1.9604767802911418,1.5295384916284895
173.png,32.17269867325014,31.95638340907442,poisson,5,0.4722222222222222,23.961817957344074,26.36756275220748,22.474216527707128,24.406437778158985,26.555183067710505,22.894580924705195,2.4057447948634056,2.1487452895515204
173.png,32.17269867325014,31.95638340907442,poisson,6,0.3666666666666667,22.875350189022296,25.716884363258885,21.58503234046973,23.464480828058726,25.753749080242923,21.992466512337288,2.841534174236589,2.289268252184197
173.png,32.17269867325014,31.95638340907442,poisson,7,0.26111111111111107,21.44021519986886,25.06724585132018,20.413276109595415,21.887323029742873,25.378051034330884,20.751662510441733,3.627030651451321,3.4907280045880107
173.png,32.17269867325014,31.95638340907442,poisson,8,0.15555555555555556,19.290275768552164,23.92979676372108,18.562469364560435,19.808221958221196,24.140318100383563,19.005635544096393,4.639520995168915,4.332096142162367
173.png,32.17269867325014,31.95638340907442,poisson,9,0.05,14.725951768904865,21.73298512525985,14.47999302050188,14.74426704384095,21.86667034514999,14.376100702812913,7.007033356354986,7.122403301309042
173.png,32.17269867325014,31.95638340907442,jpeg,0,95.0,43.77210994464206,32.130790299982216,32.0024826884549,43.39532716426711,31.86995725411294,31.776961065703446,-11.641319644659845,-11.525369910154168
173.png,32.17269867325014,31.95638340907442,jpeg,1,85.0,39.38611274965952,32.20054971821918,32.472950645107886,38.921702770517456,31.941661336895272,32.20565433778201,-7.1855630314403385,-6.980041433622183
173.png,32.17269867325014,31.95638340907442,jpeg,2,75.0,38.02402723962218,32.3514484430837,32.9254883318026,37.611125833269,32.19262003467313,32.74340113348312,-5.672578796538481,-5.4185057985958665
173.png,32.17269867325014,31.95638340907442,jpeg,3,65.0,37.20817855182491,32.462372872894775,33.21669967762644,36.60394088108226,32.17994703985787,32.90481966446875,-4.745805678930132,-4.423993841224387
173.png,32.17269867325014,31.95638340907442,jpeg,4,55.0,36.52770164667881,32.63147619792788,33.58893999944816,35.99517121478364,32.38018913920034,33.285017554593765,-3.8962254487509256,-3.614982075583299
173.png,32.17269867325014,31.95638340907442,jpeg,5,45.0,35.95347079291039,32.738851776810996,33.99444251752156,35.35875663316797,32.45270780330783,33.74251689215092,-3.214619016099391,-2.90604882986014
173.png,32.17269867325014,31.95638340907442,jpeg,6,35.0,35.30459499376343,32.84036212209719,34.586460004722866,34.66250601339043,32.398300665480605,33.942011635363485,-2.4642328716662405,-2.2642053479098223
173.png,32.17269867325014,31.95638340907442,jpeg,7,25.0,34.46561574896791,32.999464486408726,35.93702088194281,33.7541269440803,32.49452547708108,35.015796273727744,-1.4661512625591868,-1.2596014669992144
173.png,32.17269867325014,31.95638340907442,jpeg,8,15.0,33.26831513984534,32.55274329197916,37.003719418695496,32.19506906420003,31.86882335664414,35.76337826841089,-0.7155718478661797,-0.3262457075558878
173.png,32.17269867325014,31.95638340907442,jpeg,9,5.0,29.61092183495211,29.35928052056528,36.4468781117461,28.117887191675443,28.045599220321154,34.307270035041284,-0.251641314386827,-0.07228797135428877
173.png,32.17269867325014,31.95638340907442,blur,0,1.0,inf,32.1727205620458,32.1727205620458,inf,31.956405172495664,31.956405172495664,-inf,-inf
173.png,32.17269867325014,31.95638340907442,blur,1,5.0,35.71195676212079,33.56356014879273,40.95918243979326,35.88063593235304,33.614874738024255,40.67868164454034,-2.1483966133280603,-2.265761194328782
173.png,32.17269867325014,31.95638340907442,blur,2,9.0,33.502717521779246,32.938438408228635,45.52891428783753,33.349686682936635,32.903285360704224,45.952137168088,-0.5642791135506116,-0.44640132223241125
173.png,32.17269867325014,31.95638340907442,blur,3,11.0,32.92477182250471,32.60645279012643,46.78396120374848,32.61161159874046,32.380618929742916,47.70269131084025,-0.31831903237827675,-0.23099266899754411
173.png,32.17269867325014,31.95638340907442,blur,4,15.0,31.982681113964514,31.92222605095911,48.27513998085437,31.354010665931806,31.214227257102976,49.89206929929209,-0.06045506300540282,-0.1397834088288299
173.png,32.17269867325014,31.95638340907442,blur,5,19.0,31.2383278032468,31.284861412871425,48.44995669350926,30.339212266536943,30.213582309547707,51.198524353545636,0.04653360962462472,-0.1256299569892363
173.png,32.17269867325014,31.95638340907442,blur,6,21.0,30.953268656618427,31.02079764899797,47.836807835448695,29.93888161087331,29.840664670478674,51.35297037942099,0.06752899237954324,-0.0982169403946358
173.png,32.17269867325014,31.95638340907442,blur,7,25.0,30.358603186588105,30.439394863862507,48.113711251405824,29.156712828200277,29.013905741896803,51.98748079163682,0.08079167727440151,-0.14280708630347405
173.png,32.17269867325014,31.95638340907442,blur,8,29.0,29.8744037567355,29.948153912427617,47.922053437902726,28.50267664658177,28.341439713421952,52.153502902783515,0.0737501556921174,-0.1612369331598167
173.png,32.17269867325014,31.95638340907442,blur,9,31.0,29.64738360721956,29.731247627919988,47.17780631053964,28.227172747635905,28.086380904235707,52.05965848133754,0.0838640207004282,-0.1407918434001978
174.png,33.924405856431015,32.6270297371621,poisson,0,1.0,26.676799425346903,27.851773141186733,24.67265162291322,27.59733110365228,28.08526668041921,25.210638264950504,1.1749737158398297,0.48793557676692956
174.png,33.924405856431015,32.6270297371621,poisson,1,0.8944444444444445,26.19956474046289,27.480007395383424,24.275401497499118,27.166357267051872,27.91813324860076,24.939095533212395,1.2804426549205346,0.7517759815488887
174.png,33.924405856431015,32.6270297371621,poisson,2,0.7888888888888889,25.6693449461244,27.38323559805901,23.919288737936007,26.691365392430633,27.916601583413645,24.69484714791777,1.7138906519346087,1.2252361909830114
174.png,33.924405856431015,32.6270297371621,poisson,3,0.6833333333333333,25.042961378307254,26.900844022768172,23.364322171676356,26.006379397907793,27.361759393907825,24.082630234091287,1.8578826444609184,1.355379996000032
174.png,33.924405856431015,32.6270297371621,poisson,4,0.5777777777777777,24.27850191889732,26.34802958734433,22.707948296503204,25.260254831972418,26.706991620038018,23.485843881607828,2.0695276684470123,1.4467367880656
174.png,33.924405856431015,32.6270297371621,poisson,5,0.4722222222222222,23.41001651895752,25.795526774477317,21.95665650071526,24.377364916635305,26.298929407761037,22.662095889245588,2.3855102555197973,1.9215644911257321
174.png,33.924405856431015,32.6270297371621,poisson,6,0.3666666666666667,22.32126974335023,25.19134542552516,21.047441036776917,23.37973307772229,25.89593002824836,21.89763904204492,2.8700756821749316,2.516196950526073
174.png,33.924405856431015,32.6270297371621,poisson,7,0.26111111111111107,20.855171267235693,24.34359850850778,19.795287833827597,21.77985077058558,24.778436771578853,20.51033342678126,3.4884272412720883,2.9985860009932743
174.png,33.924405856431015,32.6270297371621,poisson,8,0.15555555555555556,18.642266096373234,23.1710576667184,17.919243825017542,19.62315459518608,23.93687818855622,18.890996750139657,4.528791570345167,4.313723593370142
174.png,33.924405856431015,32.6270297371621,poisson,9,0.05,14.004130184716413,20.59489995628995,13.69999033051174,14.729182910411147,21.545410657501524,14.4260092659767,6.590769771573537,6.816227747090377
174.png,33.924405856431015,32.6270297371621,jpeg,0,95.0,45.990546836059934,33.86010314754345,33.790541769102816,44.78479708016934,32.617120395836544,32.53805711949154,-12.130443688516486,-12.167676684332797
174.png,33.924405856431015,32.6270297371621,jpeg,1,85.0,41.94781076998193,34.00523835664926,34.16919543839898,40.44729052103384,32.6028556446988,32.81820010203325,-7.94257241333267,-7.844434876335043
174.png,33.924405856431015,32.6270297371621,jpeg,2,75.0,40.31924057366016,34.11767164440426,34.43241782647099,38.81385399639327,32.85581798520751,33.21398124805091,-6.201568929255899,-5.9580360111857615
174.png,33.924405856431015,32.6270297371621,jpeg,3,65.0,39.271833988976674,34.18203431051133,34.65371988923617,37.84292061300024,32.86113960554949,33.298476808249426,-5.089799678465347,-4.981781007450749
174.png,33.924405856431015,32.6270297371621,jpeg,4,55.0,38.42375323558993,34.265293483165145,34.93163343824979,37.05547096471291,32.935671350038234,33.45859467472492,-4.158459752424783,-4.119799614674676
174.png,33.924405856431015,32.6270297371621,jpeg,5,45.0,37.73119919198337,34.20262767659031,35.08397809931974,36.43428889961566,32.73727823687502,33.34832534365873,-3.528571515393061,-3.697010662740638
174.png,33.924405856431015,32.6270297371621,jpeg,6,35.0,36.933047394217596,34.23411262081301,35.54962645235768,35.665296830601086,32.783715627272244,33.727153951648326,-2.698934773404588,-2.8815812033288424
174.png,33.924405856431015,32.6270297371621,jpeg,7,25.0,35.85886651466447,34.133272719697906,36.1964315140087,34.46463677846102,32.391812156703885,33.51460385833505,-1.7255937949665636,-2.0728246217571353
174.png,33.924405856431015,32.6270297371621,jpeg,8,15.0,34.21903913765245,33.54887766194893,37.205582726345156,32.48101655257879,31.594557308458025,33.36311594005319,-0.670161475703523,-0.8864592441207613
174.png,33.924405856431015,32.6270297371621,jpeg,9,5.0,29.78544654121352,29.636870152734588,36.95342581012259,27.66717577654275,27.685387427140363,31.196810029442542,-0.14857638847893284,0.018211650597613982
174.png,33.924405856431015,32.6270297371621,blur,0,1.0,inf,33.92440324374452,33.92440324374452,inf,32.62708520065631,32.62708520065631,-inf,-inf
174.png,33.924405856431015,32.6270297371621,blur,1,5.0,38.97853299884186,35.730497126380044,40.633484360370105,36.700742036340735,33.81966605645138,37.99601269124368,-3.248035872461813,-2.881075979889353
174.png,33.924405856431015,32.6270297371621,blur,2,9.0,35.999435996080706,35.23297960573706,43.98914695612576,33.370734684434204,32.81016645397046,38.36455227924021,-0.7664563903436488,-0.560568230463744
174.png,33.924405856431015,32.6270297371621,blur,3,11.0,35.245678217025464,34.812458013319755,44.23355042116829,32.41850622589999,32.11835318405426,37.31395934048083,-0.4332202037057087,-0.3001530418457321
174.png,33.924405856431015,32.6270297371621,blur,4,15.0,34.129762026567974,33.99631906091471,44.30744313101268,30.866578268528443,31.009721025001458,36.333985474262676,-0.1334429656532663,0.143142756473015
174.png,33.924405856431015,32.6270297371621,blur,5,19.0,33.327577608680286,33.280739801837605,43.587369247541645,29.646215169044076,30.00283609042386,35.12506807356858,-0.04683780684268157,0.35662092137978263
174.png,33.924405856431015,32.6270297371621,blur,6,21.0,33.036162917539116,33.004741661266436,43.25867062861964,29.152261715914698,29.609240653000608,34.69436368044005,-0.03142125627267944,0.45697893708591053
174.png,33.924405856431015,32.6270297371621,blur,7,25.0,32.462566445106,32.44535635722926,42.25927013246131,28.19292349343016,28.792943238828684,33.481865377930546,-0.017210087876740943,0.600019745398523
174.png,33.924405856431015,32.6270297371621,blur,8,29.0,31.992537922043805,32.040280554771826,42.73165426855702,27.355926704280176,28.21083126902238,34.14946165263999,0.047742632728020595,0.8549045647422027
174.png,33.924405856431015,32.6270297371621,blur,9,31.0,31.785374579802937,31.857724401126205,43.047589405554376,26.996941535789894,27.908748082729694,34.541246167826856,0.07234982132326806,0.9118065469398005
175.png,32.267082688817304,31.89100872850433,poisson,0,1.0,26.44547323772943,27.92184612938958,24.55183688446947,26.378696177735232,27.530459035454005,24.274605334943857,1.476372891660148,1.1517628577187722
175.png,32.267082688817304,31.89100872850433,poisson,1,0.8944444444444445,25.956608319954384,27.602627969756707,24.13659639246292,26.01294023890134,27.169375674047135,23.962488960062622,1.646019649802323,1.156435435145795
175.png,32.267082688817304,31.89100872850433,poisson,2,0.7888888888888889,25.39995060173962,27.47442647442714,23.774876967452766,25.404917871842425,26.843404280206478,23.353308143349835,2.074475872687522,1.438486408364053
175.png,32.267082688817304,31.89100872850433,poisson,3,0.6833333333333333,24.797922973188907,27.04432919535752,23.245687196530447,24.842950595844297,26.728100415124842,23.085411248658897,2.2464062221686127,1.8851498192805458
175.png,32.267082688817304,31.89100872850433,poisson,4,0.5777777777777777,24.082082091585228,26.641434870349322,22.639587045474507,24.043108936486412,26.28146855789492,22.355376839592736,2.5593527787640937,2.2383596214085095
175.png,32.267082688817304,31.89100872850433,poisson,5,0.4722222222222222,23.22398221769536,26.159931289295177,21.932916930445586,23.16955835487413,25.74156590488235,21.677760169079214,2.935949071599815,2.5720075500082196
175.png,32.267082688817304,31.89100872850433,poisson,6,0.3666666666666667,22.131883019033904,25.615904048899957,21.039826385498003,22.167644818028318,25.37625568857007,20.891182669663078,3.484021029866053,3.208610870541751
175.png,32.267082688817304,31.89100872850433,poisson,7,0.26111111111111107,20.689983614748968,24.934945539175605,19.84286560454125,20.58529024084183,24.779292279950184,19.631735494213572,4.244961924426637,4.194002039108355
175.png,32.267082688817304,31.89100872850433,poisson,8,0.15555555555555556,18.538488717459003,23.87287601304777,17.968192087261762,18.461799942885783,23.34091302700589,17.7183915216824,5.3343872955887655,4.879113084120107
175.png,32.267082688817304,31.89100872850433,poisson,9,0.05,14.064685382060656,21.557042237780635,13.918736431190892,13.83037620740848,21.141417184126734,13.644481739356621,7.492356855719979,7.311040976718253
175.png,32.267082688817304,31.89100872850433,jpeg,0,95.0,43.969866172299376,32.19656786078757,32.08795968255465,43.739317428894715,31.778891670541984,31.671325638551874,-11.773298311511809,-11.96042575835273
175.png,32.267082688817304,31.89100872850433,jpeg,1,85.0,39.75544352708916,32.30779148482847,32.57402596466248,39.6872296575036,31.955367801257065,32.283008103500876,-7.447652042260692,-7.731861856246535
175.png,32.267082688817304,31.89100872850433,jpeg,2,75.0,38.42983118832751,32.40874463433505,32.9121514239618,38.26307398947053,31.971757453598872,32.38295614378911,-6.021086553992461,-6.291316535871655
175.png,32.267082688817304,31.89100872850433,jpeg,3,65.0,37.606257836820006,32.49206869594689,33.15869139017595,37.362424226330035,31.99553659106421,32.575790472409565,-5.1141891408731155,-5.366887635265826
175.png,32.267082688817304,31.89100872850433,jpeg,4,55.0,36.934045873811044,32.64193985240334,33.48921802421436,36.519218303814306,32.15095870642734,32.76701254171178,-4.2921060214077045,-4.368259597386967
175.png,32.267082688817304,31.89100872850433,jpeg,5,45.0,36.39010113715671,32.677523715922725,33.849071723137826,35.910304081610875,32.159781927222035,32.98064155058468,-3.7125774212339877,-3.7505221543888396
175.png,32.267082688817304,31.89100872850433,jpeg,6,35.0,35.77151581196628,32.836846232899155,34.410220021093,35.1917908682737,32.23486486739913,33.26513703345234,-2.934669579067126,-2.9569260008745673
175.png,32.267082688817304,31.89100872850433,jpeg,7,25.0,34.972273449663156,32.91935987543839,35.35286258529579,34.11773867770678,32.105173137059204,33.45356763205976,-2.0529135742247675,-2.0125655406475786
175.png,32.267082688817304,31.89100872850433,jpeg,8,15.0,33.790004469177646,32.441789694451536,35.892979801125094,32.32134132113198,31.112540200747915,33.38520825140715,-1.3482147747261095,-1.2088011203840665
175.png,32.267082688817304,31.89100872850433,jpeg,9,5.0,29.759973469782036,29.194871587165068,34.82825234360763,27.66532880346086,27.39322758260917,31.133097809993927,-0.5651018826169683,-0.2721012208516882
175.png,32.267082688817304,31.89100872850433,blur,0,1.0,inf,32.26706145351797,32.26706145351797,inf,31.89102735886504,31.89102735886504,-inf,-inf
175.png,32.267082688817304,31.89100872850433,blur,1,5.0,36.20794416906927,33.24777433859716,39.51718109965355,35.762274102304424,33.009126752818936,38.78596127024627,-2.960169830472111,-2.753147349485488
175.png,32.267082688817304,31.89100872850433,blur,2,9.0,33.66302472279734,32.526874485933575,42.98947765263078,32.41759918551194,31.697566059590123,43.08742340571718,-1.136150236863763,-0.720033125921816
175.png,32.267082688817304,31.89100872850433,blur,3,11.0,32.959413484228925,32.18871595233752,44.41830114078108,31.435376134747415,30.95290367630225,44.70093411732339,-0.7706975318914076,-0.48247245844516584
175.png,32.267082688817304,31.89100872850433,blur,4,15.0,31.790902420127836,31.48782530668393,46.32240423158632,29.828355321425263,29.525085575065802,47.18349384718973,-0.303077113443905,-0.3032697463594616
175.png,32.267082688817304,31.89100872850433,blur,5,19.0,30.85090276534772,30.83043930638557,46.872619152190694,28.585600807239434,28.330274869792824,48.52830000189354,-0.02046345896214774,-0.25532593744661014
175.png,32.267082688817304,31.89100872850433,blur,6,21.0,30.48267375801705,30.516722090960485,46.90632095633064,28.109397752547665,27.849539435801873,49.01518815700446,0.0340483329434349,-0.25985831674579174
175.png,32.267082688817304,31.89100872850433,blur,7,25.0,29.7380369142161,29.870447772429678,46.86432978501415,27.19467129309187,26.943675682469216,49.8265954719999,0.13241085821357856,-0.2509956106226525
175.png,32.267082688817304,31.89100872850433,blur,8,29.0,29.13569705444594,29.284671762519345,47.292552876945315,26.44573425160161,26.207875103795786,50.56829355460846,0.1489747080734034,-0.23785914780582473
175.png,32.267082688817304,31.89100872850433,blur,9,31.0,28.86191773828945,29.008827013834797,47.72152297487108,26.121725748950908,25.898351938217978,51.0012358381747,0.14690927554534738,-0.22337381073293017
176.png,33.10872596256045,31.289918948033822,poisson,0,1.0,27.150534055382458,28.211108467457265,25.06180277826879,27.809620909632233,27.78455763932812,25.061285248464223,1.060574412074807,-0.025063270304112706
176.png,33.10872596256045,31.289918948033822,poisson,1,0.8944444444444445,26.665181904930208,27.780731932837952,24.636457166002884,27.284204199799085,27.429201172824737,24.752803511115566,1.1155500279077444,0.14499697302565195
176.png,33.10872596256045,31.289918948033822,poisson,2,0.7888888888888889,26.12134781830937,27.591493767243293,24.24646165589135,26.706631239450033,27.198399332432963,24.323399458329163,1.4701459489339221,0.4917680929829302
176.png,33.10872596256045,31.289918948033822,poisson,3,0.6833333333333333,25.504333808920975,27.153125408891302,23.713189354400587,26.154816686745015,26.841682269310873,23.819906642230283,1.6487915999703269,0.6868655825658578
176.png,33.10872596256045,31.289918948033822,poisson,4,0.5777777777777777,24.774223323151464,26.67698855556278,23.091653535132725,25.248478052937315,26.49981956929175,23.20874203507096,1.9027652324113156,1.251341516354433
176.png,33.10872596256045,31.289918948033822,poisson,5,0.4722222222222222,23.893770717937343,26.087902154587255,22.35475899490052,24.692802059457456,25.958062086783215,22.641824108791017,2.1941314366499114,1.265260027325759
176.png,33.10872596256045,31.289918948033822,poisson,6,0.3666666666666667,22.80714105300904,25.473034039344192,21.456030345837263,23.384957310272057,25.44944223811763,21.73442151838752,2.6658929863351517,2.064484927845573
176.png,33.10872596256045,31.289918948033822,poisson,7,0.26111111111111107,21.34819767515772,24.69126881375277,20.235125204033096,21.925451186132786,24.743183696201328,20.54932976011257,3.3430711385950502,2.8177325100685415
176.png,33.10872596256045,31.289918948033822,poisson,8,0.15555555555555556,19.100150428689552,23.48230730307452,18.3271527039139,19.68080747474499,23.529281792625312,18.697322330552325,4.382156874384968,3.8484743178803207
176.png,33.10872596256045,31.289918948033822,poisson,9,0.05,14.468532378965469,20.25647005413315,14.005927465815278,14.855546925655377,20.3465664784703,14.332927384502273,5.787937675167681,5.491019552814924
176.png,33.10872596256045,31.289918948033822,jpeg,0,95.0,44.1635475435303,33.0235044816616,32.89585162683729,43.50200525358255,31.224825394791218,31.12145963210089,-11.140043061868703,-12.277179858791335
176.png,33.10872596256045,31.289918948033822,jpeg,1,85.0,39.92242712801302,33.166589436582036,33.47389377112733,38.80252875859528,31.28961288688345,31.51219473961609,-6.755837691430983,-7.512915871711829
176.png,33.10872596256045,31.289918948033822,jpeg,2,75.0,38.566698628101555,33.25724603178904,33.84769237971235,37.34009389427156,31.395868778746888,31.854351800241766,-5.309452596312518,-5.944225115524674
176.png,33.10872596256045,31.289918948033822,jpeg,3,65.0,37.73261378178904,33.41377915220211,34.22079458572186,36.48368777656759,31.45829527255943,31.95140276164121,-4.318834629586931,-5.025392504008163
176.png,33.10872596256045,31.289918948033822,jpeg,4,55.0,37.0459081911368,33.52040937981262,34.590661148688426,35.77683733853048,31.477380641165773,32.049747696098606,-3.5254988113241836,-4.299456697364704
176.png,33.10872596256045,31.289918948033822,jpeg,5,45.0,36.48451332185297,33.626437026346856,35.02203091489172,35.17674634253303,31.67923630516271,32.4956795425664,-2.858076295506116,-3.4975100373703185
176.png,33.10872596256045,31.289918948033822,jpeg,6,35.0,35.84477316929367,33.67311363705059,35.627236204654665,34.50693379238068,31.40441052214498,32.30993055388551,-2.1716595322430763,-3.1025232702357
176.png,33.10872596256045,31.289918948033822,jpeg,7,25.0,35.00614620910459,33.71539616393069,36.742496258074205,33.40366829921323,31.340912845307976,32.252575623673884,-1.2907500451739011,-2.062755453905254
176.png,33.10872596256045,31.289918948033822,jpeg,8,15.0,33.713373902177246,33.288159627551806,38.28881364991714,31.666389037598762,30.4940361785194,31.999558532770138,-0.42521427462543926,-1.1723528590793606
176.png,33.10872596256045,31.289918948033822,jpeg,9,5.0,29.912745017335858,29.83058046342761,37.70338961730343,26.770889302756974,26.571800306987022,30.020678910105243,-0.08216455390824962,-0.19908899576995154
176.png,33.10872596256045,31.289918948033822,blur,0,1.0,inf,33.108746231272754,33.108746231272754,inf,31.290018928590126,31.290018928590126,-inf,-inf
176.png,33.10872596256045,31.289918948033822,blur,1,5.0,37.44851285422024,35.0611081326894,41.4451296087297,34.7590558906219,32.57582892332822,38.34112022369091,-2.3874047215308423,-2.1832269672936846
176.png,33.10872596256045,31.289918948033822,blur,2,9.0,35.278585734512184,34.70859531461291,45.8565349204614,31.723425490543043,31.34795071692308,42.59630962259752,-0.5699904198992769,-0.3754747736199633
176.png,33.10872596256045,31.289918948033822,blur,3,11.0,34.739605685274626,34.41494907193823,46.771745562300715,30.88871068812475,30.69096717205256,43.76359672206231,-0.3246566133363942,-0.19774351607219032
176.png,33.10872596256045,31.289918948033822,blur,4,15.0,33.91142937442447,33.80223299346118,47.12926970393791,29.516350776312883,29.45767293795383,44.963716935135984,-0.1091963809632901,-0.058677838359052714
176.png,33.10872596256045,31.289918948033822,blur,5,19.0,33.27857281119059,33.23969749667149,47.1794711444202,28.38993595595875,28.344000686772695,45.42479011681793,-0.0388753145191032,-0.045935269186056615
176.png,33.10872596256045,31.289918948033822,blur,6,21.0,33.033741035771214,33.00737794886532,47.35907561865012,27.918406598735075,27.86750553644118,45.52887919935537,-0.026363086905895727,-0.050901062293895905
176.png,33.10872596256045,31.289918948033822,blur,7,25.0,32.52824699943557,32.494920165184105,46.07955226711642,26.952031389276524,26.93165943417444,44.75892421563698,-0.033326834251461435,-0.020371955102085337
176.png,33.10872596256045,31.289918948033822,blur,8,29.0,32.099592240111804,32.024036759204236,44.52251703667511,26.08266016110155,26.075026311689076,44.01770389170538,-0.07555548090756758,-0.007633849412474802
176.png,33.10872596256045,31.289918948033822,blur,9,31.0,31.90430737054998,31.85215440908265,45.04380768529778,25.710379402338425,25.662680527482227,44.72656514557896,-0.052152961467328396,-0.047698874856198614
177.png,31.828680976761255,30.808770684559427,poisson,0,1.0,26.388538297177433,27.630589670432517,24.345052309824013,26.112937732104704,26.22986994410158,23.444543939285328,1.2420513732550837,0.11693221199687542
177.png,31.828680976761255,30.808770684559427,poisson,1,0.8944444444444445,25.845772713779887,27.373612019062318,23.94032260442547,25.582077681628977,26.056446177913024,23.096318851833225,1.5278393052824306,0.47436849628404687
177.png,31.828680976761255,30.808770684559427,poisson,2,0.7888888888888889,25.34176008763805,27.15135441526877,23.568659239580573,24.99668676879995,25.772196918844188,22.658171879271862,1.8095943276307196,0.7755101500442372
177.png,31.828680976761255,30.808770684559427,poisson,3,0.6833333333333333,24.738678233012564,26.827702779160628,23.085807175708087,24.38676938674718,25.55424815496424,22.21006028673955,2.089024546148064,1.1674787682170624
177.png,31.828680976761255,30.808770684559427,poisson,4,0.5777777777777777,23.98510741236565,26.386851814005436,22.484940405706652,23.73109932640352,25.06488479318593,21.735726523182826,2.4017444016397853,1.333785466782409
177.png,31.828680976761255,30.808770684559427,poisson,5,0.4722222222222222,23.17998722456101,25.906097660829793,21.787789850238113,22.833818965724554,24.528742642935125,20.94311068311231,2.726110436268783,1.6949236772105714
177.png,31.828680976761255,30.808770684559427,poisson,6,0.3666666666666667,22.075640769975017,25.358767568525906,20.906749163317407,21.752946665396387,23.90133864344643,20.09932274088747,3.2831267985508887,2.148391978050043
177.png,31.828680976761255,30.808770684559427,poisson,7,0.26111111111111107,20.659795908430674,24.54021453756952,19.677529044408242,20.290865683320582,23.36358110872861,18.934084492453817,3.8804186291388447,3.0727154254080276
177.png,31.828680976761255,30.808770684559427,poisson,8,0.15555555555555556,18.527827150688655,23.408346492129894,17.8337628229666,18.20162893231472,22.409996465098253,17.20568304606519,4.880519341441239,4.208367532783534
177.png,31.828680976761255,30.808770684559427,poisson,9,0.05,14.176209066818135,21.058282587179498,13.911843886806658,13.723328386835721,20.623378527917954,13.354232102987103,6.882073520361363,6.900050141082232
177.png,31.828680976761255,30.808770684559427,jpeg,0,95.0,44.24422945110739,31.792961690466015,31.73965281710902,44.16758833061587,30.76784960719867,30.719862440349498,-12.451267760641372,-13.399738723417201
177.png,31.828680976761255,30.808770684559427,jpeg,1,85.0,40.196661411346206,31.841289626395188,32.10333234450802,39.9987754692406,30.838940573446653,31.000836608887337,-8.355371784951018,-9.159834895793946
177.png,31.828680976761255,30.808770684559427,jpeg,2,75.0,38.80821215342391,31.941051411882725,32.380484436857174,38.525017144246256,30.88681006003239,31.13185593868167,-6.867160741541184,-7.638207084213867
177.png,31.828680976761255,30.808770684559427,jpeg,3,65.0,37.919532320169196,31.953535110091316,32.48575174105186,37.56283523560683,31.059229589731196,31.346845262645402,-5.96599721007788,-6.503605645875638
177.png,31.828680976761255,30.808770684559427,jpeg,4,55.0,37.17722997830893,32.03081449956173,32.680605919071944,36.71272886757475,31.06810199388135,31.31778502633647,-5.146415478747201,-5.644626873693397
177.png,31.828680976761255,30.808770684559427,jpeg,5,45.0,36.526794632610546,32.06138218933198,32.85786863026142,35.94343492649321,30.941679608370194,31.201589377393816,-4.4654124432785665,-5.001755318123017
177.png,31.828680976761255,30.808770684559427,jpeg,6,35.0,35.791332604208975,32.183693684499644,33.26094308359336,35.116721495011056,30.98166066141451,31.382397910306715,-3.6076389197093306,-4.1350608335965475
177.png,31.828680976761255,30.808770684559427,jpeg,7,25.0,34.802569461962584,32.079100344822905,33.65085454196206,33.875897685557426,30.774200323218054,31.30571023071246,-2.723469117139679,-3.1016973623393724
177.png,31.828680976761255,30.808770684559427,jpeg,8,15.0,33.206603097094295,31.579143137773023,33.965269371651495,31.86221020701753,29.736711821338233,30.519840987112072,-1.6274599593212713,-2.125498385679297
177.png,31.828680976761255,30.808770684559427,jpeg,9,5.0,28.960863822311428,28.507760326172757,32.56578948559194,26.501063529510944,25.92009530201838,28.437881469895068,-0.4531034961386702,-0.580968227492562
177.png,31.828680976761255,30.808770684559427,blur,0,1.0,inf,31.828715150819416,31.828715150819416,inf,30.808769095806888,30.808769095806888,-inf,-inf
177.png,31.828680976761255,30.808770684559427,blur,1,5.0,32.80785456804155,31.61139627369241,37.72382125780923,35.302801706620784,31.283715508117844,35.72589846604002,-1.1964582943491386,-4.01908619850294
177.png,31.828680976761255,30.808770684559427,blur,2,9.0,29.454286247963992,29.3366840519204,40.40234659942669,31.146125399881825,29.498681980942358,38.36374472160394,-0.11760219604359179,-1.647443418939467
177.png,31.828680976761255,30.808770684559427,blur,3,11.0,28.551950633736702,28.3770277265803,41.08451554406489,29.883466327960384,28.619980774099734,39.270640199782925,-0.17492290715640024,-1.2634855538606509
177.png,31.828680976761255,30.808770684559427,blur,4,15.0,27.253876831325407,27.144059351587693,41.30665581503224,27.79131576010566,26.858334586108327,40.34698781334463,-0.10981747973771405,-0.9329811739973337
177.png,31.828680976761255,30.808770684559427,blur,5,19.0,26.34043842218777,26.376744806905428,41.09542350730324,26.19384571193294,25.365162529669348,40.64320449036211,0.036306384717658347,-0.8286831822635925
177.png,31.828680976761255,30.808770684559427,blur,6,21.0,26.01875091543091,26.11311144128283,40.96657727456322,25.572442452665985,24.760607223011917,40.626234049972524,0.09436052585191845,-0.8118352296540685
177.png,31.828680976761255,30.808770684559427,blur,7,25.0,25.34739204186962,25.496432808290418,41.021226828080906,24.443337737043738,23.67302310220626,40.63444500049804,0.14904076642079644,-0.7703146348374794
177.png,31.828680976761255,30.808770684559427,blur,8,29.0,24.78302301035893,24.96829572133397,41.21114825394243,23.57617929098339,22.83305383319247,40.594352949643344,0.18527271097503828,-0.7431254577909208
177.png,31.828680976761255,30.808770684559427,blur,9,31.0,24.52694912462922,24.716152999992683,41.26894500896614,23.22052210038638,22.49201074219834,40.60010107995537,0.1892038753634644,-0.7285113581880402
178.png,34.90887567207856,36.85603338765097,poisson,0,1.0,27.664274916620606,29.04889578417835,25.702144609659086,28.684089932168657,29.96943725185064,26.677141766311543,1.384620867557743,1.285347319681982
178.png,34.90887567207856,36.85603338765097,poisson,1,0.8944444444444445,27.15132875663304,28.57504502511926,25.251751559120667,28.22662704162409,29.587232897833154,26.35611317310504,1.4237162684862206,1.3606058562090624
178.png,34.90887567207856,36.85603338765097,poisson,2,0.7888888888888889,26.618048230957765,28.35824476737468,24.85287028327174,27.59692755695315,29.201251941431558,25.832900202947513,1.7401965364169136,1.6043243844784065
178.png,34.90887567207856,36.85603338765097,poisson,3,0.6833333333333333,25.988857583227198,27.78368090298674,24.2511051329755,26.970400265707024,28.697634182660387,25.240477386081007,1.7948233197595442,1.727233916953363
178.png,34.90887567207856,36.85603338765097,poisson,4,0.5777777777777777,25.29661746534899,27.25459265672278,23.6387738946382,26.175362375595626,28.13415487094349,24.503268015235694,1.9579751913737908,1.9587924953478648
178.png,34.90887567207856,36.85603338765097,poisson,5,0.4722222222222222,24.425800606039182,26.798833068368243,22.935806156206127,25.38476645608382,27.676508898737215,23.87177979700647,2.3730324623290606,2.291742442653394
178.png,34.90887567207856,36.85603338765097,poisson,6,0.3666666666666667,23.33127220171214,26.02873472778502,21.970457466765527,24.334508891506314,27.01588006329679,22.940421353666846,2.697462526072883,2.6813711717904773
178.png,34.90887567207856,36.85603338765097,poisson,7,0.26111111111111107,21.89085075407496,25.08748238140538,20.7199014093878,22.760176450818264,26.077495113635536,21.546847432212953,3.1966316273304187,3.3173186628172715
178.png,34.90887567207856,36.85603338765097,poisson,8,0.15555555555555556,19.714967754654975,23.860615463440276,18.82740315210508,20.47375529263843,24.752601119675305,19.526984667476025,4.145647708785301,4.278845827036875
178.png,34.90887567207856,36.85603338765097,poisson,9,0.05,15.07836091545119,21.34611951144801,14.75723795674261,15.637710485645007,22.23547667286803,15.254679277059417,6.267758595996819,6.597766187223025
178.png,34.90887567207856,36.85603338765097,jpeg,0,95.0,47.15513465543947,34.89508373465184,34.93289628293316,46.815100623591064,36.80339822186681,36.837255174811396,-12.260050920787627,-10.011702401724257
178.png,34.90887567207856,36.85603338765097,jpeg,1,85.0,44.284527933785604,34.97913669831916,35.16890615298484,43.841696589686805,36.93910114320028,37.148141952430166,-9.305391235466445,-6.902595446486522
178.png,34.90887567207856,36.85603338765097,jpeg,2,75.0,42.74632558502201,34.9614509984403,35.25215102120816,42.2874282894615,36.883810047687504,37.1146528303681,-7.784874586581708,-5.403618241773998
178.png,34.90887567207856,36.85603338765097,jpeg,3,65.0,41.74317891171938,34.996373201180326,35.38547631064851,41.118498389867725,36.848122069226925,37.090181469321074,-6.746805710539057,-4.2703763206408
178.png,34.90887567207856,36.85603338765097,jpeg,4,55.0,40.848834209735834,34.90508237681955,35.36951106821391,40.14731622451646,36.66318734700741,36.8983673616244,-5.943751832916284,-3.4841288775090504
178.png,34.90887567207856,36.85603338765097,jpeg,5,45.0,40.09846759522269,34.88329695091993,35.45543267702061,39.261275894870835,36.7019567349181,36.89022149137492,-5.215170644302759,-2.559319159952736
178.png,34.90887567207856,36.85603338765097,jpeg,6,35.0,39.185680233585735,34.841518801057305,35.7330046587029,38.26262701526909,36.30131841023409,36.5015313013256,-4.344161432528431,-1.9613086050350006
178.png,34.90887567207856,36.85603338765097,jpeg,7,25.0,37.90985868705067,34.57658399680179,35.74162879508059,36.843723869444055,35.61978381169189,36.322690575573134,-3.333274690248885,-1.2239400577521664
178.png,34.90887567207856,36.85603338765097,jpeg,8,15.0,35.71533344503394,33.6509530285315,35.42437397868402,34.19803656057711,33.805055930913944,35.02001319671759,-2.064380416502445,-0.39298062966316394
178.png,34.90887567207856,36.85603338765097,jpeg,9,5.0,30.15163777688308,29.257409223012072,33.277571106815856,27.761910768037215,27.815415908331914,31.34909974757108,-0.8942285538710095,0.05350514029469977
178.png,34.90887567207856,36.85603338765097,blur,0,1.0,inf,34.908950331102304,34.908950331102304,inf,36.85597757344202,36.85597757344202,-inf,-inf
178.png,34.90887567207856,36.85603338765097,blur,1,5.0,40.66786400053814,35.328233261839934,37.89327313582497,40.560665101179694,37.078266705225886,41.144595990159885,-5.3396307386982045,-3.4823983959538083
178.png,34.90887567207856,36.85603338765097,blur,2,9.0,35.7065771576729,33.79454974238844,39.99717167707344,35.45372403630144,34.5857672560569,44.06250843850949,-1.912027415284463,-0.8679567802445405
178.png,34.90887567207856,36.85603338765097,blur,3,11.0,34.09081576188851,32.76154739439646,40.75146885123243,33.83183234557462,33.25650569989277,45.12610359915358,-1.3292683674920482,-0.575326645681848
178.png,34.90887567207856,36.85603338765097,blur,4,15.0,31.398995252723733,30.65644499219467,42.404873087142256,31.189879365571464,30.802736119687314,47.03325495988779,-0.7425502605290646,-0.3871432458841504
178.png,34.90887567207856,36.85603338765097,blur,5,19.0,29.349808877842257,28.973262054504826,44.614241084863494,29.242072051863943,28.886256842333356,48.322331179266946,-0.3765468233374314,-0.35581520953058643
178.png,34.90887567207856,36.85603338765097,blur,6,21.0,28.556553273423088,28.31486826363207,45.78148264762538,28.501669178108532,28.159651237969694,48.73579311452787,-0.24168500979101637,-0.34201794013883813
178.png,34.90887567207856,36.85603338765097,blur,7,25.0,27.11180653378028,27.043488999444083,47.64267720767444,27.186469185275012,26.865852392798004,49.42993059249523,-0.06831753433619525,-0.3206167924770078
178.png,34.90887567207856,36.85603338765097,blur,8,29.0,25.997464100219787,26.008973034454293,48.8001441590113,26.192473940119363,25.901468209639404,49.98711576445389,0.01150893423450583,-0.29100573047995937
178.png,34.90887567207856,36.85603338765097,blur,9,31.0,25.525804899346554,25.5587173184284,49.16980042322136,25.777659640815553,25.50374610020593,50.34773735194899,0.03291241908184617,-0.27391354060962314
179.png,39.433286596138664,39.56447677876565,poisson,0,1.0,27.12003163304764,29.59867630162861,25.669365698657373,27.754399505736437,30.121118717975563,26.28132604010249,2.478644668580973,2.3667192122391256
179.png,39.433286596138664,39.56447677876565,poisson,1,0.8944444444444445,26.63114037305872,29.13085905788997,25.19601158512238,27.39560958772678,29.79707459055852,25.90920619874137,2.499718684831251,2.4014650028317384
179.png,39.433286596138664,39.56447677876565,poisson,2,0.7888888888888889,26.102533689101012,28.88637036070099,24.776501343931972,26.719959242632385,29.44952354737972,25.308065008962537,2.7838366715999783,2.729564304747335
179.png,39.433286596138664,39.56447677876565,poisson,3,0.6833333333333333,25.48143082666156,28.312787514306592,24.165090770001147,26.104830130131887,28.919742022009068,24.751424573579005,2.831356687645034,2.8149118918771805
179.png,39.433286596138664,39.56447677876565,poisson,4,0.5777777777777777,24.782738448263274,27.652723685661297,23.509275741450793,25.45613407159928,28.307040389918456,24.114281932343452,2.869985237398023,2.8509063183191756
179.png,39.433286596138664,39.56447677876565,poisson,5,0.4722222222222222,23.873366877370394,27.24035525232199,22.749338881599257,24.530859882645316,27.75858024323048,23.367410678122226,3.366988374951596,3.227720360585163
179.png,39.433286596138664,39.56447677876565,poisson,6,0.3666666666666667,22.803768762156622,26.39386265270559,21.782781673975773,23.436591757018064,27.085161113470075,22.29816560902218,3.5900938905489674,3.648569356452011
179.png,39.433286596138664,39.56447677876565,poisson,7,0.26111111111111107,21.344850093149155,25.476834546362866,20.487408443312884,21.956385513665285,26.015887206031927,20.987027262302785,4.131984453213711,4.059501692366641
179.png,39.433286596138664,39.56447677876565,poisson,8,0.15555555555555556,19.164045887063743,24.329152802495532,18.57941451158716,19.769010628457725,25.019848962544103,19.077262742336167,5.165106915431789,5.250838334086378
179.png,39.433286596138664,39.56447677876565,poisson,9,0.05,14.56270658720607,21.755074745054163,14.35654414930796,14.932667178551,22.257075087095807,14.669968462035465,7.192368157848092,7.324407908544806
179.png,39.433286596138664,39.56447677876565,jpeg,0,95.0,49.06494756602641,39.38355884701191,39.457285068235215,48.722863499559736,39.53491780646767,39.61562105033383,-9.6813887190145,-9.187945693092068
179.png,39.433286596138664,39.56447677876565,jpeg,1,85.0,46.145360281669845,39.4346946468558,39.69815482913689,45.74802653387866,39.6813726191693,39.894174158807246,-6.710665634814042,-6.066653914709356
179.png,39.433286596138664,39.56447677876565,jpeg,2,75.0,44.494659712341274,39.434173390840776,39.89570155226462,44.05219488472325,39.572901088998876,39.98013349856727,-5.060486321500498,-4.479293795724374
179.png,39.433286596138664,39.56447677876565,jpeg,3,65.0,43.426526952684064,39.27616799920658,39.97525567637495,42.98247983071207,39.36117534182297,40.016374625439006,-4.150358953477486,-3.621304488889102
179.png,39.433286596138664,39.56447677876565,jpeg,4,55.0,42.4948659814558,39.22827055257305,40.23352867549363,41.95564718017798,39.175733168268124,40.026924640636594,-3.266595428882752,-2.7799140119098524
179.png,39.433286596138664,39.56447677876565,jpeg,5,45.0,41.75607794210812,39.31728733569125,40.67637823408872,41.16751019266096,39.0705546522737,39.95670833153562,-2.438790606416873,-2.0969555403872633
179.png,39.433286596138664,39.56447677876565,jpeg,6,35.0,40.837134264057994,38.83151925660163,40.555317377583464,40.145645572303295,38.63727843094524,39.988766954904925,-2.0056150074563632,-1.5083671413580575
179.png,39.433286596138664,39.56447677876565,jpeg,7,25.0,39.534735178751205,38.19183207736189,40.45361397330525,38.61831818780655,37.74824730769975,39.22820079177387,-1.342903101389318,-0.8700708801068018
179.png,39.433286596138664,39.56447677876565,jpeg,8,15.0,37.298790153405015,36.61879326163242,40.02436950702694,36.05989473057092,35.69330092411962,38.035539895917225,-0.6799968917725963,-0.3665938064512986
179.png,39.433286596138664,39.56447677876565,jpeg,9,5.0,30.92883412513483,30.402370965480934,36.58470729157469,30.183376498989443,30.037376189252324,34.266682700586266,-0.5264631596538969,-0.14600030973711853
179.png,39.433286596138664,39.56447677876565,blur,0,1.0,inf,39.433471147118205,39.433471147118205,inf,39.56442560164387,39.56442560164387,-inf,-inf
179.png,39.433286596138664,39.56447677876565,blur,1,5.0,44.75178928194904,40.2934241502673,43.47974755872134,44.80833539709367,40.69437710858077,43.97712473636151,-4.458365131681738,-4.1139582885129045
179.png,39.433286596138664,39.56447677876565,blur,2,9.0,40.91277567119547,39.42961892997158,45.48264545045533,40.71025937625133,39.539979796469446,46.67135786509445,-1.4831567412238869,-1.1702795797818837
179.png,39.433286596138664,39.56447677876565,blur,3,11.0,39.68149916758387,38.7967844735024,46.04297381556454,39.31331270405784,38.60660280890075,47.50925493168722,-0.8847146940814739,-0.7067098951570898
179.png,39.433286596138664,39.56447677876565,blur,4,15.0,37.528055456271204,37.2962576973652,46.713375625129686,36.834469026948156,36.46550780393728,48.630959667311316,-0.23179775890600496,-0.36896122301087786
179.png,39.433286596138664,39.56447677876565,blur,5,19.0,35.751767000078274,35.79099503656585,46.86651381023546,34.811492796351914,34.518581315400006,49.2506396242654,0.03922803648757878,-0.2929114809519078
179.png,39.433286596138664,39.56447677876565,blur,6,21.0,35.02296955965997,35.11233000736888,46.95577651831954,33.97463027183365,33.67925953420394,49.46153421077989,0.08936044770891272,-0.29537073762970323
179.png,39.433286596138664,39.56447677876565,blur,7,25.0,33.64007563358089,33.773358580625924,47.30939287564178,32.424961264645496,32.0909612713023,49.91303475064106,0.13328294704503207,-0.3339999933431983
179.png,39.433286596138664,39.56447677876565,blur,8,29.0,32.49318197872058,32.64232587474302,47.02065512798767,31.13576720968386,30.834563531227033,49.94344489825102,0.14914389602244427,-0.30120367845682594
179.png,39.433286596138664,39.56447677876565,blur,9,31.0,32.007925452871824,32.16045749557078,46.81863506796012,30.60242151072537,30.31460656071964,49.93085149031069,0.15253204269895804,-0.2878149500057319
18.png,29.771677757766177,31.967714307318104,poisson,0,1.0,26.425307658060735,26.72784290403861,23.964375571825304,27.20033365769781,28.410782523751536,25.061246138626103,0.3025352459778752,1.2104488660537243
18.png,29.771677757766177,31.967714307318104,poisson,1,0.8944444444444445,25.93040652097532,26.306613231661974,23.539219060879635,26.589512021383776,27.996887482210212,24.62979961904363,0.37620671068665246,1.4073754608264366
18.png,29.771677757766177,31.967714307318104,poisson,2,0.7888888888888889,25.41315190832448,26.038610925427534,23.143808268199177,26.039809726791002,27.779589318127236,24.19807613611794,0.6254590171030543,1.7397795913362337
18.png,29.771677757766177,31.967714307318104,poisson,3,0.6833333333333333,24.83732014676654,25.98024511459451,22.824638557164366,25.438656511483625,27.53901555734455,23.726911220632246,1.1429249678279696,2.100359045860923
18.png,29.771677757766177,31.967714307318104,poisson,4,0.5777777777777777,24.120320975564358,25.451045549131635,22.205377418558093,24.757772872083144,27.116733588591885,23.12151129210944,1.3307245735672772,2.35896071650874
18.png,29.771677757766177,31.967714307318104,poisson,5,0.4722222222222222,23.324249961882657,24.914867520571164,21.52622344778715,23.782277535465525,26.859039686335144,22.47809304677026,1.590617558688507,3.0767621508696195
18.png,29.771677757766177,31.967714307318104,poisson,6,0.3666666666666667,22.277211280480223,24.370287400005832,20.704138723807336,22.719828638861518,26.393146519755994,21.490541915688603,2.093076119525609,3.6733178808944764
18.png,29.771677757766177,31.967714307318104,poisson,7,0.26111111111111107,20.874374527695323,23.6972093706775,19.618724631105174,21.29331972815061,25.52138009841947,20.299967959615493,2.822834842982175,4.22806037026886
18.png,29.771677757766177,31.967714307318104,poisson,8,0.15555555555555556,18.797417536782017,22.573322327110436,17.908292536863154,19.216777698596996,24.3963439118479,18.537682843883783,3.7759047903284184,5.179566213250904
18.png,29.771677757766177,31.967714307318104,poisson,9,0.05,14.455030883520717,20.43293627001857,14.262924916883897,14.443597171524512,22.00458100972943,14.207804693790607,5.977905386497852,7.560983838204919
18.png,29.771677757766177,31.967714307318104,jpeg,0,95.0,44.5045250034163,29.79576247802413,29.760941407058205,43.55946496965884,31.897040163074966,31.75363954331063,-14.708762525392167,-11.662424806583875
18.png,29.771677757766177,31.967714307318104,jpeg,1,85.0,40.25918552122712,29.577899233173596,29.72170615359811,39.0889687839315,31.97297866380664,32.232822990379624,-10.68128628805352,-7.115990120124859
18.png,29.771677757766177,31.967714307318104,jpeg,2,75.0,38.80993972668685,29.613423178710676,29.860310789150034,37.82223255126079,32.13093975287065,32.68438337684441,-9.196516547976174,-5.691292798390137
18.png,29.771677757766177,31.967714307318104,jpeg,3,65.0,37.92680052627964,29.94066957933113,30.264455921819874,36.95420570737957,32.281911716349626,32.93542617779507,-7.9861309469485136,-4.672293991029946
18.png,29.771677757766177,31.967714307318104,jpeg,4,55.0,37.169068126937525,29.76354603764502,30.100154611627524,36.176160060890055,32.13979366897951,32.951711228299466,-7.4055220892925036,-4.036366391910548
18.png,29.771677757766177,31.967714307318104,jpeg,5,45.0,36.48816068237562,29.55704567032429,29.950955015834523,35.60793771625224,32.174322824501886,33.1935572055971,-6.9311150120513325,-3.433614891750352
18.png,29.771677757766177,31.967714307318104,jpeg,6,35.0,35.688679270594655,29.760466599350263,30.428829544972405,34.86817031875781,32.15349213613075,33.42776859915838,-5.928212671244392,-2.714678182627061
18.png,29.771677757766177,31.967714307318104,jpeg,7,25.0,34.70164338477015,29.94983393420903,30.888140049874558,33.84916411952549,32.15450063840223,34.118138474371314,-4.751809450561122,-1.694663481123257
18.png,29.771677757766177,31.967714307318104,jpeg,8,15.0,33.03593174017735,29.694638997144153,31.032834760363187,32.3552788484274,31.57302239574141,34.3482704948739,-3.3412927430331933,-0.7822564526859921
18.png,29.771677757766177,31.967714307318104,jpeg,9,5.0,28.67104538975351,27.16544137936975,29.67048796208044,27.78020153934573,27.89963260743025,33.62156976853256,-1.5056040103837596,0.11943106808451986
18.png,29.771677757766177,31.967714307318104,blur,0,1.0,inf,29.77171638898799,29.77171638898799,inf,31.967647002608402,31.967647002608402,-inf,-inf
18.png,29.771677757766177,31.967714307318104,blur,1,5.0,29.057790001703495,28.193675731394734,38.11451122427418,35.96307341113166,33.332060740820374,39.38384842695531,-0.864114270308761,-2.6310126703112857
18.png,29.771677757766177,31.967714307318104,blur,2,9.0,26.962555291940756,26.745500089678483,41.04773554877322,33.20379140413201,32.627777847482015,43.790528621255476,-0.21705520226227293,-0.5760135566499969
18.png,29.771677757766177,31.967714307318104,blur,3,11.0,26.450799767542748,26.28183914461163,42.05484581608091,32.396157510741325,32.07945125541463,45.298030896346475,-0.1689606229311167,-0.31670625532669305
18.png,29.771677757766177,31.967714307318104,blur,4,15.0,25.65692519977267,25.578590336793518,42.525573794604846,31.052495568120627,30.988603114658364,46.680997131622036,-0.07833486297915115,-0.06389245346226247
18.png,29.771677757766177,31.967714307318104,blur,5,19.0,25.084245838620426,25.06918583783408,42.17214112950963,29.948876036914736,29.947288355993237,47.20995162057841,-0.015060000786345284,-0.0015876809214994125
18.png,29.771677757766177,31.967714307318104,blur,6,21.0,24.89772699804223,24.88383004791604,42.07789162473729,29.525763759589697,29.513339720208734,47.36190980712652,-0.013896950126191854,-0.012424039380963592
18.png,29.771677757766177,31.967714307318104,blur,7,25.0,24.47200756864082,24.509418452904303,43.869415499604216,28.670751285239202,28.632565937641132,49.608901624139925,0.03741088426348327,-0.038185347598069797
18.png,29.771677757766177,31.967714307318104,blur,8,29.0,24.185186702603083,24.164841184194547,42.82819166951235,27.97250199528232,27.941970138540576,49.064912732352994,-0.02034551840853638,-0.030531856741745855
18.png,29.771677757766177,31.967714307318104,blur,9,31.0,24.03237172888975,24.016521503891074,42.911797894907124,27.6657760997344,27.632157242802183,49.40138705821673,-0.015850224998676055,-0.03361885693221822
180.png,32.38291955701464,32.07826703232633,poisson,0,1.0,27.569197735676887,28.474556851418292,25.373893706293206,28.884515863113435,29.017088690934237,26.154642252566166,0.9053591157414047,0.13257282782080182
180.png,32.38291955701464,32.07826703232633,poisson,1,0.8944444444444445,27.05876487408368,27.95655004708299,24.904701982802777,28.32609711317922,28.821004568578076,26.020910274731335,0.8977851729993134,0.49490745539885594
180.png,32.38291955701464,32.07826703232633,poisson,2,0.7888888888888889,26.538642871235044,27.77289962264639,24.560991313223205,27.600596081434396,28.647769865119884,25.512505505617025,1.234256751411344,1.047173783685487
180.png,32.38291955701464,32.07826703232633,poisson,3,0.6833333333333333,25.910046824989323,27.309475830814108,23.998749319165903,27.06137701956908,28.136887956410032,24.878532663739396,1.3994290058247856,1.0755109368409528
180.png,32.38291955701464,32.07826703232633,poisson,4,0.5777777777777777,25.19428986880303,27.03726153792673,23.479566648689335,26.35923598769623,27.970083675667723,24.457347742771404,1.8429716691237026,1.6108476879714928
180.png,32.38291955701464,32.07826703232633,poisson,5,0.4722222222222222,24.302054239953492,26.326733129665783,22.660067958707835,25.787369551701893,27.431351202128926,24.00445076361189,2.024678889712291,1.6439816504270333
180.png,32.38291955701464,32.07826703232633,poisson,6,0.3666666666666667,23.200217400595523,25.776732351770054,21.796692162462854,24.440739334763933,26.7940625229582,23.015584430585836,2.5765149511745307,2.353323188194267
180.png,32.38291955701464,32.07826703232633,poisson,7,0.26111111111111107,21.718298832673817,24.881990566284795,20.53278634477271,23.049185399399065,26.026798846970316,21.71498495017722,3.163691733610978,2.977613447571251
180.png,32.38291955701464,32.07826703232633,poisson,8,0.15555555555555556,19.505751511256932,23.951356037392305,18.696499919247124,20.795048117041354,25.257562798086997,19.9959605060453,4.445604526135373,4.4625146810456435
180.png,32.38291955701464,32.07826703232633,poisson,9,0.05,14.745331874969372,21.48933648218902,14.461789255841566,15.754803656049134,22.984754851977918,15.456139289640845,6.744004607219649,7.229951195928784
180.png,32.38291955701464,32.07826703232633,jpeg,0,95.0,43.84518570251723,32.30912019024865,32.19144769253128,43.221620601612194,31.997254251000964,31.799080152416813,-11.536065512268578,-11.22436635061123
180.png,32.38291955701464,32.07826703232633,jpeg,1,85.0,39.62220830374724,32.41805207167174,32.715168572089695,38.76213377964,32.13348981774297,32.40839521395668,-7.204156232075505,-6.628643961897033
180.png,32.38291955701464,32.07826703232633,jpeg,2,75.0,38.29971300159699,32.50969723448915,33.07660692890811,37.435259556127335,32.04992975275171,32.66796738203941,-5.790015767107839,-5.385329803375626
180.png,32.38291955701464,32.07826703232633,jpeg,3,65.0,37.4903279920105,32.66613477907501,33.39729046079673,36.68808737613298,32.18811936367238,33.0859673222799,-4.824193212935491,-4.499968012460599
180.png,32.38291955701464,32.07826703232633,jpeg,4,55.0,36.80869866931551,32.836660485833505,33.79961477062034,36.08837733274274,32.293979904770794,33.10380846888928,-3.972038183482006,-3.794397427971944
180.png,32.38291955701464,32.07826703232633,jpeg,5,45.0,36.26405014518954,32.88223449614595,34.0925884951585,35.43057471313195,32.31852494613278,33.36619448908115,-3.3818156490435953,-3.1120497669991707
180.png,32.38291955701464,32.07826703232633,jpeg,6,35.0,35.62058796892916,33.02641151599068,34.743521919472386,34.65391367217777,32.245169013421105,33.518051646133515,-2.594176452938477,-2.4087446587566674
180.png,32.38291955701464,32.07826703232633,jpeg,7,25.0,34.78822497536706,33.01854371267551,35.60828344724342,33.631674299867505,32.11470344228873,34.54908647449206,-1.7696812626915488,-1.5169708575787766
180.png,32.38291955701464,32.07826703232633,jpeg,8,15.0,33.52506905677675,32.5135314326442,36.28804877969931,32.07383806877487,31.347529628507647,34.199379478099246,-1.0115376241325507,-0.7263084402672213
180.png,32.38291955701464,32.07826703232633,jpeg,9,5.0,29.583120325413155,29.097413038331812,35.6939646310749,27.266211477926717,27.15988550355016,31.663136736022697,-0.48570728708134325,-0.10632597437655633
180.png,32.38291955701464,32.07826703232633,blur,0,1.0,inf,32.38293647731876,32.38293647731876,inf,32.078250346933544,32.078250346933544,-inf,-inf
180.png,32.38291955701464,32.07826703232633,blur,1,5.0,36.141640669380514,33.87572398375398,40.305458325000586,35.76673384040685,33.23352047139413,39.77000724050944,-2.265916685626536,-2.5332133690127208
180.png,32.38291955701464,32.07826703232633,blur,2,9.0,33.85378639356768,33.31340734038146,45.1269481319119,32.91406778169917,32.38508813670546,44.67705508764054,-0.5403790531862214,-0.5289796449937043
180.png,32.38291955701464,32.07826703232633,blur,3,11.0,33.247149978647734,32.94516793673189,46.651569141978925,32.02761862343853,31.807187838000047,46.20248383484785,-0.3019820419158421,-0.22043078543848083
180.png,32.38291955701464,32.07826703232633,blur,4,15.0,32.240553480038976,32.17979173876348,49.1263918115295,30.443398193141608,30.443884007931853,48.702421413931525,-0.06076174127549905,0.00048581479024534246
180.png,32.38291955701464,32.07826703232633,blur,5,19.0,31.417487157453436,31.451168243736525,50.547209440847084,29.09567395135701,29.125907672806726,50.6773689599818,0.033681086283088746,0.030233721449715034
180.png,32.38291955701464,32.07826703232633,blur,6,21.0,31.09152783315039,31.16295724857865,50.57312417789688,28.5329477511249,28.642575329072667,50.933919472854186,0.07142941542825909,0.10962757794776579
180.png,32.38291955701464,32.07826703232633,blur,7,25.0,30.406550890393426,30.503508017771082,51.08212116819715,27.46009024324309,27.54012053525129,52.27333151710694,0.0969571273776566,0.08003029200819967
180.png,32.38291955701464,32.07826703232633,blur,8,29.0,29.826957273462618,29.946256762018265,50.206932084382586,26.555832071580078,26.71018757840516,52.03595239662434,0.11929948855564732,0.15435550682508392
180.png,32.38291955701464,32.07826703232633,blur,9,31.0,29.55862721283614,29.67357788023831,50.420673052788125,26.181975727195788,26.31615370046461,52.599865224394016,0.11495066740216942,0.13417797326882308
181.png,32.867967363308644,31.602044378524038,poisson,0,1.0,26.927167311129622,28.000865162677478,24.84747063450133,27.53496402431754,27.964475103610166,25.108165052818237,1.0736978515478555,0.42951107929262733
181.png,32.867967363308644,31.602044378524038,poisson,1,0.8944444444444445,26.439926609604967,27.739818958528875,24.490658037667803,27.13814093312642,27.65332132888293,24.736614800818554,1.2998923489239083,0.5151803957565129
181.png,32.867967363308644,31.602044378524038,poisson,2,0.7888888888888889,25.897350365653573,27.235891890421996,23.981194956915466,26.45551248209955,27.194085693789685,24.202005372016178,1.3385415247684236,0.7385732116901345
181.png,32.867967363308644,31.602044378524038,poisson,3,0.6833333333333333,25.265710032314463,27.019710427137092,23.531352548273084,26.042063838219207,27.05928035776762,23.910408391500575,1.7540003948226293,1.0172165195484126
181.png,32.867967363308644,31.602044378524038,poisson,4,0.5777777777777777,24.532291582300687,26.555312321263187,22.90498898709742,25.23005733428528,26.703300777303802,23.337024818111143,2.023020738962501,1.4732434430185215
181.png,32.867967363308644,31.602044378524038,poisson,5,0.4722222222222222,23.64946499090607,26.1117186738823,22.209861073015258,24.201100918449875,26.267884257401327,22.613097958294727,2.4622536829762325,2.0667833389514527
181.png,32.867967363308644,31.602044378524038,poisson,6,0.3666666666666667,22.568447315810968,25.217417833276134,21.23810253963302,23.120980326574077,25.191306684390536,21.612928384179554,2.648970517465166,2.070326357816459
181.png,32.867967363308644,31.602044378524038,poisson,7,0.26111111111111107,21.098612636176494,24.487779252033476,20.007333294623564,21.76186467831272,24.648873917432034,20.489165663849143,3.3891666158569826,2.8870092391193154
181.png,32.867967363308644,31.602044378524038,poisson,8,0.15555555555555556,18.89592861473561,23.134920076119382,18.097327547394876,19.611821617747907,23.386525690566124,18.600893854400763,4.2389914613837725,3.774704072818217
181.png,32.867967363308644,31.602044378524038,poisson,9,0.05,14.289145049657034,20.60790591676406,13.92506604009002,14.686531860776524,20.95846248301838,14.290871914105729,6.318760867107027,6.271930622241856
181.png,32.867967363308644,31.602044378524038,jpeg,0,95.0,44.10541266188816,32.7684939618707,32.6358274691963,43.4862253778969,31.526376291416423,31.361430231082295,-11.336918700017456,-11.959849086480478
181.png,32.867967363308644,31.602044378524038,jpeg,1,85.0,39.758859822484624,32.93031045061824,33.225943314187525,38.64350139144285,31.71783299229118,31.97979800086334,-6.828549371866387,-6.925668399151668
181.png,32.867967363308644,31.602044378524038,jpeg,2,75.0,38.39280758541641,33.072092334025726,33.65872934402499,37.16759010060137,31.822154543892363,32.43081266361353,-5.320715251390688,-5.34543555670901
181.png,32.867967363308644,31.602044378524038,jpeg,3,65.0,37.553117740352114,33.216440297091665,34.00040572376157,36.44491869188856,31.874854066120584,32.730446921336444,-4.336677443260449,-4.5700646257679765
181.png,32.867967363308644,31.602044378524038,jpeg,4,55.0,36.87864918945934,33.327127535380356,34.420458774307924,35.79478261544211,31.942643506620602,33.05010044088662,-3.5515216540789822,-3.8521391088215076
181.png,32.867967363308644,31.602044378524038,jpeg,5,45.0,36.32169210272933,33.460771705399814,34.90022978168091,35.2632494594891,31.989004299318246,33.319169736735226,-2.860920397329515,-3.2742451601708566
181.png,32.867967363308644,31.602044378524038,jpeg,6,35.0,35.693230474480096,33.53486492807405,35.52754735722276,34.66445594870036,32.13762263089859,33.53194896821549,-2.1583655464060456,-2.526833317801767
181.png,32.867967363308644,31.602044378524038,jpeg,7,25.0,34.870271533612836,33.61388748153609,36.84610079788023,33.574569028612984,31.918382831288874,33.89046351716965,-1.256384052076747,-1.6561861973241108
181.png,32.867967363308644,31.602044378524038,jpeg,8,15.0,33.70801643531772,33.26022797173606,38.851293586994906,32.14548106942008,31.433666380896188,34.55816227436637,-0.44778846358165936,-0.7118146885238907
181.png,32.867967363308644,31.602044378524038,jpeg,9,5.0,29.97122664484765,29.910624131045807,39.23766967225336,28.346740917153955,28.40250638500841,33.62761857561522,-0.060602513801843116,0.055765467854456574
181.png,32.867967363308644,31.602044378524038,blur,0,1.0,inf,32.86797836565735,32.86797836565735,inf,31.60218943832362,31.60218943832362,-inf,-inf
181.png,32.867967363308644,31.602044378524038,blur,1,5.0,37.30492936236211,34.900980484033795,41.376951478583734,35.256276387019355,33.094179601402516,39.41771600566557,-2.4039488783283147,-2.162096785616839
181.png,32.867967363308644,31.602044378524038,blur,2,9.0,35.27915618663893,34.71129055823278,46.296728617695216,32.616615577595404,32.2865714984662,43.34953423026053,-0.5678656284061461,-0.33004407912920186
181.png,32.867967363308644,31.602044378524038,blur,3,11.0,34.80953472660375,34.491387723797324,47.531801034092894,31.85580384728641,31.767691934131236,44.357477585164176,-0.3181470028064268,-0.08811191315517419
181.png,32.867967363308644,31.602044378524038,blur,4,15.0,34.12053843510324,34.01575016022964,48.515846830205334,30.59703263120754,30.662196436339542,45.20790502157314,-0.10478827487359865,0.06516380513200204
181.png,32.867967363308644,31.602044378524038,blur,5,19.0,33.618511335464255,33.578032173223114,48.67602356559512,29.575419501422214,29.631509050711607,45.16401443462883,-0.0404791622411409,0.05608954928939269
181.png,32.867967363308644,31.602044378524038,blur,6,21.0,33.444781534784916,33.40619621184645,48.678520418381275,29.190124393319966,29.222757289499825,45.10018134611943,-0.038585322938466504,0.03263289617985876
181.png,32.867967363308644,31.602044378524038,blur,7,25.0,33.079078623394636,33.058143110399826,48.61693194204576,28.405459973427494,28.410704941471103,44.8571221381355,-0.02093551299481078,0.005244968043609077
181.png,32.867967363308644,31.602044378524038,blur,8,29.0,32.79912168778066,32.77315523682638,48.4313509301106,27.758390770823347,27.7305978230821,44.90473283196848,-0.02596645095427874,-0.027792947741247076
181.png,32.867967363308644,31.602044378524038,blur,9,31.0,32.67074565198869,32.64272973629032,48.29619224238132,27.47824901991422,27.433214775588525,45.021063450968164,-0.028015915698368588,-0.04503424432569503
182.png,31.286391817918613,32.02036337498986,poisson,0,1.0,26.365092327020413,27.332607163135584,24.226246491493264,26.600273253765835,27.632313662080627,24.42128435828314,0.9675148361151713,1.032040408314792
182.png,31.286391817918613,32.02036337498986,poisson,1,0.8944444444444445,25.85387180589524,27.037016239106674,23.81109610751279,25.997061331016376,27.382973934805534,24.02633428302397,1.1831444332114351,1.3859126037891585
182.png,31.286391817918613,32.02036337498986,poisson,2,0.7888888888888889,25.326497920740056,26.822464791390562,23.437943470130595,25.614418098760815,27.321094642092266,23.787565295677524,1.4959668706505056,1.7066765433314508
182.png,31.286391817918613,32.02036337498986,poisson,3,0.6833333333333333,24.693558914213213,26.25391268060794,22.825490872097618,24.850702545248453,26.549615876712792,22.986782266295734,1.5603537663947264,1.6989133314643396
182.png,31.286391817918613,32.02036337498986,poisson,4,0.5777777777777777,23.99850439746565,25.92361521097154,22.30101939899952,24.116150475250695,26.43630881530596,22.504693505415702,1.925110813505892,2.320158340055265
182.png,31.286391817918613,32.02036337498986,poisson,5,0.4722222222222222,23.118627426346716,25.565672596856466,21.629199836313276,23.192425771824855,26.03548708090855,21.792948198567856,2.4470451705097496,2.8430613090836943
182.png,31.286391817918613,32.02036337498986,poisson,6,0.3666666666666667,22.011933740093717,24.96660450408866,20.709030839554398,22.156791921041943,25.492534324922342,20.915551398153006,2.954670763994944,3.335742403880399
182.png,31.286391817918613,32.02036337498986,poisson,7,0.26111111111111107,20.591619011611616,24.222532045267982,19.513700269703886,20.712091265525675,24.694284755876904,19.687756672240557,3.630913033656366,3.9821934903512286
182.png,31.286391817918613,32.02036337498986,poisson,8,0.15555555555555556,18.429020379890876,23.291063602433532,17.702183755349644,18.412033091752132,23.457487474012222,17.67839104039495,4.862043222542656,5.04545438226009
182.png,31.286391817918613,32.02036337498986,poisson,9,0.05,14.026807159611048,21.45743118568557,13.81099901916773,14.009100894694237,21.624420058941762,13.79998825002727,7.430624026074524,7.615319164247525
182.png,31.286391817918613,32.02036337498986,jpeg,0,95.0,44.058307821267334,31.220430679311587,31.158611178324342,43.82908469742926,32.019228068964516,31.921125213544297,-12.837877141955747,-11.809856628464743
182.png,31.286391817918613,32.02036337498986,jpeg,1,85.0,39.94490427429487,31.222307761930036,31.45689110611158,39.582583233303865,32.12826708233804,32.35747266269975,-8.722596512364834,-7.454316150965823
182.png,31.286391817918613,32.02036337498986,jpeg,2,75.0,38.59390436818281,31.462199027541953,31.86294277141783,38.222068350825886,32.31424013937217,32.85117997959142,-7.13170534064086,-5.907828211453719
182.png,31.286391817918613,32.02036337498986,jpeg,3,65.0,37.716415917181195,31.44343501146715,31.947797876327208,37.36166770335291,32.284990266011484,32.85675668137227,-6.272980905714043,-5.076677437341424
182.png,31.286391817918613,32.02036337498986,jpeg,4,55.0,37.006300942252146,31.61234791184935,32.351609597756664,36.60911699120267,32.30138428863776,32.9385884564363,-5.393953030402795,-4.3077327025649055
182.png,31.286391817918613,32.02036337498986,jpeg,5,45.0,36.42942378436587,31.716740060239704,32.62048530896108,35.95671516675353,32.405697036142,33.2397089722013,-4.712683724126169,-3.5510181306115314
182.png,31.286391817918613,32.02036337498986,jpeg,6,35.0,35.759464202282835,31.765006190601053,32.89941740870616,35.24370017710233,32.38264499019097,33.44438224436101,-3.9944580116817825,-2.861055186911365
182.png,31.286391817918613,32.02036337498986,jpeg,7,25.0,34.819297946910524,31.751722585134353,33.38107864107275,34.202794299242846,32.09215602747569,33.46298890136119,-3.0675753617761714,-2.110638271767158
182.png,31.286391817918613,32.02036337498986,jpeg,8,15.0,33.46572173021657,31.450238870254424,34.38195915347101,32.3895941927061,31.136758257243823,33.202745544445534,-2.015482859962148,-1.2528359354622758
182.png,31.286391817918613,32.02036337498986,jpeg,9,5.0,29.40683232649257,28.299197831164804,33.599081795755225,27.592201045426215,27.379015246953,31.235555990169964,-1.1076344953277655,-0.21318579847321573
182.png,31.286391817918613,32.02036337498986,blur,0,1.0,inf,31.286286088003195,31.286286088003195,inf,32.020425173100314,32.020425173100314,-inf,-inf
182.png,31.286391817918613,32.02036337498986,blur,1,5.0,33.07164419569978,31.33369269186218,39.766641320090976,36.084812508817734,33.13185716409422,38.722119898684454,-1.7379515038376034,-2.952955344723513
182.png,31.286391817918613,32.02036337498986,blur,2,9.0,30.57182137606789,30.188631342601454,43.00209183149008,32.901028966977925,31.90304952714939,42.417086013445655,-0.38319003346643754,-0.9979794398285371
182.png,31.286391817918613,32.02036337498986,blur,3,11.0,29.887875922921204,29.650822452802394,43.91110385777252,31.940206929763058,31.215124027478268,43.55797376095792,-0.23705347011880917,-0.7250829022847896
182.png,31.286391817918613,32.02036337498986,blur,4,15.0,28.76771580071629,28.72551190465037,45.18441993606292,30.329752992529357,29.842010319133884,45.281755715275835,-0.042203896065917235,-0.4877426733954735
182.png,31.286391817918613,32.02036337498986,blur,5,19.0,27.909261825176657,27.990940890310426,45.23915874309955,29.053812899965887,28.607019953657016,45.96899270453322,0.08167906513376977,-0.44679294630887156
182.png,31.286391817918613,32.02036337498986,blur,6,21.0,27.599668788181976,27.699444589111017,45.58657511194275,28.5419590347003,28.1148343090517,46.38985905056336,0.09977580092904148,-0.42712472564859993
182.png,31.286391817918613,32.02036337498986,blur,7,25.0,26.95473579885421,27.106963158180438,45.44717393243455,27.561951773294577,27.140095218581042,46.599805731575756,0.1522273593262291,-0.42185655471353556
182.png,31.286391817918613,32.02036337498986,blur,8,29.0,26.47080059290891,26.61916280393846,44.68443139872317,26.76597302449901,26.31588271117202,46.18313496167852,0.14836221102954994,-0.45009031332699223
182.png,31.286391817918613,32.02036337498986,blur,9,31.0,26.238872285787057,26.38949925966726,44.5815754258009,26.4250036363781,25.971547859844684,46.1782032283627,0.15062697388020396,-0.45345577653341707
183.png,32.68019146323093,32.48052230600342,poisson,0,1.0,27.020936987386435,28.024909146222786,24.889676485217045,26.85987674578162,27.569101188896582,24.53302000000342,1.0039721588363513,0.7092244431149624
183.png,32.68019146323093,32.48052230600342,poisson,1,0.8944444444444445,26.50745179780614,27.792983036373702,24.544286390752404,26.337551813973977,27.247747044329635,24.156528913302292,1.285531238567561,0.910195230355658
183.png,32.68019146323093,32.48052230600342,poisson,2,0.7888888888888889,25.969677079455327,27.437912124124104,24.10604947919907,25.69634981385257,27.080412709998043,23.814512218964737,1.468235044668777,1.3840628961454726
183.png,32.68019146323093,32.48052230600342,poisson,3,0.6833333333333333,25.34444898832635,26.97434061639257,23.553105492652797,25.132214541348333,26.435852855613447,23.15192757809325,1.629891628066222,1.3036383142651147
183.png,32.68019146323093,32.48052230600342,poisson,4,0.5777777777777777,24.62553957924459,26.644153436728146,22.99481037927926,24.461068992185236,25.931758161357838,22.416719583563086,2.0186138574835546,1.4706891691726014
183.png,32.68019146323093,32.48052230600342,poisson,5,0.4722222222222222,23.76189890992689,26.10787914668201,22.26662869512328,23.575871219115022,25.584744901145445,21.839201952004224,2.3459802367551177,2.0088736820304227
183.png,32.68019146323093,32.48052230600342,poisson,6,0.3666666666666667,22.6518604211423,25.52436303818801,21.351501965849828,22.570104987035904,25.183234752214144,21.02559153009668,2.8725026170457113,2.6131297651782397
183.png,32.68019146323093,32.48052230600342,poisson,7,0.26111111111111107,21.220904120198128,24.714930310831225,20.15312047013273,21.039291946404212,24.326809993128986,19.944779216139032,3.4940261906330967,3.2875180467247738
183.png,32.68019146323093,32.48052230600342,poisson,8,0.15555555555555556,19.012163177364222,23.57048077731023,18.257094808215268,18.934426899756303,23.346243485011296,17.954894393200696,4.558317599946008,4.411816585254993
183.png,32.68019146323093,32.48052230600342,poisson,9,0.05,14.417861068986106,21.391344607729295,14.160812052935317,14.258706351499162,21.041414294117217,13.999846481835123,6.973483538743189,6.782707942618055
183.png,32.68019146323093,32.48052230600342,jpeg,0,95.0,44.19944757452661,32.57142074604602,32.4889933736413,44.21003440777723,32.41460521058022,32.32324683132971,-11.628026828480586,-11.79542919719701
183.png,32.68019146323093,32.48052230600342,jpeg,1,85.0,40.20440717847791,32.71517385667899,33.01269370159745,40.327071633971165,32.51718404865743,32.70314459024131,-7.48923332179892,-7.809887585313739
183.png,32.68019146323093,32.48052230600342,jpeg,2,75.0,38.87977567942467,32.82866431296467,33.36674892805866,38.7851974735386,32.71930627801034,33.098836713547946,-6.051111366459999,-6.065891195528259
183.png,32.68019146323093,32.48052230600342,jpeg,3,65.0,38.018704245403576,32.99999222247016,33.694460740111765,37.85603926072172,32.98007903996917,33.350117550745864,-5.018712022933414,-4.875960220752553
183.png,32.68019146323093,32.48052230600342,jpeg,4,55.0,37.30270674680921,33.14571281547921,34.07406750511362,37.021880632870456,32.99612590517458,33.56478048915268,-4.15699393133,-4.025754727695876
183.png,32.68019146323093,32.48052230600342,jpeg,5,45.0,36.719984952105996,33.270968771421614,34.47216476549612,36.35204297003857,33.02947046891746,33.89137188526754,-3.4490161806843815,-3.3225725011211082
183.png,32.68019146323093,32.48052230600342,jpeg,6,35.0,36.05036142408803,33.25122680980235,34.815027769747175,35.6667033186693,32.90355150446291,33.822398511894356,-2.799134614285684,-2.7631518142063882
183.png,32.68019146323093,32.48052230600342,jpeg,7,25.0,35.13130302622931,33.286313339075335,35.67011220120168,34.69747327245388,32.99226780264188,34.63075027963475,-1.8449896871539764,-1.7052054698120003
183.png,32.68019146323093,32.48052230600342,jpeg,8,15.0,33.66139826112127,32.498007563632164,35.83459817013119,32.723776942379686,31.797686187123176,33.80098137303241,-1.1633906974891062,-0.9260907552565101
183.png,32.68019146323093,32.48052230600342,jpeg,9,5.0,29.309360797601656,28.767053979089248,35.0802075668564,27.936275423458067,27.914828665480663,32.287545354512474,-0.542306818512408,-0.021446757977404474
183.png,32.68019146323093,32.48052230600342,blur,0,1.0,inf,32.680164464036,32.680164464036,inf,32.48050520281758,32.48050520281758,-inf,-inf
183.png,32.68019146323093,32.48052230600342,blur,1,5.0,34.632291411592206,33.40399175015149,40.862129777830944,36.810209517199134,33.99817558338594,39.43497860743993,-1.2282996614407153,-2.812033933813197
183.png,32.68019146323093,32.48052230600342,blur,2,9.0,32.54953251608938,32.40594356881304,44.38574111250928,33.73794536814281,32.9198217728644,43.58253401013356,-0.14358894727633498,-0.8181235952784078
183.png,32.68019146323093,32.48052230600342,blur,3,11.0,32.02232973969286,32.01555637652613,45.17251150767271,32.86631420112834,32.248791227366354,45.01351073146306,-0.006773363166729496,-0.6175229737619858
183.png,32.68019146323093,32.48052230600342,blur,4,15.0,31.169982579079605,31.25685745117564,46.612947144419735,31.483305296437823,31.00899035452906,47.03011756680367,0.08687487209603617,-0.4743149419087622
183.png,32.68019146323093,32.48052230600342,blur,5,19.0,30.507417285861834,30.57960248836509,46.32095842441749,30.40290908037771,29.935476426511435,47.56090583249136,0.07218520250325611,-0.4674326538662754
183.png,32.68019146323093,32.48052230600342,blur,6,21.0,30.264433474376915,30.317416608356748,47.66102182379726,29.98280793898295,29.528051593358306,48.20233511335206,0.052983133979832786,-0.45475634562464506
183.png,32.68019146323093,32.48052230600342,blur,7,25.0,29.734733304692874,29.77809453640047,46.79894602711578,29.112212969942966,28.611363067480674,47.772234793341696,0.043361231707596204,-0.5008499024622921
183.png,32.68019146323093,32.48052230600342,blur,8,29.0,29.32728165309042,29.343733138308785,47.65056078091958,28.34661885866414,27.865018297373222,48.179405586208986,0.016451485218365036,-0.481600561290918
183.png,32.68019146323093,32.48052230600342,blur,9,31.0,29.125965285504066,29.132590706304633,49.10512306783319,28.01413528044891,27.572438540321052,48.972663827943286,0.006625420800567383,-0.44169674012785975
184.png,34.14519870270793,37.77137699336619,poisson,0,1.0,27.401303929690968,29.085824136284426,25.594138494946005,27.209029058760777,29.824743101087886,25.65154405903953,1.684520206593458,2.6157140423271095
184.png,34.14519870270793,37.77137699336619,poisson,1,0.8944444444444445,26.911231801848796,28.95954048209857,25.2482920706656,26.748054167863433,29.596989471303342,25.268136647739947,2.048308680249775,2.8489353034399088
184.png,34.14519870270793,37.77137699336619,poisson,2,0.7888888888888889,26.38334282272765,28.480353122782084,24.758547683518373,26.301905209640072,29.083313535087445,24.883054637326918,2.0970103000544356,2.781408325447373
184.png,34.14519870270793,37.77137699336619,poisson,3,0.6833333333333333,25.79899775689722,28.254556400418704,24.334805701416364,25.687176222971786,28.90118341183409,24.35365476752104,2.455558643521485,3.214007188862304
184.png,34.14519870270793,37.77137699336619,poisson,4,0.5777777777777777,25.067823657119824,27.639111057567543,23.646104268446333,24.76978063967544,28.034470053044593,23.5422488529634,2.5712874004477193,3.2646894133691546
184.png,34.14519870270793,37.77137699336619,poisson,5,0.4722222222222222,24.21142786967465,27.14297817746125,22.926437175738226,23.97714247233372,27.548024520198187,22.850563173200417,2.9315503077865976,3.5708820478644654
184.png,34.14519870270793,37.77137699336619,poisson,6,0.3666666666666667,23.145002112488598,26.38742089289807,21.99922862011793,22.84134540811535,26.69382301761356,21.68751058039172,3.242418780409473,3.8524776094982087
184.png,34.14519870270793,37.77137699336619,poisson,7,0.26111111111111107,21.753131880587876,25.691952031058246,20.821221965466652,21.42138546760659,25.955973036066204,20.393034673117526,3.93882015047037,4.534587568459614
184.png,34.14519870270793,37.77137699336619,poisson,8,0.15555555555555556,19.567244553692987,24.317046545536343,18.892439792558044,19.191607885819995,24.741383851659258,18.609871489633633,4.749801991843356,5.549775965839263
184.png,34.14519870270793,37.77137699336619,poisson,9,0.05,14.967286964204924,21.31846474726832,14.707742718320738,14.60540279980227,21.589081316531754,14.28105916696903,6.351177783063395,6.9836785167294835
184.png,34.14519870270793,37.77137699336619,jpeg,0,95.0,46.39946976712838,34.014977204669435,34.04670764285708,46.134442941292725,37.73631424213093,37.7227124604969,-12.384492562458945,-8.398128699161795
184.png,34.14519870270793,37.77137699336619,jpeg,1,85.0,43.70601716209144,33.875396310175,34.114425275865756,43.41894644782145,37.750554335681876,38.32144826288955,-9.830620851916443,-5.668392112139571
184.png,34.14519870270793,37.77137699336619,jpeg,2,75.0,42.38379418547693,34.542069108324135,34.93160902692252,42.1297225813747,37.767073607631914,38.38601798070446,-7.841725077152795,-4.362648973742786
184.png,34.14519870270793,37.77137699336619,jpeg,3,65.0,41.52123564056307,34.465367833552875,34.88803052871718,41.331878038090785,37.7939706540875,38.59639151887863,-7.055867807010195,-3.537907384003283
184.png,34.14519870270793,37.77137699336619,jpeg,4,55.0,40.694225229944166,34.46098129963473,35.034423395952444,40.3735711221031,37.66967206199305,38.632222121544174,-6.233243930309435,-2.7038990601100537
184.png,34.14519870270793,37.77137699336619,jpeg,5,45.0,40.04280516758708,34.26977158192949,35.020762141566976,39.67351155212365,37.3011512577749,38.52349276936614,-5.773033585657593,-2.372360294348752
184.png,34.14519870270793,37.77137699336619,jpeg,6,35.0,39.241830818880295,34.189811614917915,35.04349328442902,38.84873739246087,37.33271009361674,38.95269106261664,-5.052019203962381,-1.5160272988441292
184.png,34.14519870270793,37.77137699336619,jpeg,7,25.0,38.02381225487717,33.730539029564795,34.54643361785859,37.48425487371491,36.61971196724062,38.12727851595615,-4.293273225312376,-0.8645429064742913
184.png,34.14519870270793,37.77137699336619,jpeg,8,15.0,35.768555788893124,32.952683280275025,34.538887281929604,35.1994863275904,34.88652066011538,37.12969109691271,-2.8158725086180993,-0.3129656674750194
184.png,34.14519870270793,37.77137699336619,jpeg,9,5.0,30.26127739358033,29.565163955754766,34.24373367461935,29.232916298458903,29.33590999348261,34.11645317278837,-0.6961134378255629,0.10299369502370581
184.png,34.14519870270793,37.77137699336619,blur,0,1.0,inf,34.14516337672309,34.14516337672309,inf,37.77133320985866,37.77133320985866,-inf,-inf
184.png,34.14519870270793,37.77137699336619,blur,1,5.0,34.926683386375906,32.76200686236487,38.16126379879566,41.92019690830391,38.47845061716023,42.88848005400757,-2.1646765240110355,-3.44174629114368
184.png,34.14519870270793,37.77137699336619,blur,2,9.0,30.85922163230864,29.725942300050313,39.87359053849029,38.4758068504859,37.331471858012506,45.46594202433835,-1.1332793322583257,-1.1443349924733965
184.png,34.14519870270793,37.77137699336619,blur,3,11.0,29.786629123875194,28.85177844340491,40.65806449378606,37.29443654446171,36.505080537528016,45.94770385342994,-0.9348506804702836,-0.7893560069336942
184.png,34.14519870270793,37.77137699336619,blur,4,15.0,28.2453337186988,27.741152070523807,41.563284733580524,35.19198860983819,34.73407482447258,46.26954551442296,-0.5041816481749919,-0.4579137853656121
184.png,34.14519870270793,37.77137699336619,blur,5,19.0,27.192821930868114,27.003377265182888,41.46829388393616,33.49589286901271,33.13324258846587,46.17095856078423,-0.189444665685226,-0.3626502805468377
184.png,34.14519870270793,37.77137699336619,blur,6,21.0,26.837928624483105,26.748154307437115,41.25891532203131,32.818492103720025,32.46393158286491,46.160953504197096,-0.0897743170459897,-0.3545605208551166
184.png,34.14519870270793,37.77137699336619,blur,7,25.0,26.136261989557717,26.16936385660861,40.88320510782619,31.53434562740888,31.18083965143546,46.160217655701246,0.0331018670508918,-0.3535059759734196
184.png,34.14519870270793,37.77137699336619,blur,8,29.0,25.592285531698735,25.69460913671216,40.855219846184625,30.452632323355218,30.09208407801509,46.330929974158785,0.10232360501342441,-0.3605482453401265
184.png,34.14519870270793,37.77137699336619,blur,9,31.0,25.34405216199452,25.45536429881828,40.92639790201511,30.00325749135046,29.635076649630502,46.504746235467735,0.11131213682376284,-0.36818084171995835
185.png,38.14272279878991,36.686490149929284,poisson,0,1.0,27.11801158713573,29.637862907590385,25.646401075518046,28.707737038939673,30.6253385193278,26.890320867077854,2.5198513204546558,1.9176014803881287
185.png,38.14272279878991,36.686490149929284,poisson,1,0.8944444444444445,26.62845832172238,29.18282017810439,25.206625767674975,28.0219939998231,30.367866534958992,26.542482224928996,2.554361856382009,2.345872535135893
185.png,38.14272279878991,36.686490149929284,poisson,2,0.7888888888888889,26.09704294326527,28.804142244315653,24.749901604658938,27.55757277460961,29.773534231577447,26.036604927761022,2.707099301050384,2.215961456967836
185.png,38.14272279878991,36.686490149929284,poisson,3,0.6833333333333333,25.46188060201252,28.383664351851504,24.190291540547904,26.8410446146501,29.581889669469327,25.513814486472373,2.9217837498389834,2.740845054819225
185.png,38.14272279878991,36.686490149929284,poisson,4,0.5777777777777777,24.745749365152605,27.796771639931652,23.502428929973604,26.08430117585321,29.113723155021958,24.786653772472853,3.051022274779047,3.029421979168749
185.png,38.14272279878991,36.686490149929284,poisson,5,0.4722222222222222,23.921791174747973,27.20938984090254,22.781611810025673,25.14529507849991,28.589208097553993,24.00336591501825,3.2875986661545653,3.443913019054083
185.png,38.14272279878991,36.686490149929284,poisson,6,0.3666666666666667,22.81024753731306,26.520252370455836,21.79956482765485,24.19051272866197,27.93922155583274,23.02618459030552,3.7100048331427757,3.74870882717077
185.png,38.14272279878991,36.686490149929284,poisson,7,0.26111111111111107,21.384477720340904,25.659839752268287,20.554395544114836,22.68229989051797,26.9504583472254,21.772749759016435,4.275362031927383,4.268158456707429
185.png,38.14272279878991,36.686490149929284,poisson,8,0.15555555555555556,19.20308254015321,24.357301458292532,18.6356793487549,20.419500326623286,25.954098512909844,19.821951494853273,5.154218918139321,5.5345981862865585
185.png,38.14272279878991,36.686490149929284,poisson,9,0.05,14.64489587987184,21.791991468666495,14.480123406956169,15.392334523932085,22.96843009112093,15.173542668544755,7.147095588794656,7.576095567188844
185.png,38.14272279878991,36.686490149929284,jpeg,0,95.0,46.552708688653695,38.05505860303309,38.11755055874191,45.575880193127645,36.65351656052984,36.63111581524723,-8.497650085620606,-8.922363632597808
185.png,38.14272279878991,36.686490149929284,jpeg,1,85.0,43.894917786520516,38.239374973933266,38.7817596262835,42.63586955744998,36.766135651915846,37.146716526383884,-5.65554281258725,-5.869733905534133
185.png,38.14272279878991,36.686490149929284,jpeg,2,75.0,42.594188334442705,38.293385359125395,39.0527177269934,41.33437225753427,36.70141882178279,37.400007350309565,-4.3008029753173105,-4.632953435751482
185.png,38.14272279878991,36.686490149929284,jpeg,3,65.0,41.72920253370841,38.258012259553425,39.284239735721606,40.447176415385485,36.58490624502049,37.48727849526189,-3.471190274154985,-3.8622701703649938
185.png,38.14272279878991,36.686490149929284,jpeg,4,55.0,40.98534746208951,38.26313944781611,39.55675986219043,39.61633665591562,36.664834982638375,37.50274683291415,-2.7222080142733986,-2.9515016732772423
185.png,38.14272279878991,36.686490149929284,jpeg,5,45.0,40.34733663636864,38.0738619084089,39.59460748040528,38.92551051021905,36.44973772189947,37.54794421849754,-2.273474727959737,-2.4757727883195813
185.png,38.14272279878991,36.686490149929284,jpeg,6,35.0,39.531447193166386,37.83516591100833,39.709291672738345,38.094987966482265,36.30422722885029,37.57521744431118,-1.6962812821580542,-1.7907607376319774
185.png,38.14272279878991,36.686490149929284,jpeg,7,25.0,38.31974938478766,37.29097025874047,39.61538218165812,36.60493198479081,35.336058422015626,36.915079642332685,-1.0287791260471906,-1.268873562775184
185.png,38.14272279878991,36.686490149929284,jpeg,8,15.0,36.20426839865634,35.787502555733,38.82914564101669,34.298993789074515,34.03128311842104,35.7930493675845,-0.41676584292333985,-0.26771067065347864
185.png,38.14272279878991,36.686490149929284,jpeg,9,5.0,30.48219686345452,30.531912317187487,36.69982908375874,28.535480509878216,28.523270073120592,32.956473871138535,0.049715453732968484,-0.012210436757623455
185.png,38.14272279878991,36.686490149929284,blur,0,1.0,inf,38.14273930924148,38.14273930924148,inf,36.68652301533664,36.68652301533664,-inf,-inf
185.png,38.14272279878991,36.686490149929284,blur,1,5.0,42.36510068223684,38.89065932184081,43.521642628993604,40.39594562107802,37.23303512189859,42.072719326463364,-3.4744413603960353,-3.162910499179432
185.png,38.14272279878991,36.686490149929284,blur,2,9.0,39.17913738963398,38.04457328476869,46.67153521858084,36.56787122448477,35.731617470277094,45.65453163967141,-1.1345641048652908,-0.8362537542076751
185.png,38.14272279878991,36.686490149929284,blur,3,11.0,38.14623334408359,37.467058335794874,47.497554722373906,35.34315984936722,34.892316012786615,47.0740395382067,-0.6791750082887162,-0.4508438365806029
185.png,38.14272279878991,36.686490149929284,blur,4,15.0,36.351639434021436,36.17614871423206,47.95653651023108,33.29479169121876,33.195711249945354,48.930025903760175,-0.17549071978937292,-0.09908044127340787
185.png,38.14272279878991,36.686490149929284,blur,5,19.0,34.88606869397308,34.91350888997259,47.225277668343615,31.706603014882987,31.77001410123175,49.49346104963485,0.02744019599951031,0.06341108634876491
185.png,38.14272279878991,36.686490149929284,blur,6,21.0,34.29485953811507,34.363095454240494,46.608112844715095,31.09030196190279,31.206799523975782,49.24324327699584,0.06823591612542401,0.11649756207299333
185.png,38.14272279878991,36.686490149929284,blur,7,25.0,33.15170861484206,33.27970259829809,45.262351337475536,29.92697647815103,30.128664637129894,48.50493960220967,0.12799398345602953,0.2016881589788646
185.png,38.14272279878991,36.686490149929284,blur,8,29.0,32.19355692236486,32.33499449846182,43.87738609768992,28.974460938734893,29.262044274727895,47.350543379197376,0.14143757609695484,0.287583335993002
185.png,38.14272279878991,36.686490149929284,blur,9,31.0,31.775178051415672,31.920300274226804,43.32129184051939,28.560044402987657,28.882203516247937,46.97445522732725,0.14512222281113196,0.32215911326028035
186.png,31.568262985354515,31.973480711912345,poisson,0,1.0,26.440144252944258,27.66984888646015,24.396998252554503,27.25261607287557,28.26064791422447,25.04356354798454,1.2297046335158939,1.0080318413489024
186.png,31.568262985354515,31.973480711912345,poisson,1,0.8944444444444445,25.959501812243232,27.47450391805725,24.058819365837003,26.899974430504127,27.93553282186045,24.770507855833483,1.5150021058140162,1.0355583913563216
186.png,31.568262985354515,31.973480711912345,poisson,2,0.7888888888888889,25.399452125783686,27.289027607117113,23.674540739581964,26.307720617944273,27.864741876984457,24.380109926841055,1.8895754813334271,1.5570212590401837
186.png,31.568262985354515,31.973480711912345,poisson,3,0.6833333333333333,24.786009392650055,26.794790826594483,23.117075356039877,25.636580469544235,27.454795847106492,23.833311195363596,2.008781433944428,1.8182153775622574
186.png,31.568262985354515,31.973480711912345,poisson,4,0.5777777777777777,24.05025306029597,26.519387239714977,22.572289368297483,24.87140247819096,27.319746932403362,23.28880408066528,2.469134179419008,2.4483444542124033
186.png,31.568262985354515,31.973480711912345,poisson,5,0.4722222222222222,23.201132529211176,25.9584157380802,21.819204910513108,24.104064833467802,26.568315524172924,22.48891165191385,2.7572832088690227,2.4642506907051214
186.png,31.568262985354515,31.973480711912345,poisson,6,0.3666666666666667,22.13282384178239,25.30473797872462,20.909044272900736,22.996764850852838,26.190025842071584,21.72325823367345,3.171914136942231,3.1932609912187466
186.png,31.568262985354515,31.973480711912345,poisson,7,0.26111111111111107,20.654405777295885,24.517578898091685,19.653753858193127,21.4344951125009,25.350895479434826,20.386444749306115,3.8631731207957998,3.9164003669339245
186.png,31.568262985354515,31.973480711912345,poisson,8,0.15555555555555556,18.503184865964112,23.466301432239543,17.814539502241264,19.173696050621526,24.323424631787045,18.446327295339813,4.963116566275431,5.149728581165519
186.png,31.568262985354515,31.973480711912345,poisson,9,0.05,14.058945961133968,21.384328508273065,13.814413916372551,14.422950747099993,21.922407590846507,14.17026304954235,7.325382547139096,7.499456843746515
186.png,31.568262985354515,31.973480711912345,jpeg,0,95.0,44.112276707112876,31.482786327049066,31.426933324928093,43.644024872679985,31.914084461254262,31.774518319040254,-12.62949038006381,-11.729940411425723
186.png,31.568262985354515,31.973480711912345,jpeg,1,85.0,40.068904467859426,31.65479424248319,31.90279560219283,39.16267466654608,31.96126243803516,32.233653341564775,-8.414110225376234,-7.201412228510922
186.png,31.568262985354515,31.973480711912345,jpeg,2,75.0,38.67136453533659,31.69663567458278,32.0990603502591,37.739473909896795,32.0245605148864,32.41805924916447,-6.974728860753814,-5.714913395010392
186.png,31.568262985354515,31.973480711912345,jpeg,3,65.0,37.78735995325797,31.755932079338564,32.29543192559629,36.72056138612551,31.964926900914826,32.50621535818397,-6.031427873919405,-4.755634485210685
186.png,31.568262985354515,31.973480711912345,jpeg,4,55.0,37.03550897337563,31.865471801916524,32.55428755977651,36.01084239752003,32.03939506527385,32.78122754131049,-5.170037171459104,-3.9714473322461785
186.png,31.568262985354515,31.973480711912345,jpeg,5,45.0,36.43726436413675,31.94752808898513,32.83479571691047,35.42333851971745,32.05620987608695,32.92537508032741,-4.489736275151621,-3.367128643630494
186.png,31.568262985354515,31.973480711912345,jpeg,6,35.0,35.73345048904353,31.97483755205497,33.114316040397604,34.70511963957795,31.93378337059628,32.884842528065434,-3.7586129369885555,-2.7713362689816705
186.png,31.568262985354515,31.973480711912345,jpeg,7,25.0,34.70856153103535,32.060537187409295,33.75118559230224,33.55116493265572,31.645784960724754,32.95667367141351,-2.648024343626055,-1.9053799719309694
186.png,31.568262985354515,31.973480711912345,jpeg,8,15.0,33.23916570433264,31.335529585735948,33.979751153617855,31.795436469884937,30.830918351001387,33.12295830709033,-1.903636118596694,-0.9645181188835501
186.png,31.568262985354515,31.973480711912345,jpeg,9,5.0,29.093499511426533,28.38070377617441,32.71809722328064,27.07362494181911,26.99154330415879,31.75980400371957,-0.7127957352521221,-0.08208163766031973
186.png,31.568262985354515,31.973480711912345,blur,0,1.0,inf,31.56827017082091,31.56827017082091,inf,31.973438309024296,31.973438309024296,-inf,-inf
186.png,31.568262985354515,31.973480711912345,blur,1,5.0,33.32399893147559,31.5012321886704,38.965429225330894,35.27609868845965,32.65590437922503,38.947524293001806,-1.822766742805193,-2.62019430923462
186.png,31.568262985354515,31.973480711912345,blur,2,9.0,30.34409244949286,29.711896491936255,42.74453284596077,32.247617494273165,31.579230876200327,43.463298184515516,-0.6321959575566041,-0.6683866180728373
186.png,31.568262985354515,31.973480711912345,blur,3,11.0,29.48376647192508,28.994552483612075,43.67795534280432,31.382002212880803,30.98147174214203,44.97898668088554,-0.4892139883130042,-0.40053047073877224
186.png,31.568262985354515,31.973480711912345,blur,4,15.0,28.13606052230442,27.896742088259955,44.9774234273153,29.906041667773167,29.72486350762809,47.32543982242713,-0.2393184340444634,-0.18117816014507682
186.png,31.568262985354515,31.973480711912345,blur,5,19.0,27.158991310498735,27.117422039805604,45.40907579071103,28.714050638733575,28.629167422995863,48.72549473624075,-0.04156927069313099,-0.08488321573771174
186.png,31.568262985354515,31.973480711912345,blur,6,21.0,26.819172420826504,26.83488305635404,45.66632554682616,28.235094265205394,28.145275515588196,49.14051488117857,0.01571063552753671,-0.08981874961719782
186.png,31.568262985354515,31.973480711912345,blur,7,25.0,26.144310646768197,26.233180065212114,45.16156148095433,27.30482011630332,27.23456928267042,49.658301107001705,0.08886941844391671,-0.07025083363289752
186.png,31.568262985354515,31.973480711912345,blur,8,29.0,25.643168276766716,25.759813595371174,44.87242763818598,26.52209080577918,26.449463478704498,49.96078451279872,0.11664531860445848,-0.07262732707468089
186.png,31.568262985354515,31.973480711912345,blur,9,31.0,25.415012481479096,25.546237538222183,44.317909525014045,26.192300612869555,26.125868713398965,49.89252805250048,0.13122505674308726,-0.06643189947059014
187.png,33.74305383675039,32.37205727035159,poisson,0,1.0,26.894136995465953,28.35594285222308,24.988703993540646,27.90092913616575,28.374998051001693,25.45985712637176,1.4618058567571275,0.47406891483594293
187.png,33.74305383675039,32.37205727035159,poisson,1,0.8944444444444445,26.398879882744883,27.97203993118602,24.564249169065306,27.252187836086996,28.14118381283876,24.98630982993969,1.5731600484411388,0.8889959767517652
187.png,33.74305383675039,32.37205727035159,poisson,2,0.7888888888888889,25.864854012144818,27.720974297001042,24.15089222794691,26.801849520581,27.852156713098303,24.69659842782488,1.8561202848562246,1.0503071925173018
187.png,33.74305383675039,32.37205727035159,poisson,3,0.6833333333333333,25.25163351737192,27.310383843367454,23.63475373096914,26.240356537891635,27.51034780489921,24.236881633517037,2.0587503259955326,1.2699912670075761
187.png,33.74305383675039,32.37205727035159,poisson,4,0.5777777777777777,24.519713331109614,27.04734037956095,23.07596195666217,25.426206697533576,27.20170696231753,23.649818924772386,2.527627048451336,1.775500264783954
187.png,33.74305383675039,32.37205727035159,poisson,5,0.4722222222222222,23.649031340488538,26.440430406337164,22.317947057585286,24.612180823708613,26.772889760341375,22.94623664110547,2.7913990658486263,2.160708936632762
187.png,33.74305383675039,32.37205727035159,poisson,6,0.3666666666666667,22.55408740620032,25.696906178169023,21.36588055522199,23.506649531628394,26.055204681864875,21.96497216043322,3.1428187719687024,2.5485551502364814
187.png,33.74305383675039,32.37205727035159,poisson,7,0.26111111111111107,21.143895276278762,24.917476347089455,20.160788082150354,22.02831321376788,25.35445776212412,20.86133635166781,3.7735810708106925,3.3261445483562397
187.png,33.74305383675039,32.37205727035159,poisson,8,0.15555555555555556,18.951160610822946,23.788714565591114,18.272005824855416,19.8524028702788,24.339758689099085,18.98295851508215,4.837553954768168,4.487355818820284
187.png,33.74305383675039,32.37205727035159,poisson,9,0.05,14.393679303360914,21.352420596286915,14.126239952190378,14.9345382568577,21.773920788229574,14.626936838297588,6.9587412929260015,6.839382531371875
187.png,33.74305383675039,32.37205727035159,jpeg,0,95.0,44.55694694342124,33.638826657721395,33.51896532084915,43.79757936029347,32.301244608468664,32.181028064174264,-10.918120285699842,-11.496334751824804
187.png,33.74305383675039,32.37205727035159,jpeg,1,85.0,40.411639179993166,33.80629088105462,34.125047310280124,39.523091530614444,32.4225438122105,32.68768879057386,-6.605348298938544,-7.100547718403945
187.png,33.74305383675039,32.37205727035159,jpeg,2,75.0,39.05281963627125,33.947772058477305,34.55380202460054,38.19577305037964,32.494380427567464,32.97617965035118,-5.105047577793947,-5.701392622812179
187.png,33.74305383675039,32.37205727035159,jpeg,3,65.0,38.20702917212206,34.024114693815434,34.82382762801477,37.32891914897515,32.556733571126514,33.11754945385522,-4.182914478306628,-4.772185577848639
187.png,33.74305383675039,32.37205727035159,jpeg,4,55.0,37.50787527925124,34.114051287732735,35.1965427531366,36.63520826800603,32.6321508996458,33.40692643173869,-3.3938239915185022,-4.003057368360231
187.png,33.74305383675039,32.37205727035159,jpeg,5,45.0,36.93860482431861,34.20563729063055,35.61643645328614,36.06733218736525,32.60598941246581,33.52020034489864,-2.7329675336880612,-3.4613427748994425
187.png,33.74305383675039,32.37205727035159,jpeg,6,35.0,36.277318574476105,34.2634563948182,36.22040919873801,35.306056532232105,32.67214161950374,33.825294277779804,-2.013862179657906,-2.6339149127283648
187.png,33.74305383675039,32.37205727035159,jpeg,7,25.0,35.394034152048505,34.22152162018188,37.11601108064237,34.29582199304729,32.47470645134471,34.062478529739195,-1.172512531866623,-1.8211155417025822
187.png,33.74305383675039,32.37205727035159,jpeg,8,15.0,34.019975654537944,33.63131063193076,38.23349660855106,32.6294623380147,31.728051701832097,33.979873942553574,-0.38866502260718505,-0.9014106361826002
187.png,33.74305383675039,32.37205727035159,jpeg,9,5.0,30.04796020021873,30.011807001387467,37.74032825615833,27.796635093690313,27.652343427568606,32.0634509787116,-0.036153198831261335,-0.14429166612170619
187.png,33.74305383675039,32.37205727035159,blur,0,1.0,inf,33.7430615520189,33.7430615520189,inf,32.37212480084268,32.37212480084268,-inf,-inf
187.png,33.74305383675039,32.37205727035159,blur,1,5.0,37.99534902866169,35.5091107690862,41.76332649979929,36.335445194902476,33.58963135596102,39.283870962273795,-2.4862382595754937,-2.7458138389414586
187.png,33.74305383675039,32.37205727035159,blur,2,9.0,35.666307287941976,35.073703485877175,46.169502736486876,33.30404721271152,32.59221437787041,43.227395084524865,-0.5926038020648008,-0.711832834841104
187.png,33.74305383675039,32.37205727035159,blur,3,11.0,35.05849655850639,34.73437134502344,47.19023997529548,32.4046253889697,31.98878193057407,44.40766392272177,-0.32412521348295087,-0.41584345839562786
187.png,33.74305383675039,32.37205727035159,blur,4,15.0,34.06789406914414,33.99456374747151,47.92339870813908,30.835522906922193,30.688853617520635,46.00306742872468,-0.07333032167262843,-0.146669289401558
187.png,33.74305383675039,32.37205727035159,blur,5,19.0,33.29261394172406,33.291203744912664,47.80908568574773,29.535694258265842,29.453198517118917,46.434652802264765,-0.0014101968113990893,-0.08249574114692493
187.png,33.74305383675039,32.37205727035159,blur,6,21.0,32.98874509732134,32.99293646268215,47.73209532446819,29.000630045280012,28.912331143479655,46.51949229207709,0.0041913653608105506,-0.08829890180035704
187.png,33.74305383675039,32.37205727035159,blur,7,25.0,32.37317782885717,32.38772140489547,47.430809161610625,27.945671045789332,27.836533290893225,46.35737054824588,0.014543576038299477,-0.109137754896107
187.png,33.74305383675039,32.37205727035159,blur,8,29.0,31.8605119532163,31.866011401371388,47.23806354715325,27.04067164913535,26.87541443315506,46.61653510993702,0.0054994481550885155,-0.16525721598029008
187.png,33.74305383675039,32.37205727035159,blur,9,31.0,31.631342306265616,31.635210342188724,47.18336682408125,26.657870631504473,26.472019646596095,46.717498437480636,0.0038680359231086925,-0.18585098490837737
188.png,31.010355659635287,32.216723711510966,poisson,0,1.0,26.967811313867394,27.651188859508203,24.660617963721613,26.998228638152327,28.059939973177848,24.84337567435734,0.6833775456408091,1.061711335025521
188.png,31.010355659635287,32.216723711510966,poisson,1,0.8944444444444445,26.497446052326936,27.264842359103618,24.278931945855184,26.453785570325813,27.713536640498813,24.420092626843925,0.767396306776682,1.2597510701729995
188.png,31.010355659635287,32.216723711510966,poisson,2,0.7888888888888889,25.949389729136637,27.045557276050314,23.873780519576385,25.86214406618052,27.522119564695142,24.022110780393568,1.0961675469136765,1.6599754985146227
188.png,31.010355659635287,32.216723711510966,poisson,3,0.6833333333333333,25.338393963297587,26.76794905328461,23.43176078591227,25.34872160656366,27.04423395909915,23.493618653532195,1.4295550899870229,1.6955123525354878
188.png,31.010355659635287,32.216723711510966,poisson,4,0.5777777777777777,24.614556331585447,26.28885720906133,22.821866075599736,24.699607644397688,26.771553473823694,22.98026904174044,1.6743008774758827,2.0719458294260065
188.png,31.010355659635287,32.216723711510966,poisson,5,0.4722222222222222,23.725008834526584,25.690981768005553,22.048438520619996,23.74523715560204,26.26808965338817,22.222953121029324,1.9659729334789695,2.522852497786129
188.png,31.010355659635287,32.216723711510966,poisson,6,0.3666666666666667,22.64485330728601,25.222352386641084,21.21437220478319,22.645334951516922,25.90491935905648,21.337257682731348,2.577499079355075,3.259584407539556
188.png,31.010355659635287,32.216723711510966,poisson,7,0.26111111111111107,21.19138794638147,24.30632387626237,19.961012886901337,21.162792379568014,25.042269883247204,20.10281469458077,3.1149359298808967,3.8794775036791904
188.png,31.010355659635287,32.216723711510966,poisson,8,0.15555555555555556,18.990390907350484,23.180971102774514,18.10775387428412,18.948093327284482,23.704724653474592,18.181269616582625,4.19058019542403,4.75663132619011
188.png,31.010355659635287,32.216723711510966,poisson,9,0.05,14.377628669463443,20.946266777772177,14.039314345345751,14.361111975047558,21.5685307837075,14.069129194745539,6.568638108308734,7.207418808659943
188.png,31.010355659635287,32.216723711510966,jpeg,0,95.0,43.769833314643165,30.958755916099715,30.876174006388393,43.753365861791906,32.16189730036853,32.01330152096307,-12.81107739854345,-11.591468561423376
188.png,31.010355659635287,32.216723711510966,jpeg,1,85.0,39.38700868181205,30.902620457889476,31.134184101307646,39.3542543073889,32.176832223923725,32.42320729816855,-8.484388223922572,-7.177422083465174
188.png,31.010355659635287,32.216723711510966,jpeg,2,75.0,38.02148205057939,31.119674086778662,31.57444359825288,37.99800949973469,32.392349335450746,32.97637483289052,-6.901807963800724,-5.605660164283947
188.png,31.010355659635287,32.216723711510966,jpeg,3,65.0,37.17724061918892,31.153810301215525,31.72853654797365,37.22925817791272,32.44958752358298,33.22280989584214,-6.023430317973396,-4.779670654329742
188.png,31.010355659635287,32.216723711510966,jpeg,4,55.0,36.484344358242595,31.202110748115715,31.922010861513677,36.56107289395658,32.59369905847735,33.535931188402365,-5.28223361012688,-3.967373835479229
188.png,31.010355659635287,32.216723711510966,jpeg,5,45.0,35.89601464564165,31.244047788058502,32.174473925761944,36.015470785261286,32.83507723339511,33.90618941566438,-4.651966857583147,-3.1803935518661746
188.png,31.010355659635287,32.216723711510966,jpeg,6,35.0,35.23226580059778,31.545083730581766,32.86800115782916,35.27653170328793,32.83106271432303,34.341103862339786,-3.6871820700160143,-2.4454689889648975
188.png,31.010355659635287,32.216723711510966,jpeg,7,25.0,34.35523103050881,31.664994092340436,33.657879901379424,34.36025398340967,32.76191625392263,35.04588346602859,-2.6902369381683755,-1.5983377294870422
188.png,31.010355659635287,32.216723711510966,jpeg,8,15.0,33.030217217629755,31.390017406618483,34.49142769468107,32.75557338726168,31.894832115845983,35.13407529193125,-1.6401998110112714,-0.8607412714156943
188.png,31.010355659635287,32.216723711510966,jpeg,9,5.0,29.127264026708488,28.22348742095526,33.68016533298348,28.519758757895943,28.42804953047839,33.802360722517875,-0.9037766057532295,-0.09170922741755305
188.png,31.010355659635287,32.216723711510966,blur,0,1.0,inf,31.010373765197116,31.010373765197116,inf,32.2167318697566,32.2167318697566,-inf,-inf
188.png,31.010355659635287,32.216723711510966,blur,1,5.0,31.21640393054378,30.72827049462721,39.42230130287137,36.619067864868285,33.90714414926923,39.456916286913724,-0.4881334359165699,-2.711923715599056
188.png,31.010355659635287,32.216723711510966,blur,2,9.0,29.304451484799646,29.54836556207671,42.3242637970027,34.17668277101836,33.38421947038122,43.136264409440955,0.24391407727706493,-0.7924633006371451
188.png,31.010355659635287,32.216723711510966,blur,3,11.0,28.864975940749652,29.10959693727382,43.68622629831929,33.492059076977256,32.961599017872174,44.25444302805445,0.24462099652416924,-0.5304600591050814
188.png,31.010355659635287,32.216723711510966,blur,4,15.0,28.191654140160935,28.385762569205806,45.0292895529807,32.33530787353652,31.977963323625325,45.353514527352814,0.1941084290448707,-0.3573445499111969
188.png,31.010355659635287,32.216723711510966,blur,5,19.0,27.700189871703316,27.843659158716903,44.752355881068375,31.398206107668194,31.033172328559637,45.19579440084533,0.14346928701358763,-0.3650337791085576
188.png,31.010355659635287,32.216723711510966,blur,6,21.0,27.536066163434008,27.645886062634347,45.269320709182644,31.01598651872702,30.647757195309108,45.60970200449279,0.10981989920033897,-0.3682293234179106
188.png,31.010355659635287,32.216723711510966,blur,7,25.0,27.142330470430753,27.234648218454485,43.52175579672882,30.233523283087127,29.82017854965541,44.493659231386495,0.09231774802373138,-0.4133447334317175
188.png,31.010355659635287,32.216723711510966,blur,8,29.0,26.867172109953525,26.910350350463446,44.58867256897639,29.542691542873275,29.133006003791575,45.38402375293568,0.043178240509920585,-0.4096855390816998
188.png,31.010355659635287,32.216723711510966,blur,9,31.0,26.716488055903767,26.76408880860464,45.13370308195064,29.236987485692943,28.831963987816273,45.80540246048345,0.04760075270087327,-0.4050234978766696
189.png,35.72228187714097,36.35574022055596,poisson,0,1.0,28.076153522552694,29.676508891417104,26.219818437587122,28.796869048663453,29.798153040913036,26.734408459894546,1.6003553688644097,1.0012839922495829
189.png,35.72228187714097,36.35574022055596,poisson,1,0.8944444444444445,27.625739465994037,29.231808698699954,25.812259839117484,28.296409257323596,29.375599555574723,26.223472822025705,1.6060692327059165,1.0791902982511274
189.png,35.72228187714097,36.35574022055596,poisson,2,0.7888888888888889,27.07863296846903,28.95778883173945,25.405714343123023,27.78949294268419,29.155501028942435,25.925998907533657,1.8791558632704195,1.366008086258244
189.png,35.72228187714097,36.35574022055596,poisson,3,0.6833333333333333,26.427039452031963,28.426182751381198,24.777763770811987,27.073112541477215,28.644170851896305,25.28345890265605,1.9991432993492353,1.5710583104190903
189.png,35.72228187714097,36.35574022055596,poisson,4,0.5777777777777777,25.713980842403927,27.881936369304157,24.135607650765827,26.253023988947596,28.078410810317102,24.513019006674245,2.1679555269002293,1.8253868213695057
189.png,35.72228187714097,36.35574022055596,poisson,5,0.4722222222222222,24.85108435177164,27.311509275053275,23.388570225967005,25.34371470894689,27.556047646158483,23.712216942781026,2.4604249232816358,2.212332937211592
189.png,35.72228187714097,36.35574022055596,poisson,6,0.3666666666666667,23.8004619447759,26.46496594958231,22.423193258335417,24.339929998601875,26.794393084057987,22.842390313969084,2.6645040048064104,2.454463085456112
189.png,35.72228187714097,36.35574022055596,poisson,7,0.26111111111111107,22.34402034387204,25.358567225487107,21.11215134570709,22.889844962339126,25.492476305375433,21.507055009637384,3.0145468816150682,2.6026313430363075
189.png,35.72228187714097,36.35574022055596,poisson,8,0.15555555555555556,20.20232014511937,23.83478283204454,19.193822283816594,20.625565621205496,24.09431674364562,19.52234299722869,3.6324626869251695,3.468751122440125
189.png,35.72228187714097,36.35574022055596,poisson,9,0.05,15.62586178152592,20.971122576839857,15.14981539075058,15.838102544200348,21.248287674518437,15.279351472360862,5.345260795313937,5.410185130318089
189.png,35.72228187714097,36.35574022055596,jpeg,0,95.0,47.433812985627455,35.70528781095492,35.72776022379344,46.30500056068095,36.325764705372,36.2739920233095,-11.728525174672534,-9.97923585530895
189.png,35.72228187714097,36.35574022055596,jpeg,1,85.0,44.446524769792276,35.76660676534851,35.975110196495194,43.06584334316806,36.249520469027054,36.34438971540847,-8.679918004443763,-6.816322874141008
189.png,35.72228187714097,36.35574022055596,jpeg,2,75.0,42.87244716946769,35.768676158472026,36.015620644441285,41.52114875079728,36.357015443738746,36.62927251616529,-7.103771010995665,-5.164133307058535
189.png,35.72228187714097,36.35574022055596,jpeg,3,65.0,41.814091722938755,35.77982873599955,36.22435519995852,40.46649236906678,36.162434875521335,36.38127199688302,-6.034262986939204,-4.304057493545443
189.png,35.72228187714097,36.35574022055596,jpeg,4,55.0,40.88105238578787,35.72959118960084,36.114637285970794,39.46743104181707,36.080105615782315,36.40904664572352,-5.151461196187029,-3.3873254260347565
189.png,35.72228187714097,36.35574022055596,jpeg,5,45.0,40.02757897886627,35.640491633856755,36.01099301653741,38.74910219648016,36.03251925686872,36.350987875010226,-4.387087345009519,-2.716582939611442
189.png,35.72228187714097,36.35574022055596,jpeg,6,35.0,38.99550624768527,35.52507895546897,36.20539968874013,37.806130380933915,35.768733044657615,36.392087109585994,-3.4704272922163,-2.0373973362762996
189.png,35.72228187714097,36.35574022055596,jpeg,7,25.0,37.673841726065426,35.30364928286795,36.95521349072259,36.36263290165837,35.31185961071972,36.08680231396981,-2.3701924431974746,-1.0507732909386505
189.png,35.72228187714097,36.35574022055596,jpeg,8,15.0,35.4075944357141,34.11405421913806,35.71911237032734,33.926370184230116,33.18857077211602,34.59006616367012,-1.2935402165760408,-0.737799412114093
189.png,35.72228187714097,36.35574022055596,jpeg,9,5.0,29.81987041335777,29.729458147748325,33.503079806184715,28.04016505589422,28.10209800139624,31.71002834349133,-0.09041226560944438,0.061932945502018555
189.png,35.72228187714097,36.35574022055596,blur,0,1.0,inf,35.72232447576908,35.72232447576908,inf,36.35568571801603,36.35568571801603,-inf,-inf
189.png,35.72228187714097,36.35574022055596,blur,1,5.0,38.42181653415059,36.00497453145687,40.70286367583147,39.320327547969896,36.49342698542582,40.94359253355809,-2.41684200269372,-2.8269005625440755
189.png,35.72228187714097,36.35574022055596,blur,2,9.0,34.69989714744216,33.97746926930609,42.65460221244343,34.58727970312942,34.036657814026746,44.246378651453696,-0.7224278781360667,-0.550621889102672
189.png,35.72228187714097,36.35574022055596,blur,3,11.0,33.464638175614645,32.945589971301786,43.03938349990119,33.151052609741654,32.86015680188265,45.52307663198648,-0.5190482043128597,-0.2908958078590018
189.png,35.72228187714097,36.35574022055596,blur,4,15.0,31.2674169768319,31.04445841641724,44.823571599582635,30.84661326623658,30.693987964849228,47.75370168511198,-0.22295856041466067,-0.15262530138735286
189.png,35.72228187714097,36.35574022055596,blur,5,19.0,29.46915883048475,29.39609822738108,47.07614104536489,29.178066548362672,29.013377114153798,49.38772225913801,-0.07306060310367002,-0.16468943420887427
189.png,35.72228187714097,36.35574022055596,blur,6,21.0,28.75180569963168,28.728816365228504,48.17598465615358,28.556111288272653,28.386733812554684,49.9798698242656,-0.022989334403177963,-0.1693774757179689
189.png,35.72228187714097,36.35574022055596,blur,7,25.0,27.405441404007792,27.444351186118197,50.04515434687281,27.422817935387812,27.250145679288874,51.067932386835864,0.03890978211040519,-0.172672256098938
189.png,35.72228187714097,36.35574022055596,blur,8,29.0,26.346074750377667,26.392789736676534,51.20696105678829,26.541952978772354,26.360241356220634,51.85795245784245,0.04671498629886628,-0.18171162255172035
189.png,35.72228187714097,36.35574022055596,blur,9,31.0,25.889989897941106,25.9404934188396,51.57537423876484,26.17440835289208,25.99270713312786,52.17997712342743,0.05050352089849497,-0.18170121976422138
