image,degradation,level,param,method,delta,mdelta
1.png,poisson,0,1.0,gauss5,7.3619616221438875,6.220932442064491
1.png,poisson,0,1.0,median5,6.5812337438840345,4.718919029001132
1.png,poisson,1,0.8944444444444445,gauss5,7.589901334868365,6.48276532628239
1.png,poisson,1,0.8944444444444445,median5,6.808823161978793,4.945635807805047
1.png,poisson,2,0.7888888888888889,gauss5,7.89064765376494,7.069888773254419
1.png,poisson,2,0.7888888888888889,median5,7.201096979548293,5.539605643848354
1.png,poisson,3,0.6833333333333333,gauss5,8.214204553934241,7.199186358446326
1.png,poisson,3,0.6833333333333333,median5,7.536079880323587,5.748380873916304
1.png,poisson,4,0.5777777777777777,gauss5,8.564310604911544,7.782816610199223
1.png,poisson,4,0.5777777777777777,median5,7.946002202652831,6.3334230620254
1.png,poisson,5,0.4722222222222222,gauss5,8.957455735381263,8.34252016430435
1.png,poisson,5,0.4722222222222222,median5,8.445801834660596,7.008348588206161
1.png,poisson,6,0.3666666666666667,gauss5,9.331307351376289,8.762912175654677
1.png,poisson,6,0.3666666666666667,median5,8.898033069092037,7.5590169599819745
1.png,poisson,7,0.26111111111111107,gauss5,9.78978312293572,9.411690496192847
1.png,poisson,7,0.26111111111111107,median5,9.435548743724702,8.492402352781156
1.png,poisson,8,0.15555555555555556,gauss5,10.28663358844306,9.84279880820985
1.png,poisson,8,0.15555555555555556,median5,10.069141481560894,9.253756904703526
1.png,poisson,9,0.05,gauss5,10.677302878912176,10.683729627489583
1.png,poisson,9,0.05,median5,10.033407222242925,10.022679288922536
1.png,jpeg,0,95.0,gauss5,-7.621609946754383,-8.13165006943619
1.png,jpeg,0,95.0,median5,-8.661691032568683,-9.460035210590647
1.png,jpeg,1,85.0,gauss5,-3.6569933014080505,-3.891615357166323
1.png,jpeg,1,85.0,median5,-4.54351129318983,-5.044117005271815
1.png,jpeg,2,75.0,gauss5,-2.441893810772811,-2.651735056107114
1.png,jpeg,2,75.0,median5,-3.143320951999911,-3.6768879913415518
1.png,jpeg,3,65.0,gauss5,-1.730595183637746,-1.9151908340215869
1.png,jpeg,3,65.0,median5,-2.3049384762401246,-2.8436401020099638
1.png,jpeg,4,55.0,gauss5,-1.2135313818067672,-1.3931350600726233
1.png,jpeg,4,55.0,median5,-1.6486097336795567,-2.1695042536168074
1.png,jpeg,5,45.0,gauss5,-0.818592096119346,-0.9592306737851928
1.png,jpeg,5,45.0,median5,-1.1277795511445063,-1.6849427409265019
1.png,jpeg,6,35.0,gauss5,-0.47269473365112447,-0.5553827562172131
1.png,jpeg,6,35.0,median5,-0.6113546811856665,-1.0969564704868588
1.png,jpeg,7,25.0,gauss5,-0.15201349916284101,0.055749328391812014
1.png,jpeg,7,25.0,median5,-0.09002068424013743,-0.24569002373775106
1.png,jpeg,8,15.0,gauss5,0.18830847361324032,0.6749102271645171
1.png,jpeg,8,15.0,median5,0.2954895820483472,0.4213118921889958
1.png,jpeg,9,5.0,gauss5,0.6638575509193174,1.4522359549809885
1.png,jpeg,9,5.0,median5,0.36388068426288456,0.9334904419185932
1.png,blur,0,1.0,gauss5,,
1.png,blur,0,1.0,median5,,
1.png,blur,1,5.0,gauss5,-2.2824662655331096,-2.2019375326669604
1.png,blur,1,5.0,median5,-1.8158172221829645,-1.9667009953196128
1.png,blur,2,9.0,gauss5,-1.0321625381516597,-0.8950717659235679
1.png,blur,2,9.0,median5,-0.4788381369675747,-0.6011257437156416
1.png,blur,3,11.0,gauss5,-0.7817918915167326,-0.6641556575197249
1.png,blur,3,11.0,median5,-0.3044926523628071,-0.4042798350840222
1.png,blur,4,15.0,gauss5,-0.4695513199437542,-0.3936959052907021
1.png,blur,4,15.0,median5,-0.14554177978375193,-0.22281624200624606
1.png,blur,5,19.0,gauss5,-0.2999306693655761,-0.2507352470682598
1.png,blur,5,19.0,median5,-0.08504520850085484,-0.1424535086795835
1.png,blur,6,21.0,gauss5,-0.2540389123569149,-0.21079452362155493
1.png,blur,6,21.0,median5,-0.0698316506290908,-0.12184508088224177
1.png,blur,7,25.0,gauss5,-0.17374835170761926,-0.14078725574971784
1.png,blur,7,25.0,median5,-0.046447881463382856,-0.08322402411336327
1.png,blur,8,29.0,gauss5,-0.12297928572342087,-0.10484494471378625
1.png,blur,8,29.0,median5,-0.03435984833341621,-0.07035924273681715
1.png,blur,9,31.0,gauss5,-0.10337693213896415,-0.08965203040373382
1.png,blur,9,31.0,median5,-0.029825471781954604,-0.06484491640768653
10.png,poisson,0,1.0,gauss5,6.322413723208651,9.582754743931066
10.png,poisson,0,1.0,median5,9.26964141183785,8.748189372158183
10.png,poisson,1,0.8944444444444445,gauss5,6.614657966689062,10.0293038184819
10.png,poisson,1,0.8944444444444445,median5,9.236790435366974,9.028924391438139
10.png,poisson,2,0.7888888888888889,gauss5,6.954774806750649,10.049549779492665
10.png,poisson,2,0.7888888888888889,median5,9.500518453037976,9.405494240210182
10.png,poisson,3,0.6833333333333333,gauss5,7.321756953986863,10.273171515555461
10.png,poisson,3,0.6833333333333333,median5,9.705080808338899,9.612338966185028
10.png,poisson,4,0.5777777777777777,gauss5,7.7975344823389605,10.374435083421524
10.png,poisson,4,0.5777777777777777,median5,10.013205025230285,9.821088446852642
10.png,poisson,5,0.4722222222222222,gauss5,8.261411884570311,10.648073522589122
10.png,poisson,5,0.4722222222222222,median5,10.258914204401517,10.324399652908127
10.png,poisson,6,0.3666666666666667,gauss5,8.745308717381366,10.852236880596749
10.png,poisson,6,0.3666666666666667,median5,10.497937117845318,10.539691788764713
10.png,poisson,7,0.26111111111111107,gauss5,9.334465136954318,11.020591423301205
10.png,poisson,7,0.26111111111111107,median5,10.786447352757438,10.93477053698659
10.png,poisson,8,0.15555555555555556,gauss5,9.997170939399737,11.080413568239258
10.png,poisson,8,0.15555555555555556,median5,10.93734706133797,11.135275714352723
10.png,poisson,9,0.05,gauss5,10.640824257075378,11.168312292243165
10.png,poisson,9,0.05,median5,10.31706523077514,10.335984048786216
10.png,jpeg,0,95.0,gauss5,-12.014045348861657,-5.251803796767327
10.png,jpeg,0,95.0,median5,-6.0898310884271964,-6.530036179166245
10.png,jpeg,1,85.0,gauss5,-9.193077465857314,-2.722845043827718
10.png,jpeg,1,85.0,median5,-3.256794559983959,-3.8181651942716073
10.png,jpeg,2,75.0,gauss5,-7.7854442957456484,-1.4179238617016523
10.png,jpeg,2,75.0,median5,-1.9305250897826767,-2.307378788789542
10.png,jpeg,3,65.0,gauss5,-6.8814811299110445,-0.754775619336364
10.png,jpeg,3,65.0,median5,-1.1332048026995594,-1.5577339593173676
10.png,jpeg,4,55.0,gauss5,-6.06672484119121,0.0009299418828376815
10.png,jpeg,4,55.0,median5,-0.5572163995388308,-0.8095015066624143
10.png,jpeg,5,45.0,gauss5,-5.433778015481721,0.26838722953742433
10.png,jpeg,5,45.0,median5,-0.17925942709916853,-0.39623058175293835
10.png,jpeg,6,35.0,gauss5,-4.725278295246852,0.5376725055452027
10.png,jpeg,6,35.0,median5,0.19545254508338417,-0.049094344953822144
10.png,jpeg,7,25.0,gauss5,-3.78901193880597,0.9699377795705715
10.png,jpeg,7,25.0,median5,0.5614570134528236,0.6196923401662886
10.png,jpeg,8,15.0,gauss5,-2.163199895290319,1.7383530235655442
10.png,jpeg,8,15.0,median5,0.8858701716079196,1.5855528958897551
10.png,jpeg,9,5.0,gauss5,0.19802641980838231,2.0012362169987092
10.png,jpeg,9,5.0,median5,0.692606835696381,1.5732885817069935
10.png,blur,0,1.0,gauss5,,
10.png,blur,0,1.0,median5,,
10.png,blur,1,5.0,gauss5,-1.7254266994143563,-3.035565204704085
10.png,blur,1,5.0,median5,-0.7031153842466082,-2.8620412068324583
10.png,blur,2,9.0,gauss5,-0.6961554350610974,-1.4252577207207864
10.png,blur,2,9.0,median5,-0.33454977358410787,-1.1489737558431585
10.png,blur,3,11.0,gauss5,-0.5439502699331236,-1.083154492690447
10.png,blur,3,11.0,median5,-0.2653164863412343,-0.8558964616836278
10.png,blur,4,15.0,gauss5,-0.35125738056046174,-0.668303970567429
10.png,blur,4,15.0,median5,-0.1737023209954991,-0.49870276080972076
10.png,blur,5,19.0,gauss5,-0.2442165998846022,-0.4217509566420006
10.png,blur,5,19.0,median5,-0.11605092152879593,-0.3130091247332736
10.png,blur,6,21.0,gauss5,-0.22162205665722823,-0.3482851296228979
10.png,blur,6,21.0,median5,-0.09906518070471293,-0.25769392065545915
10.png,blur,7,25.0,gauss5,-0.1487284369788,-0.2339027659499635
10.png,blur,7,25.0,median5,-0.06135110636941832,-0.17656935474927593
10.png,blur,8,29.0,gauss5,-0.1283651409192217,-0.15694153731164207
10.png,blur,8,29.0,median5,-0.04712736418976249,-0.13063142268247319
10.png,blur,9,31.0,gauss5,-0.10581241197575864,-0.12707831556101468
10.png,blur,9,31.0,median5,-0.036023291037768246,-0.11139962462859287
100.png,poisson,0,1.0,gauss5,5.308482378035407,6.512694619469116
100.png,poisson,0,1.0,median5,6.214983395176976,5.084012242055756
100.png,poisson,1,0.8944444444444445,gauss5,5.612193559667357,6.932612248374628
100.png,poisson,1,0.8944444444444445,median5,6.468009736531741,5.542912388667208
100.png,poisson,2,0.7888888888888889,gauss5,6.015810409697863,7.148429873868277
100.png,poisson,2,0.7888888888888889,median5,6.846961477803269,5.99523322144417
100.png,poisson,3,0.6833333333333333,gauss5,6.448477387403322,7.6570770311100205
100.png,poisson,3,0.6833333333333333,median5,7.267572229786982,6.419553326544264
100.png,poisson,4,0.5777777777777777,gauss5,6.902177126310274,7.955742207396199
100.png,poisson,4,0.5777777777777777,median5,7.670297122866309,6.74246416551723
100.png,poisson,5,0.4722222222222222,gauss5,7.429538011780362,8.485288061315504
100.png,poisson,5,0.4722222222222222,median5,8.182228204609206,7.398042034099742
100.png,poisson,6,0.3666666666666667,gauss5,8.03885161080877,8.888046488793563
100.png,poisson,6,0.3666666666666667,median5,8.678336658404806,7.947852984886623
100.png,poisson,7,0.26111111111111107,gauss5,8.693997964895512,9.262725841949106
100.png,poisson,7,0.26111111111111107,median5,9.29242086018617,8.68995213823094
100.png,poisson,8,0.15555555555555556,gauss5,9.527130460113675,10.094165756029017
100.png,poisson,8,0.15555555555555556,median5,9.95029318905155,9.612090432143535
100.png,poisson,9,0.05,gauss5,10.400364342228201,10.954618062306992
100.png,poisson,9,0.05,median5,9.958685136431587,10.524769386233565
100.png,jpeg,0,95.0,gauss5,-10.446965973876821,-7.901284342189072
100.png,jpeg,0,95.0,median5,-9.191430103416131,-9.736180703389032
100.png,jpeg,1,85.0,gauss5,-5.941955769201691,-3.112074399352508
100.png,jpeg,1,85.0,median5,-4.5933222146661095,-4.819314086298689
100.png,jpeg,2,75.0,gauss5,-4.674842097300356,-1.881516586135227
100.png,jpeg,2,75.0,median5,-3.1888965660498556,-3.3858879171883345
100.png,jpeg,3,65.0,gauss5,-3.9352263167202537,-1.1284577715184128
100.png,jpeg,3,65.0,median5,-2.3503572320551314,-2.4686182896468125
100.png,jpeg,4,55.0,gauss5,-3.3396633897943175,-0.6879886910918458
100.png,jpeg,4,55.0,median5,-1.6639988732695983,-1.7829989666324408
100.png,jpeg,5,45.0,gauss5,-2.911192299049574,-0.27861821698554223
100.png,jpeg,5,45.0,median5,-1.1616109782688824,-1.253755030437894
100.png,jpeg,6,35.0,gauss5,-2.4766911180358306,0.03281973907989766
100.png,jpeg,6,35.0,median5,-0.6556007702072222,-0.7089092905378678
100.png,jpeg,7,25.0,gauss5,-1.864263321246689,0.33564327108143743
100.png,jpeg,7,25.0,median5,-0.07331135619763529,-0.12637746266242544
100.png,jpeg,8,15.0,gauss5,-1.0566417186999324,0.7402931379374422
100.png,jpeg,8,15.0,median5,0.26773064667919044,0.48125986877158766
100.png,jpeg,9,5.0,gauss5,0.060748386309263935,1.0443866507663557
100.png,jpeg,9,5.0,median5,0.2931987430748464,0.6621253156429248
100.png,blur,0,1.0,gauss5,,
100.png,blur,0,1.0,median5,,
100.png,blur,1,5.0,gauss5,-1.7194695841710157,-1.6166427355036674
100.png,blur,1,5.0,median5,-0.9836375869098362,-1.7935068018817404
100.png,blur,2,9.0,gauss5,-0.7610532814293514,-0.5942228528557294
100.png,blur,2,9.0,median5,-0.22308605334494302,-0.47343119473610784
100.png,blur,3,11.0,gauss5,-0.6193999129247452,-0.44223103456062063
100.png,blur,3,11.0,median5,-0.136537372232457,-0.3003725299713196
100.png,blur,4,15.0,gauss5,-0.4146597268080434,-0.27523200269297377
100.png,blur,4,15.0,median5,-0.0620003400973701,-0.1543731135914932
100.png,blur,5,19.0,gauss5,-0.2792823512742757,-0.18038922196567242
100.png,blur,5,19.0,median5,-0.03779014164534189,-0.09891654663100624
100.png,blur,6,21.0,gauss5,-0.24084324480809371,-0.16429350388816744
100.png,blur,6,21.0,median5,-0.03326307485757596,-0.08761734944458865
100.png,blur,7,25.0,gauss5,-0.15874923461365853,-0.1155642804919843
100.png,blur,7,25.0,median5,-0.023527643919408092,-0.06960731542866228
100.png,blur,8,29.0,gauss5,-0.12141814824702024,-0.08767991544104703
100.png,blur,8,29.0,median5,-0.01923302636075519,-0.06010505722743886
100.png,blur,9,31.0,gauss5,-0.09899905019015875,-0.0715893772168208
100.png,blur,9,31.0,median5,-0.016877429748458184,-0.054017780701709484
101.png,poisson,0,1.0,gauss5,7.912567992583568,6.01461693663526
101.png,poisson,0,1.0,median5,6.796338075281334,4.3111813279387015
101.png,poisson,1,0.8944444444444445,gauss5,8.149579071528642,6.712696011420331
101.png,poisson,1,0.8944444444444445,median5,7.0390378491764025,5.0739829894406405
101.png,poisson,2,0.7888888888888889,gauss5,8.413786580521197,7.089282671597964
101.png,poisson,2,0.7888888888888889,median5,7.403241672625207,5.51026915292352
101.png,poisson,3,0.6833333333333333,gauss5,8.70190645897209,7.4612396840601924
101.png,poisson,3,0.6833333333333333,median5,7.793514109196863,5.936332867102077
101.png,poisson,4,0.5777777777777777,gauss5,9.002385394976734,7.987824757908502
101.png,poisson,4,0.5777777777777777,median5,8.18805704296971,6.479012486306235
101.png,poisson,5,0.4722222222222222,gauss5,9.332448562754742,8.322184205604131
101.png,poisson,5,0.4722222222222222,median5,8.657167434645864,6.910609851448058
101.png,poisson,6,0.3666666666666667,gauss5,9.68911284708063,8.93755462741002
101.png,poisson,6,0.3666666666666667,median5,9.12503266527387,7.558783362681229
101.png,poisson,7,0.26111111111111107,gauss5,10.071477460194991,9.176117780081771
101.png,poisson,7,0.26111111111111107,median5,9.708570566364187,8.219776276470594
101.png,poisson,8,0.15555555555555556,gauss5,10.512715947116188,10.103198098353353
101.png,poisson,8,0.15555555555555556,median5,10.30252461813074,9.723574606272908
101.png,poisson,9,0.05,gauss5,10.946440711144719,10.883359860329872
101.png,poisson,9,0.05,median5,10.293570128381274,10.327562943688353
101.png,jpeg,0,95.0,gauss5,-6.451783946433494,-8.065405473072772
101.png,jpeg,0,95.0,median5,-8.47675110875921,-9.673372701667752
101.png,jpeg,1,85.0,gauss5,-2.4646824568795367,-3.612762065499055
101.png,jpeg,1,85.0,median5,-4.293196925076735,-5.154976854016169
101.png,jpeg,2,75.0,gauss5,-1.356023601511275,-2.44626494643947
101.png,jpeg,2,75.0,median5,-2.94436331999637,-3.7892337443869337
101.png,jpeg,3,65.0,gauss5,-0.7322313631425672,-1.7351990937967798
101.png,jpeg,3,65.0,median5,-2.1070712649985097,-3.02233216828364
101.png,jpeg,4,55.0,gauss5,-0.3046611433231661,-1.2925018761613813
101.png,jpeg,4,55.0,median5,-1.4569086663088626,-2.4477162092332065
101.png,jpeg,5,45.0,gauss5,-0.04679466914266328,-0.8796151599222881
101.png,jpeg,5,45.0,median5,-0.95906261039773,-1.8679771632280762
101.png,jpeg,6,35.0,gauss5,0.18013173479712918,-0.44495827802541044
101.png,jpeg,6,35.0,median5,-0.46900827278493296,-1.4051905185857265
101.png,jpeg,7,25.0,gauss5,0.36525694682711674,-0.02687583710239494
101.png,jpeg,7,25.0,median5,-0.02647939017858647,-0.6947361793449005
101.png,jpeg,8,15.0,gauss5,0.4977843752195952,0.7937733457047571
101.png,jpeg,8,15.0,median5,0.2743824002790447,0.29796212022264257
101.png,jpeg,9,5.0,gauss5,0.7534215850949764,1.3424493923442284
101.png,jpeg,9,5.0,median5,0.1684633217923306,0.952741932647772
101.png,blur,0,1.0,gauss5,,
101.png,blur,0,1.0,median5,,
101.png,blur,1,5.0,gauss5,-1.5224362296976395,-2.125090374662122
101.png,blur,1,5.0,median5,-1.9620095545430232,-2.2018153467662387
101.png,blur,2,9.0,gauss5,-0.4823252039791015,-0.8908547918627789
101.png,blur,2,9.0,median5,-0.5579235579171353,-0.7855096192680158
101.png,blur,3,11.0,gauss5,-0.3320116279374403,-0.6664542046131317
101.png,blur,3,11.0,median5,-0.3682293429701957,-0.5695381491482365
101.png,blur,4,15.0,gauss5,-0.1728170445120938,-0.41816886712712886
101.png,blur,4,15.0,median5,-0.18512891962421918,-0.3499704245520938
101.png,blur,5,19.0,gauss5,-0.10251485644954528,-0.2781340651129014
101.png,blur,5,19.0,median5,-0.11120273422191929,-0.2333233885183006
101.png,blur,6,21.0,gauss5,-0.0880067534569946,-0.23786767850025115
101.png,blur,6,21.0,median5,-0.09622737471139686,-0.20378560539683122
101.png,blur,7,25.0,gauss5,-0.05317651072688534,-0.1640050501489796
101.png,blur,7,25.0,median5,-0.0659694754504514,-0.14625469656915158
101.png,blur,8,29.0,gauss5,-0.035629584892603816,-0.1078926726336995
101.png,blur,8,29.0,median5,-0.05017929546976774,-0.11061619773087372
101.png,blur,9,31.0,gauss5,-0.028116955418681755,-0.09050552905813447
101.png,blur,9,31.0,median5,-0.04322592003499892,-0.09775481874503811
102.png,poisson,0,1.0,gauss5,1.6711813563477236,6.03074885312979
102.png,poisson,0,1.0,median5,5.619044119402545,4.634770967567821
102.png,poisson,1,0.8944444444444445,gauss5,2.108686517948364,6.356006804618552
102.png,poisson,1,0.8944444444444445,median5,5.910033263308435,4.818979592623599
102.png,poisson,2,0.7888888888888889,gauss5,2.576565030002463,6.783252132821321
102.png,poisson,2,0.7888888888888889,median5,6.277405421885909,5.267214301421035
102.png,poisson,3,0.6833333333333333,gauss5,3.121196300923849,7.248090999080887
102.png,poisson,3,0.6833333333333333,median5,6.729731069806537,5.864930243362778
102.png,poisson,4,0.5777777777777777,gauss5,3.713268164684507,7.55444156431394
102.png,poisson,4,0.5777777777777777,median5,7.183842649605129,6.130119587173439
102.png,poisson,5,0.4722222222222222,gauss5,4.41113492054842,8.112302400624209
102.png,poisson,5,0.4722222222222222,median5,7.721253451201569,6.8775442216458735
102.png,poisson,6,0.3666666666666667,gauss5,5.2329757711020335,8.757781253327135
102.png,poisson,6,0.3666666666666667,median5,8.256147583092698,7.810909388534409
102.png,poisson,7,0.26111111111111107,gauss5,6.252876059470903,9.25988268861165
102.png,poisson,7,0.26111111111111107,median5,8.905820794215746,8.525223396055235
102.png,poisson,8,0.15555555555555556,gauss5,7.567162098504912,9.800215226147778
102.png,poisson,8,0.15555555555555556,median5,9.559118693848681,9.23121744675306
102.png,poisson,9,0.05,gauss5,9.298507115852647,10.904790771359286
102.png,poisson,9,0.05,median5,9.67398498091389,10.122813722035518
102.png,jpeg,0,95.0,gauss5,-14.581352611553271,-8.511720471906031
102.png,jpeg,0,95.0,median5,-9.643210724230947,-10.379940669814331
102.png,jpeg,1,85.0,gauss5,-9.8868966942034,-3.709208169376467
102.png,jpeg,1,85.0,median5,-4.900839163861512,-5.4775818666900165
102.png,jpeg,2,75.0,gauss5,-8.497952305084453,-2.400787566706555
102.png,jpeg,2,75.0,median5,-3.448518663490603,-3.983826382856151
102.png,jpeg,3,65.0,gauss5,-7.703913615480065,-1.7347872728698448
102.png,jpeg,3,65.0,median5,-2.5946822996607324,-3.1551715253363852
102.png,jpeg,4,55.0,gauss5,-7.040834052306522,-1.2221081477331381
102.png,jpeg,4,55.0,median5,-1.9123408362855017,-2.490749220337129
102.png,jpeg,5,45.0,gauss5,-6.496912829149881,-0.784440685529951
102.png,jpeg,5,45.0,median5,-1.3910714211616835,-1.9579726889296651
102.png,jpeg,6,35.0,gauss5,-5.924516469647251,-0.35899620000557064
102.png,jpeg,6,35.0,median5,-0.8183830120057891,-1.337664916403412
102.png,jpeg,7,25.0,gauss5,-5.102238230920619,0.06595857996165932
102.png,jpeg,7,25.0,median5,-0.23899907745075666,-0.6031023148514976
102.png,jpeg,8,15.0,gauss5,-4.1005992300356695,0.5517617624519886
102.png,jpeg,8,15.0,median5,0.3788506442981898,0.1545804252417824
102.png,jpeg,9,5.0,gauss5,-1.8233840556771028,0.9563189251387527
102.png,jpeg,9,5.0,median5,0.5696282704425428,0.611866668643362
102.png,blur,0,1.0,gauss5,,
102.png,blur,0,1.0,median5,,
102.png,blur,1,5.0,gauss5,-1.3173082737189965,-1.8684415547277737
102.png,blur,1,5.0,median5,-0.5225322268274546,-2.0816292043285856
102.png,blur,2,9.0,gauss5,-0.40357607968669384,-0.6726411395329137
102.png,blur,2,9.0,median5,-0.1594917707560981,-0.5995141420213059
102.png,blur,3,11.0,gauss5,-0.2939013799930592,-0.48079548626306945
102.png,blur,3,11.0,median5,-0.111272606780215,-0.39169850977203424
102.png,blur,4,15.0,gauss5,-0.1559447299151273,-0.26047419632747193
102.png,blur,4,15.0,median5,-0.060954053043058565,-0.2161106120688494
102.png,blur,5,19.0,gauss5,-0.09199881125907794,-0.16625623090828867
102.png,blur,5,19.0,median5,-0.03886673983945954,-0.126239728478712
102.png,blur,6,21.0,gauss5,-0.08665571716635156,-0.14427505147594033
102.png,blur,6,21.0,median5,-0.0364598779543428,-0.11677579114665448
102.png,blur,7,25.0,gauss5,-0.02291989308097797,-0.10557469703695332
102.png,blur,7,25.0,median5,-0.01614125186778992,-0.08002911014311564
102.png,blur,8,29.0,gauss5,-0.042089053649533525,-0.07136101375323278
102.png,blur,8,29.0,median5,-0.018990620339977227,-0.060078860117265265
102.png,blur,9,31.0,gauss5,-0.020193376233404337,-0.06087058395828748
102.png,blur,9,31.0,median5,-0.011987305076520016,-0.04925949386239381
103.png,poisson,0,1.0,gauss5,7.190021019899433,6.606899914432425
103.png,poisson,0,1.0,median5,6.249350219680501,5.283571546838196
103.png,poisson,1,0.8944444444444445,gauss5,7.448946910470365,6.976034393234741
103.png,poisson,1,0.8944444444444445,median5,6.547796364387455,5.772922982034544
103.png,poisson,2,0.7888888888888889,gauss5,7.72393521333392,7.3106277803208854
103.png,poisson,2,0.7888888888888889,median5,6.914717982875171,6.029299736513309
103.png,poisson,3,0.6833333333333333,gauss5,8.083552536301408,7.675033290658188
103.png,poisson,3,0.6833333333333333,median5,7.299980205624426,6.518986319363172
103.png,poisson,4,0.5777777777777777,gauss5,8.451963107758356,8.070203771917448
103.png,poisson,4,0.5777777777777777,median5,7.78562928453584,6.968434906993323
103.png,poisson,5,0.4722222222222222,gauss5,8.822903173549452,8.366762651352403
103.png,poisson,5,0.4722222222222222,median5,8.239094534555523,7.596272304315164
103.png,poisson,6,0.3666666666666667,gauss5,9.247645434724035,9.03762179512512
103.png,poisson,6,0.3666666666666667,median5,8.80734685384186,8.314325300228631
103.png,poisson,7,0.26111111111111107,gauss5,9.707933904490698,9.439511568930143
103.png,poisson,7,0.26111111111111107,median5,9.412743271681197,8.98160826052436
103.png,poisson,8,0.15555555555555556,gauss5,10.261072657100382,10.37695330529931
103.png,poisson,8,0.15555555555555556,median5,10.062771088933449,10.092954988032552
103.png,poisson,9,0.05,gauss5,10.67697451724813,10.92808325282159
103.png,poisson,9,0.05,median5,10.175483717553533,10.534491215594372
103.png,jpeg,0,95.0,gauss5,-7.246947541835709,-7.596319021408796
103.png,jpeg,0,95.0,median5,-8.869995526430785,-9.269898429669773
103.png,jpeg,1,85.0,gauss5,-2.4465219316248366,-2.7570353185678584
103.png,jpeg,1,85.0,median5,-3.968673646264868,-4.373937009943127
103.png,jpeg,2,75.0,gauss5,-1.3143096824114977,-1.4855939182659128
103.png,jpeg,2,75.0,median5,-2.628135019113806,-2.7935160788658635
103.png,jpeg,3,65.0,gauss5,-0.7710411677255564,-0.9507541938657553
103.png,jpeg,3,65.0,median5,-1.9059380039718192,-2.1400454639610444
103.png,jpeg,4,55.0,gauss5,-0.3843657801304019,-0.5728668029675248
103.png,jpeg,4,55.0,median5,-1.3344775629207177,-1.6211688958057593
103.png,jpeg,5,45.0,gauss5,-0.13527639325555185,-0.23309910031359493
103.png,jpeg,5,45.0,median5,-0.8965595187411068,-1.103051532914506
103.png,jpeg,6,35.0,gauss5,0.07944855605232704,0.008012297232795618
103.png,jpeg,6,35.0,median5,-0.448231875127874,-0.6359469493012568
103.png,jpeg,7,25.0,gauss5,0.24827966814316937,0.3883848371124188
103.png,jpeg,7,25.0,median5,-0.028075439469418484,0.0023159515424708843
103.png,jpeg,8,15.0,gauss5,0.3795783894886924,0.7227944289951935
103.png,jpeg,8,15.0,median5,0.23165118807212792,0.5200124920308298
103.png,jpeg,9,5.0,gauss5,0.5686316780859748,1.1245677257902713
103.png,jpeg,9,5.0,median5,0.14481364821099163,0.5965580731474951
103.png,blur,0,1.0,gauss5,,
103.png,blur,0,1.0,median5,,
103.png,blur,1,5.0,gauss5,-1.081309550430781,-1.4220455640127483
103.png,blur,1,5.0,median5,-1.451951354438691,-1.5711549708347263
103.png,blur,2,9.0,gauss5,-0.29247415437541235,-0.5425118848284427
103.png,blur,2,9.0,median5,-0.369960403098311,-0.46712777308753317
103.png,blur,3,11.0,gauss5,-0.19976858175098755,-0.4051093151609706
103.png,blur,3,11.0,median5,-0.2404502640811188,-0.33312245375872607
103.png,blur,4,15.0,gauss5,-0.10246853310478343,-0.25579794010232604
103.png,blur,4,15.0,median5,-0.11818217555124022,-0.199386944542141
103.png,blur,5,19.0,gauss5,-0.06135430514827078,-0.1788055960046151
103.png,blur,5,19.0,median5,-0.07244228000964625,-0.13887205626855703
103.png,blur,6,21.0,gauss5,-0.0542077787087365,-0.16003822123334643
103.png,blur,6,21.0,median5,-0.06504709489768601,-0.12780293425407052
103.png,blur,7,25.0,gauss5,-0.03160646169011727,-0.10843429816693373
103.png,blur,7,25.0,median5,-0.04220928337462482,-0.09943753375307196
103.png,blur,8,29.0,gauss5,-0.02597690403703723,-0.08002387579202619
103.png,blur,8,29.0,median5,-0.03731117271136952,-0.08236270981973703
103.png,blur,9,31.0,gauss5,-0.021003110301577976,-0.06959405621040204
103.png,blur,9,31.0,median5,-0.03191073039820225,-0.07267261107110912
104.png,poisson,0,1.0,gauss5,6.689665390763686,6.895391551921552
104.png,poisson,0,1.0,median5,7.064920044069858,5.392536664777278
104.png,poisson,1,0.8944444444444445,gauss5,6.961394275930267,7.477490683728572
104.png,poisson,1,0.8944444444444445,median5,7.279441946062555,5.98512840513423
104.png,poisson,2,0.7888888888888889,gauss5,7.332559296714731,7.603598053824932
104.png,poisson,2,0.7888888888888889,median5,7.6500539024724326,6.048233015593176
104.png,poisson,3,0.6833333333333333,gauss5,7.662656022474405,8.180876761702844
104.png,poisson,3,0.6833333333333333,median5,7.955843323012683,6.716560394324848
104.png,poisson,4,0.5777777777777777,gauss5,8.061224262654825,8.474292481957043
104.png,poisson,4,0.5777777777777777,median5,8.366944602888253,7.254363346778817
104.png,poisson,5,0.4722222222222222,gauss5,8.43812950066624,9.046164250744454
104.png,poisson,5,0.4722222222222222,median5,8.743542213655463,7.84300596801269
104.png,poisson,6,0.3666666666666667,gauss5,8.898765590253397,9.331005464300624
104.png,poisson,6,0.3666666666666667,median5,9.22104287352893,8.466738359133888
104.png,poisson,7,0.26111111111111107,gauss5,9.466159234046465,9.678656727646448
104.png,poisson,7,0.26111111111111107,median5,9.751967126724931,9.084748125308177
104.png,poisson,8,0.15555555555555556,gauss5,9.989362517702837,10.251123739809866
104.png,poisson,8,0.15555555555555556,median5,10.127931793043416,9.769446730156545
104.png,poisson,9,0.05,gauss5,10.340275940068025,10.9839114847202
104.png,poisson,9,0.05,median5,9.936770456612187,10.620276081457645
104.png,jpeg,0,95.0,gauss5,-9.068825602971614,-7.365180902848536
104.png,jpeg,0,95.0,median5,-8.33144900577178,-9.264343568432594
104.png,jpeg,1,85.0,gauss5,-5.172690431978779,-3.4045052035934305
104.png,jpeg,1,85.0,median5,-4.296802351202771,-5.1505972872523955
104.png,jpeg,2,75.0,gauss5,-3.9557461013048325,-2.131258322941598
104.png,jpeg,2,75.0,median5,-2.948898565854684,-3.7332415864378987
104.png,jpeg,3,65.0,gauss5,-3.2156824401059367,-1.4263424357743872
104.png,jpeg,3,65.0,median5,-2.120866073941478,-2.816594072214478
104.png,jpeg,4,55.0,gauss5,-2.641809457199429,-0.8874206511037457
104.png,jpeg,4,55.0,median5,-1.4588113303159602,-2.07042192940051
104.png,jpeg,5,45.0,gauss5,-2.199712852363703,-0.5842964543095448
104.png,jpeg,5,45.0,median5,-0.9630665301404591,-1.5323590478935856
104.png,jpeg,6,35.0,gauss5,-1.6965117476940534,-0.05467937780065313
104.png,jpeg,6,35.0,median5,-0.43549701466646695,-0.8903823124814139
104.png,jpeg,7,25.0,gauss5,-1.0961800263359507,0.2520294017554576
104.png,jpeg,7,25.0,median5,0.08911131320175514,-0.2925246143021525
104.png,jpeg,8,15.0,gauss5,-0.404409485487065,0.6658601098778334
104.png,jpeg,8,15.0,median5,0.44026248288754743,0.2719845400766303
104.png,jpeg,9,5.0,gauss5,0.39530212472456583,1.2548219684950652
104.png,jpeg,9,5.0,median5,0.30646090426149186,0.7128218308137306
104.png,blur,0,1.0,gauss5,,
104.png,blur,0,1.0,median5,,
104.png,blur,1,5.0,gauss5,-2.186440796669089,-1.9885447662356626
104.png,blur,1,5.0,median5,-1.2491797616699714,-2.267865156393931
104.png,blur,2,9.0,gauss5,-0.9110774033794442,-0.7744226465531199
104.png,blur,2,9.0,median5,-0.3156302527687771,-0.742962080906814
104.png,blur,3,11.0,gauss5,-0.6689037067781314,-0.5652244683657699
104.png,blur,3,11.0,median5,-0.20738715051016143,-0.5237623581150999
104.png,blur,4,15.0,gauss5,-0.3893485125065155,-0.3179477262603889
104.png,blur,4,15.0,median5,-0.10794327679770177,-0.2873208762680157
104.png,blur,5,19.0,gauss5,-0.24756561040387837,-0.19374079606674144
104.png,blur,5,19.0,median5,-0.06666087085842776,-0.18657792532624384
104.png,blur,6,21.0,gauss5,-0.21662131929560502,-0.16276644964190012
104.png,blur,6,21.0,median5,-0.05725294306671458,-0.16486453206838192
104.png,blur,7,25.0,gauss5,-0.14952786394708895,-0.10549702768212654
104.png,blur,7,25.0,median5,-0.04026441988121121,-0.1204740330075218
104.png,blur,8,29.0,gauss5,-0.10893073203666503,-0.0760530136080888
104.png,blur,8,29.0,median5,-0.03193785613641609,-0.09717218287042328
104.png,blur,9,31.0,gauss5,-0.09221173975252839,-0.05971305431549112
104.png,blur,9,31.0,median5,-0.028098824374474418,-0.08625056034128065
105.png,poisson,0,1.0,gauss5,6.121370217007961,6.185051935037691
105.png,poisson,0,1.0,median5,7.130596242956397,4.434755867145377
105.png,poisson,1,0.8944444444444445,gauss5,6.417343931226505,6.5002327738083565
105.png,poisson,1,0.8944444444444445,median5,7.347259224587852,4.944479692072065
105.png,poisson,2,0.7888888888888889,gauss5,6.763971806710163,6.838368488092762
105.png,poisson,2,0.7888888888888889,median5,7.636265762612364,5.209257248622574
105.png,poisson,3,0.6833333333333333,gauss5,7.18552217639348,7.1408624751468395
105.png,poisson,3,0.6833333333333333,median5,8.035613730973996,5.47602290154963
105.png,poisson,4,0.5777777777777777,gauss5,7.578531618171457,7.7229281916686645
105.png,poisson,4,0.5777777777777777,median5,8.36798452620678,6.147422237695356
105.png,poisson,5,0.4722222222222222,gauss5,8.084110376261709,7.922458607349743
105.png,poisson,5,0.4722222222222222,median5,8.8218514231806,6.661770576266491
105.png,poisson,6,0.3666666666666667,gauss5,8.567934269526685,8.663085136436802
105.png,poisson,6,0.3666666666666667,median5,9.198787725647719,7.371444605945928
105.png,poisson,7,0.26111111111111107,gauss5,9.124651860696432,9.514706515274199
105.png,poisson,7,0.26111111111111107,median5,9.7147299870599,8.371697617519846
105.png,poisson,8,0.15555555555555556,gauss5,9.793652780826935,10.108938995180075
105.png,poisson,8,0.15555555555555556,median5,10.126423958307033,9.456169596292398
105.png,poisson,9,0.05,gauss5,10.31539042954218,10.809414727093175
105.png,poisson,9,0.05,median5,9.898436102480403,10.121026972295754
105.png,jpeg,0,95.0,gauss5,-10.383845777852635,-8.415430001830863
105.png,jpeg,0,95.0,median5,-8.538311071811222,-9.611458435507572
105.png,jpeg,1,85.0,gauss5,-6.532727237569482,-4.2244540684453895
105.png,jpeg,1,85.0,median5,-4.583244516332421,-5.268983683588132
105.png,jpeg,2,75.0,gauss5,-5.213435315652411,-2.9900510298199237
105.png,jpeg,2,75.0,median5,-3.202767884466752,-4.0261614532426435
105.png,jpeg,3,65.0,gauss5,-4.385050592693219,-2.2024516727556858
105.png,jpeg,3,65.0,median5,-2.3140016813988495,-3.1221649994861025
105.png,jpeg,4,55.0,gauss5,-3.734777556440548,-1.5713011827328316
105.png,jpeg,4,55.0,median5,-1.6049163934285104,-2.3489451522606117
105.png,jpeg,5,45.0,gauss5,-3.2100976020755567,-1.1031773474019673
105.png,jpeg,5,45.0,median5,-1.0703817547915335,-1.817533961880173
105.png,jpeg,6,35.0,gauss5,-2.619907167583385,-0.5904903432877333
105.png,jpeg,6,35.0,median5,-0.5123024849642661,-1.2295557593865496
105.png,jpeg,7,25.0,gauss5,-1.839564351339007,0.1412151288064294
105.png,jpeg,7,25.0,median5,0.10016775006729262,-0.38329286354025527
105.png,jpeg,8,15.0,gauss5,-0.9015995331881044,0.762964698672004
105.png,jpeg,8,15.0,median5,0.5508975484434018,0.4509313075072505
105.png,jpeg,9,5.0,gauss5,0.45979120231890747,1.4982168478290845
105.png,jpeg,9,5.0,median5,0.4957615000294382,1.1917283488250483
105.png,blur,0,1.0,gauss5,,
105.png,blur,0,1.0,median5,,
105.png,blur,1,5.0,gauss5,-1.972781399653428,-2.473840699639787
105.png,blur,1,5.0,median5,-1.1715398596367876,-2.2813363108896
105.png,blur,2,9.0,gauss5,-0.7894325655025831,-1.0293309638521002
105.png,blur,2,9.0,median5,-0.35753753109739606,-0.8159172181422107
105.png,blur,3,11.0,gauss5,-0.5814854472276565,-0.7640949656201386
105.png,blur,3,11.0,median5,-0.24488743491747655,-0.5861932521822659
105.png,blur,4,15.0,gauss5,-0.3340261462777576,-0.43888872059944006
105.png,blur,4,15.0,median5,-0.1327461781793211,-0.3476133482735193
105.png,blur,5,19.0,gauss5,-0.20707561427981602,-0.2788585101906058
105.png,blur,5,19.0,median5,-0.08313102792594407,-0.22073004987727174
105.png,blur,6,21.0,gauss5,-0.17995852654576794,-0.23466613503830303
105.png,blur,6,21.0,median5,-0.07269094487709538,-0.1847475794641973
105.png,blur,7,25.0,gauss5,-0.11498649300762409,-0.15004403670528887
105.png,blur,7,25.0,median5,-0.050221058859907686,-0.12018870823857597
105.png,blur,8,29.0,gauss5,-0.08951812444209395,-0.10446311602312974
105.png,blur,8,29.0,median5,-0.04137829069795629,-0.08762563867296436
105.png,blur,9,31.0,gauss5,-0.07223611176661748,-0.08363239190526883
105.png,blur,9,31.0,median5,-0.033592061691166464,-0.06665242872927735
106.png,poisson,0,1.0,gauss5,7.229969593018005,4.80625093033747
106.png,poisson,0,1.0,median5,6.19075961015082,3.89051780274643
106.png,poisson,1,0.8944444444444445,gauss5,7.480810376503165,5.317932564480024
106.png,poisson,1,0.8944444444444445,median5,6.484424616322542,4.316747150737342
106.png,poisson,2,0.7888888888888889,gauss5,7.756987670639244,5.761349734488714
106.png,poisson,2,0.7888888888888889,median5,6.836624082714405,4.803129597761409
106.png,poisson,3,0.6833333333333333,gauss5,8.095247986657366,6.172558225528768
106.png,poisson,3,0.6833333333333333,median5,7.241460954530442,5.178164223165016
106.png,poisson,4,0.5777777777777777,gauss5,8.481810275064873,6.7309341836594
106.png,poisson,4,0.5777777777777777,median5,7.741048559138093,5.697746164132887
106.png,poisson,5,0.4722222222222222,gauss5,8.829060322849134,7.2000299190572505
106.png,poisson,5,0.4722222222222222,median5,8.190047850554944,6.2573506692117675
106.png,poisson,6,0.3666666666666667,gauss5,9.291190780104618,7.970137360373922
106.png,poisson,6,0.3666666666666667,median5,8.746253878202555,7.038349101648855
106.png,poisson,7,0.26111111111111107,gauss5,9.751078872922985,8.754262077303537
106.png,poisson,7,0.26111111111111107,median5,9.389701933736866,7.770903022537375
106.png,poisson,8,0.15555555555555556,gauss5,10.305415152811246,9.280310693633705
106.png,poisson,8,0.15555555555555556,median5,10.076435166798358,8.86350209872727
106.png,poisson,9,0.05,gauss5,10.853446291156136,10.558112076343738
106.png,poisson,9,0.05,median5,10.236044255495962,9.89510339231642
106.png,jpeg,0,95.0,gauss5,-6.79439237236717,-8.339100512076236
106.png,jpeg,0,95.0,median5,-8.439770212500726,-8.902813295810304
106.png,jpeg,1,85.0,gauss5,-2.410563797720833,-3.404036363289471
106.png,jpeg,1,85.0,median5,-3.914666116026794,-3.968855955356233
106.png,jpeg,2,75.0,gauss5,-1.343307314019448,-2.1213182767709498
106.png,jpeg,2,75.0,median5,-2.6348334294526055,-2.505296290927575
106.png,jpeg,3,65.0,gauss5,-0.7928806393522834,-1.6188066015558817
106.png,jpeg,3,65.0,median5,-1.9114856117192218,-1.9475543602248138
106.png,jpeg,4,55.0,gauss5,-0.42065635553327496,-1.1865166321075407
106.png,jpeg,4,55.0,median5,-1.3367305357770078,-1.4538286383104477
106.png,jpeg,5,45.0,gauss5,-0.15438422844122357,-0.8413136219449626
106.png,jpeg,5,45.0,median5,-0.8978197124853509,-0.9753859739006785
106.png,jpeg,6,35.0,gauss5,0.07273992612981317,-0.4215773883485241
106.png,jpeg,6,35.0,median5,-0.44442942244062067,-0.5272087455898316
106.png,jpeg,7,25.0,gauss5,0.28809487580382864,0.058225879052599794
106.png,jpeg,7,25.0,median5,-0.0013319529084938608,0.06844903111346667
106.png,jpeg,8,15.0,gauss5,0.4839409267022674,0.5545629073679379
106.png,jpeg,8,15.0,median5,0.2905119874669566,0.6430200854380672
106.png,jpeg,9,5.0,gauss5,0.7741282839323844,1.1843375092020096
106.png,jpeg,9,5.0,median5,0.22000252671737286,1.0790970517703329
106.png,blur,0,1.0,gauss5,,
106.png,blur,0,1.0,median5,,
106.png,blur,1,5.0,gauss5,-1.287920456564187,-1.8692789033725674
106.png,blur,1,5.0,median5,-1.5995875006249918,-1.3594561468506186
106.png,blur,2,9.0,gauss5,-0.417968342592431,-0.8023918330305477
106.png,blur,2,9.0,median5,-0.4517168009618544,-0.46224655159349837
106.png,blur,3,11.0,gauss5,-0.29364294971379223,-0.5993830053504965
106.png,blur,3,11.0,median5,-0.2988586115042793,-0.32934360884429026
106.png,blur,4,15.0,gauss5,-0.16159923932255538,-0.3777167814882354
106.png,blur,4,15.0,median5,-0.14899049189319413,-0.21679239416993568
106.png,blur,5,19.0,gauss5,-0.10055114073307436,-0.26131006402496126
106.png,blur,5,19.0,median5,-0.09006566533087579,-0.15483254773869248
106.png,blur,6,21.0,gauss5,-0.0884128234779169,-0.22727812387911328
106.png,blur,6,21.0,median5,-0.08070656810476606,-0.1355832659806282
106.png,blur,7,25.0,gauss5,-0.054927107708238054,-0.1574766178180944
106.png,blur,7,25.0,median5,-0.05404649533357997,-0.09901150547749182
106.png,blur,8,29.0,gauss5,-0.043307305817513964,-0.11864077619728164
106.png,blur,8,29.0,median5,-0.04376741994571631,-0.07454487385836472
106.png,blur,9,31.0,gauss5,-0.03545938512839797,-0.09964180288456959
106.png,blur,9,31.0,median5,-0.038621351515423896,-0.06325024786843159
107.png,poisson,0,1.0,gauss5,7.9061692367197836,5.101528735850081
107.png,poisson,0,1.0,median5,6.758846249144604,3.2158985183486273
107.png,poisson,1,0.8944444444444445,gauss5,8.150041381020657,5.71185351571798
107.png,poisson,1,0.8944444444444445,median5,7.007523425964649,3.774766640023664
107.png,poisson,2,0.7888888888888889,gauss5,8.422549448590338,6.076203837532013
107.png,poisson,2,0.7888888888888889,median5,7.383707177522233,4.227112313578438
107.png,poisson,3,0.6833333333333333,gauss5,8.70829077445822,6.473979349408275
107.png,poisson,3,0.6833333333333333,median5,7.723183702310706,4.587857672057076
107.png,poisson,4,0.5777777777777777,gauss5,9.025989131558244,7.066902758673958
107.png,poisson,4,0.5777777777777777,median5,8.17177644988693,5.216202554784708
107.png,poisson,5,0.4722222222222222,gauss5,9.336527688738059,7.594771469320161
107.png,poisson,5,0.4722222222222222,median5,8.61116364063701,5.817781526003518
107.png,poisson,6,0.3666666666666667,gauss5,9.699041999125797,8.092285237079015
107.png,poisson,6,0.3666666666666667,median5,9.144308543040857,6.5145159051214065
107.png,poisson,7,0.26111111111111107,gauss5,10.041856828834213,8.792436157583921
107.png,poisson,7,0.26111111111111107,median5,9.687536168926894,7.426129045651344
107.png,poisson,8,0.15555555555555556,gauss5,10.545821720823586,9.545089389054247
107.png,poisson,8,0.15555555555555556,median5,10.333752537974288,8.664258771217504
107.png,poisson,9,0.05,gauss5,10.919579770715083,10.678357490795339
107.png,poisson,9,0.05,median5,10.346915658367246,9.780560602169718
107.png,jpeg,0,95.0,gauss5,-6.6888499396133625,-9.344024664515814
107.png,jpeg,0,95.0,median5,-8.746480524888192,-10.93033602059586
107.png,jpeg,1,85.0,gauss5,-2.695093160028698,-4.668384662410382
107.png,jpeg,1,85.0,median5,-4.571256877393893,-6.150072901432814
107.png,jpeg,2,75.0,gauss5,-1.525324179081295,-3.4197386725948675
107.png,jpeg,2,75.0,median5,-3.179508441726462,-4.80011069528544
107.png,jpeg,3,65.0,gauss5,-0.8909991897459122,-2.654591076547014
107.png,jpeg,3,65.0,median5,-2.3248915054925092,-3.994047352516695
107.png,jpeg,4,55.0,gauss5,-0.438645965780907,-2.018966631904661
107.png,jpeg,4,55.0,median5,-1.650052278575103,-3.1988176366442715
107.png,jpeg,5,45.0,gauss5,-0.1406699922016159,-1.5625997167449412
107.png,jpeg,5,45.0,median5,-1.1434058252603307,-2.6559601864981275
107.png,jpeg,6,35.0,gauss5,0.12209034353847414,-1.149885940644367
107.png,jpeg,6,35.0,median5,-0.6094407348630568,-1.9841770020205232
107.png,jpeg,7,25.0,gauss5,0.34445820770673663,-0.4532677527889959
107.png,jpeg,7,25.0,median5,-0.09823942360225146,-1.2006483307140812
107.png,jpeg,8,15.0,gauss5,0.5273503085390772,0.40105748648411677
107.png,jpeg,8,15.0,median5,0.2761295169028273,-0.14144805993031184
107.png,jpeg,9,5.0,gauss5,0.7402159816501666,1.0649176090789396
107.png,jpeg,9,5.0,median5,0.22218723223944892,0.5697664089405556
107.png,blur,0,1.0,gauss5,,
107.png,blur,0,1.0,median5,,
107.png,blur,1,5.0,gauss5,-1.6276840846286618,-2.3005614246335426
107.png,blur,1,5.0,median5,-2.0514983471026724,-2.208526005022314
107.png,blur,2,9.0,gauss5,-0.5310384559077832,-0.8692041167431945
107.png,blur,2,9.0,median5,-0.5820542407460536,-0.6937334669587614
107.png,blur,3,11.0,gauss5,-0.3662800169684317,-0.626876104070039
107.png,blur,3,11.0,median5,-0.3824563746231817,-0.49220387268850274
107.png,blur,4,15.0,gauss5,-0.19399825213582034,-0.3514213920922806
107.png,blur,4,15.0,median5,-0.1914100848854403,-0.27804602972928194
107.png,blur,5,19.0,gauss5,-0.11424274782694965,-0.21072444708689986
107.png,blur,5,19.0,median5,-0.11684996259008074,-0.18322897391599113
107.png,blur,6,21.0,gauss5,-0.09811515015497463,-0.18198698077343067
107.png,blur,6,21.0,median5,-0.10106716056858289,-0.1505226038396792
107.png,blur,7,25.0,gauss5,-0.060212664298788354,-0.1074937678660568
107.png,blur,7,25.0,median5,-0.06928774289752937,-0.10376565345429256
107.png,blur,8,29.0,gauss5,-0.040972977704385016,-0.07220868174977824
107.png,blur,8,29.0,median5,-0.05031236191457822,-0.07581595266827179
107.png,blur,9,31.0,gauss5,-0.03210031687819992,-0.06004827146468372
107.png,blur,9,31.0,median5,-0.04260144443182412,-0.06397047317820181
108.png,poisson,0,1.0,gauss5,3.865972158452479,7.201909700303933
108.png,poisson,0,1.0,median5,6.69862073958188,5.661278223590511
108.png,poisson,1,0.8944444444444445,gauss5,4.2729657955522775,7.489468350548499
108.png,poisson,1,0.8944444444444445,median5,6.9403627569512985,6.047532200884696
108.png,poisson,2,0.7888888888888889,gauss5,4.690888543189718,7.831428415325703
108.png,poisson,2,0.7888888888888889,median5,7.290111263927425,6.493102275365274
108.png,poisson,3,0.6833333333333333,gauss5,5.177091064943138,8.087120595511259
108.png,poisson,3,0.6833333333333333,median5,7.6576625187837415,6.8947593082114444
108.png,poisson,4,0.5777777777777777,gauss5,5.678572729107881,8.433570471904673
108.png,poisson,4,0.5777777777777777,median5,8.03045459669412,7.228763195458548
108.png,poisson,5,0.4722222222222222,gauss5,6.274166810492041,8.92532911277965
108.png,poisson,5,0.4722222222222222,median5,8.493384607493233,7.783720951001243
108.png,poisson,6,0.3666666666666667,gauss5,6.972677849328239,9.299925594058632
108.png,poisson,6,0.3666666666666667,median5,8.908329389759647,8.352815254831
108.png,poisson,7,0.26111111111111107,gauss5,7.79032342729532,9.800149413749551
108.png,poisson,7,0.26111111111111107,median5,9.486198458997258,9.209991829774282
108.png,poisson,8,0.15555555555555556,gauss5,8.808925134012,10.366978160999349
108.png,poisson,8,0.15555555555555556,median5,10.053150715888926,9.989386683805503
108.png,poisson,9,0.05,gauss5,9.88402206534131,11.054736362435458
108.png,poisson,9,0.05,median5,9.913445892074137,10.414754075054065
108.png,jpeg,0,95.0,gauss5,-12.720188159664715,-7.791198612057158
108.png,jpeg,0,95.0,median5,-8.824307961902505,-9.319219577802535
108.png,jpeg,1,85.0,gauss5,-8.487701919653883,-3.517972544651876
108.png,jpeg,1,85.0,median5,-4.5233450080206055,-4.9300125513777076
108.png,jpeg,2,75.0,gauss5,-7.182740667835329,-2.2332727561038794
108.png,jpeg,2,75.0,median5,-3.133887095781617,-3.4789140745657647
108.png,jpeg,3,65.0,gauss5,-6.378981093110678,-1.471907741837164
108.png,jpeg,3,65.0,median5,-2.293088414955335,-2.589188953683319
108.png,jpeg,4,55.0,gauss5,-5.764301618747744,-0.9583126715177386
108.png,jpeg,4,55.0,median5,-1.6200430650928723,-1.8976836108677446
108.png,jpeg,5,45.0,gauss5,-5.244668303045813,-0.5280875982040101
108.png,jpeg,5,45.0,median5,-1.1105492606213616,-1.3764148271081211
108.png,jpeg,6,35.0,gauss5,-4.700286482322227,-0.13644058656071678
108.png,jpeg,6,35.0,median5,-0.5705478940249691,-0.8342671044789469
108.png,jpeg,7,25.0,gauss5,-3.964511486904943,0.38146955759834356
108.png,jpeg,7,25.0,median5,-0.08284359615135628,-0.09330802679615147
108.png,jpeg,8,15.0,gauss5,-3.0599269047640227,0.8952687423406545
108.png,jpeg,8,15.0,median5,0.34682674437659955,0.6230176161358401
108.png,jpeg,9,5.0,gauss5,-1.0593580000751182,1.5506967538938063
108.png,jpeg,9,5.0,median5,0.47313472510603205,1.041979069657888
108.png,blur,0,1.0,gauss5,,
108.png,blur,0,1.0,median5,,
108.png,blur,1,5.0,gauss5,-1.3212564413073729,-2.069201553504179
108.png,blur,1,5.0,median5,-0.666944489842006,-2.0246599208109615
108.png,blur,2,9.0,gauss5,-0.4049794431247129,-0.8466166834668414
108.png,blur,2,9.0,median5,-0.2182236956062873,-0.6549429047598139
108.png,blur,3,11.0,gauss5,-0.297675713341512,-0.6576690682160908
108.png,blur,3,11.0,median5,-0.1566801606325363,-0.4692950645131333
108.png,blur,4,15.0,gauss5,-0.16623984538078673,-0.40518410631591095
108.png,blur,4,15.0,median5,-0.09297205644942608,-0.2688526568289973
108.png,blur,5,19.0,gauss5,-0.09848112157581568,-0.26907732794320793
108.png,blur,5,19.0,median5,-0.061899022587347474,-0.1763032977710246
108.png,blur,6,21.0,gauss5,-0.09425074857663063,-0.22995243341637206
108.png,blur,6,21.0,median5,-0.05637258797708711,-0.15731678446054076
108.png,blur,7,25.0,gauss5,-0.03710874028770661,-0.15007764044864302
108.png,blur,7,25.0,median5,-0.02730022128385201,-0.11039519715703605
108.png,blur,8,29.0,gauss5,-0.051007744715199976,-0.10415995895142416
108.png,blur,8,29.0,median5,-0.028359619441800987,-0.0851465428469389
108.png,blur,9,31.0,gauss5,-0.031951999625729144,-0.08417642056586416
108.png,blur,9,31.0,median5,-0.01816899061055821,-0.07447645131806269
109.png,poisson,0,1.0,gauss5,6.676022955500983,5.196283780345787
109.png,poisson,0,1.0,median5,5.574049861776132,3.6958672705850653
109.png,poisson,1,0.8944444444444445,gauss5,6.939303223204149,5.626766786941545
109.png,poisson,1,0.8944444444444445,median5,5.87491752229672,4.109233824403155
109.png,poisson,2,0.7888888888888889,gauss5,7.2967161437544625,6.056176570513955
109.png,poisson,2,0.7888888888888889,median5,6.277305033868725,4.626362240026559
109.png,poisson,3,0.6833333333333333,gauss5,7.64306035941015,6.560937721377989
109.png,poisson,3,0.6833333333333333,median5,6.740086652594208,5.0678655065425104
109.png,poisson,4,0.5777777777777777,gauss5,8.017344355774071,6.985090704192935
109.png,poisson,4,0.5777777777777777,median5,7.178914125761388,5.654183869976698
109.png,poisson,5,0.4722222222222222,gauss5,8.459218760144456,7.434765202164364
109.png,poisson,5,0.4722222222222222,median5,7.693220573005405,6.0920010010562535
109.png,poisson,6,0.3666666666666667,gauss5,8.953569497071879,8.084531787669835
109.png,poisson,6,0.3666666666666667,median5,8.309716467319596,6.964221859255648
109.png,poisson,7,0.26111111111111107,gauss5,9.52993210501511,8.881228600386699
109.png,poisson,7,0.26111111111111107,median5,9.072268709853297,8.011839471718318
109.png,poisson,8,0.15555555555555556,gauss5,10.144169657753991,9.782765714602451
109.png,poisson,8,0.15555555555555556,median5,9.856098205598144,8.894146587120659
109.png,poisson,9,0.05,gauss5,10.780823188921037,10.513568298096983
109.png,poisson,9,0.05,median5,10.155504644969618,9.830331025020401
109.png,jpeg,0,95.0,gauss5,-7.539752686725976,-8.687106376666854
109.png,jpeg,0,95.0,median5,-9.207590547052149,-10.14404959109416
109.png,jpeg,1,85.0,gauss5,-2.6059823676686236,-3.391878090252348
109.png,jpeg,1,85.0,median5,-4.177809746778252,-4.676321610941443
109.png,jpeg,2,75.0,gauss5,-1.4447314108536986,-1.9920969449106636
109.png,jpeg,2,75.0,median5,-2.805719826646502,-3.1130438112263903
109.png,jpeg,3,65.0,gauss5,-0.8914181006623636,-1.4386913383614228
109.png,jpeg,3,65.0,median5,-2.0703586909981055,-2.453102451844522
109.png,jpeg,4,55.0,gauss5,-0.5025043293949025,-0.9994482396720485
109.png,jpeg,4,55.0,median5,-1.507538667636517,-1.8650394375483756
109.png,jpeg,5,45.0,gauss5,-0.22721062663973157,-0.7411834133075033
109.png,jpeg,5,45.0,median5,-1.05588240260127,-1.4534081333158682
109.png,jpeg,6,35.0,gauss5,0.012204734087944757,-0.412598159426679
109.png,jpeg,6,35.0,median5,-0.5926899197013427,-1.1068677040879606
109.png,jpeg,7,25.0,gauss5,0.2291284503129063,0.006284262455004352
109.png,jpeg,7,25.0,median5,-0.11484001291163537,-0.47297861139657726
109.png,jpeg,8,15.0,gauss5,0.4117505701809776,0.6448345730972349
109.png,jpeg,8,15.0,median5,0.22593811482585124,0.23038639088365898
109.png,jpeg,9,5.0,gauss5,0.6727969656148041,1.3599663712069798
109.png,jpeg,9,5.0,median5,0.2334414541873393,0.7229141397585899
109.png,blur,0,1.0,gauss5,,
109.png,blur,0,1.0,median5,,
109.png,blur,1,5.0,gauss5,-1.1959206793188741,-1.6655311897623406
109.png,blur,1,5.0,median5,-1.536579293145472,-1.6297593773516539
109.png,blur,2,9.0,gauss5,-0.37079443038961557,-0.68126519933681
109.png,blur,2,9.0,median5,-0.42445008375502624,-0.5661133093606239
109.png,blur,3,11.0,gauss5,-0.26344858631888,-0.5273743820037993
109.png,blur,3,11.0,median5,-0.2853799305132583,-0.4239488368239499
109.png,blur,4,15.0,gauss5,-0.14520256464194148,-0.3226747985840994
109.png,blur,4,15.0,median5,-0.1477007078744208,-0.26448623266711024
109.png,blur,5,19.0,gauss5,-0.09087000265515144,-0.19599738435739766
109.png,blur,5,19.0,median5,-0.09009298217014816,-0.17023736150085256
109.png,blur,6,21.0,gauss5,-0.08005864021831144,-0.16772400244179053
109.png,blur,6,21.0,median5,-0.08106940968094278,-0.1476759027046235
109.png,blur,7,25.0,gauss5,-0.05005169601977855,-0.10492446748092021
109.png,blur,7,25.0,median5,-0.05176515617016264,-0.1029405231472893
109.png,blur,8,29.0,gauss5,-0.03923524858552341,-0.06990982677911362
109.png,blur,8,29.0,median5,-0.041315624351707214,-0.07251887675768742
109.png,blur,9,31.0,gauss5,-0.03185447706386668,-0.05252146375602962
109.png,blur,9,31.0,median5,-0.034395603562280996,-0.05823121534405118
11.png,poisson,0,1.0,gauss5,7.0871049939272375,5.9110504785009255
11.png,poisson,0,1.0,median5,6.090893380147225,4.663892969553736
11.png,poisson,1,0.8944444444444445,gauss5,7.346730728205564,6.357705902792809
11.png,poisson,1,0.8944444444444445,median5,6.369476758228224,4.895568672222236
11.png,poisson,2,0.7888888888888889,gauss5,7.635441778189563,6.5386476735943475
11.png,poisson,2,0.7888888888888889,median5,6.7309945370278506,5.175059489561441
11.png,poisson,3,0.6833333333333333,gauss5,8.00698457235768,7.169772819018732
11.png,poisson,3,0.6833333333333333,median5,7.155031096937172,5.892852085599422
11.png,poisson,4,0.5777777777777777,gauss5,8.391820491491437,7.667914535041707
11.png,poisson,4,0.5777777777777777,median5,7.645851303816286,6.353356727447981
11.png,poisson,5,0.4722222222222222,gauss5,8.785682817529029,8.100433534856094
11.png,poisson,5,0.4722222222222222,median5,8.1043580424492,6.900566459047759
11.png,poisson,6,0.3666666666666667,gauss5,9.254544768883314,8.613987721744472
11.png,poisson,6,0.3666666666666667,median5,8.729357855708912,7.838372999349833
11.png,poisson,7,0.26111111111111107,gauss5,9.694258084528066,8.87611757309838
11.png,poisson,7,0.26111111111111107,median5,9.367056755847852,8.25074778809076
11.png,poisson,8,0.15555555555555556,gauss5,10.27357831173779,9.722762859047247
11.png,poisson,8,0.15555555555555556,median5,10.033463122643713,9.352111300607692
11.png,poisson,9,0.05,gauss5,10.810757859379851,10.73029458411387
11.png,poisson,9,0.05,median5,10.187029225592767,9.852920076929106
11.png,jpeg,0,95.0,gauss5,-7.012536144550111,-8.345761655147442
11.png,jpeg,0,95.0,median5,-8.668511572867807,-9.641214783934451
11.png,jpeg,1,85.0,gauss5,-2.3941502939141373,-3.3380762942435283
11.png,jpeg,1,85.0,median5,-3.91424854190862,-4.491367065174025
11.png,jpeg,2,75.0,gauss5,-1.3024207749446717,-2.2123551246009754
11.png,jpeg,2,75.0,median5,-2.609641595337017,-3.2123743333274177
11.png,jpeg,3,65.0,gauss5,-0.7709266042108496,-1.6393491627246846
11.png,jpeg,3,65.0,median5,-1.8969353225972796,-2.482045961761351
11.png,jpeg,4,55.0,gauss5,-0.3921422361678566,-1.091264004357683
11.png,jpeg,4,55.0,median5,-1.332677979013063,-1.773253970218434
11.png,jpeg,5,45.0,gauss5,-0.1430373325590466,-0.8591594190549756
11.png,jpeg,5,45.0,median5,-0.9047290360875309,-1.458190689921338
11.png,jpeg,6,35.0,gauss5,0.07887484411751444,-0.3719698293787914
11.png,jpeg,6,35.0,median5,-0.4660426692093438,-0.886826174291599
11.png,jpeg,7,25.0,gauss5,0.2718427785379802,-0.10532053758952031
11.png,jpeg,7,25.0,median5,-0.035301901263622426,-0.5483413408067292
11.png,jpeg,8,15.0,gauss5,0.45733936261230923,0.5668188510485699
11.png,jpeg,8,15.0,median5,0.2872423598544671,0.38582399562639935
11.png,jpeg,9,5.0,gauss5,0.7151942304853875,1.0726307759986078
11.png,jpeg,9,5.0,median5,0.20516542307228747,0.6213428038876359
11.png,blur,0,1.0,gauss5,,
11.png,blur,0,1.0,median5,,
11.png,blur,1,5.0,gauss5,-1.1851449060746901,-1.7912411528721321
11.png,blur,1,5.0,median5,-1.5227310585671034,-1.621441606915873
11.png,blur,2,9.0,gauss5,-0.3685703595361218,-0.7417393453791767
11.png,blur,2,9.0,median5,-0.4242463840898836,-0.5502639627610435
11.png,blur,3,11.0,gauss5,-0.2601447595285862,-0.5624625269489805
11.png,blur,3,11.0,median5,-0.28634386937721246,-0.38496095534945596
11.png,blur,4,15.0,gauss5,-0.14255317550065882,-0.34842855254229477
11.png,blur,4,15.0,median5,-0.14859166860755124,-0.22625148843477305
11.png,blur,5,19.0,gauss5,-0.08729723913617704,-0.23479395749183496
11.png,blur,5,19.0,median5,-0.094226316907843,-0.16545212247256558
11.png,blur,6,21.0,gauss5,-0.07421911787961477,-0.19894931428223117
11.png,blur,6,21.0,median5,-0.08494766588734137,-0.15062905778118107
11.png,blur,7,25.0,gauss5,-0.04457727594711258,-0.13735774948177237
11.png,blur,7,25.0,median5,-0.05727981867601528,-0.10904104607464049
11.png,blur,8,29.0,gauss5,-0.03284157281012767,-0.09696742869273933
11.png,blur,8,29.0,median5,-0.046326469328469955,-0.08639023381561017
11.png,blur,9,31.0,gauss5,-0.02528441872278364,-0.08173600722520646
11.png,blur,9,31.0,median5,-0.03736787433724231,-0.08276264100221198
110.png,poisson,0,1.0,gauss5,4.445528561391946,7.959978161702907
110.png,poisson,0,1.0,median5,7.698462403683074,6.934105590571484
110.png,poisson,1,0.8944444444444445,gauss5,4.816320964040148,8.413066896588099
110.png,poisson,1,0.8944444444444445,median5,7.862961552903485,7.282250884917936
110.png,poisson,2,0.7888888888888889,gauss5,5.211785268441659,8.767364148717217
110.png,poisson,2,0.7888888888888889,median5,8.173576969703397,7.6484515637355095
110.png,poisson,3,0.6833333333333333,gauss5,5.647548344626266,8.903285074740882
110.png,poisson,3,0.6833333333333333,median5,8.493200459200558,8.109287202557187
110.png,poisson,4,0.5777777777777777,gauss5,6.176258880951778,9.353138991076136
110.png,poisson,4,0.5777777777777777,median5,8.833242624549332,8.608147862094576
110.png,poisson,5,0.4722222222222222,gauss5,6.7041817678958076,9.77079167530174
110.png,poisson,5,0.4722222222222222,median5,9.16900220763058,9.15948157938227
110.png,poisson,6,0.3666666666666667,gauss5,7.369449447350245,10.11590042743229
110.png,poisson,6,0.3666666666666667,median5,9.616900266579478,9.541778885534512
110.png,poisson,7,0.26111111111111107,gauss5,8.054524367955807,10.307376285752792
110.png,poisson,7,0.26111111111111107,median5,9.958496953695615,9.816537241275146
110.png,poisson,8,0.15555555555555556,gauss5,8.9492739001392,10.481947554721977
110.png,poisson,8,0.15555555555555556,median5,10.22352436257098,10.469095188472746
110.png,poisson,9,0.05,gauss5,9.651536122084709,10.788780898043203
110.png,poisson,9,0.05,median5,9.839411810166519,10.001224564948764
110.png,jpeg,0,95.0,gauss5,-12.603597206417703,-6.435510514088108
110.png,jpeg,0,95.0,median5,-8.029917500206473,-8.300171921626259
110.png,jpeg,1,85.0,gauss5,-8.64271288643829,-2.683823225238804
110.png,jpeg,1,85.0,median5,-3.9845956109043357,-4.350788527563218
110.png,jpeg,2,75.0,gauss5,-7.358228210338705,-1.6151856000359786
110.png,jpeg,2,75.0,median5,-2.6215801058048385,-3.051101498892905
110.png,jpeg,3,65.0,gauss5,-6.609119094937576,-0.9755513089230661
110.png,jpeg,3,65.0,median5,-1.819694888443287,-2.23479726006488
110.png,jpeg,4,55.0,gauss5,-5.9857893686133465,-0.5647229032474854
110.png,jpeg,4,55.0,median5,-1.1843464075893664,-1.6226811881498406
110.png,jpeg,5,45.0,gauss5,-5.461687320448881,-0.1289076527542079
110.png,jpeg,5,45.0,median5,-0.6735118155963491,-1.071333654105871
110.png,jpeg,6,35.0,gauss5,-4.828456477241456,0.07707781779642175
110.png,jpeg,6,35.0,median5,-0.15323272843128422,-0.6051301319893199
110.png,jpeg,7,25.0,gauss5,-4.149214554737956,0.38301699985791515
110.png,jpeg,7,25.0,median5,0.3315263234816257,-0.022619689886695937
110.png,jpeg,8,15.0,gauss5,-2.9627653205075077,0.928145324326934
110.png,jpeg,8,15.0,median5,0.7345008578572774,0.586381854988332
110.png,jpeg,9,5.0,gauss5,-0.5813073786952714,1.4768549479484037
110.png,jpeg,9,5.0,median5,0.6263418116552799,0.8763310304293341
110.png,blur,0,1.0,gauss5,,
110.png,blur,0,1.0,median5,,
110.png,blur,1,5.0,gauss5,-1.3602409114033662,-1.9625871509150556
110.png,blur,1,5.0,median5,-0.5970723811462513,-2.2457907559833785
110.png,blur,2,9.0,gauss5,-0.4394222818892999,-0.8576513879906713
110.png,blur,2,9.0,median5,-0.2021609161032032,-0.8520350955317255
110.png,blur,3,11.0,gauss5,-0.321547613458236,-0.6468828489975422
110.png,blur,3,11.0,median5,-0.15061458921443815,-0.6243174164110741
110.png,blur,4,15.0,gauss5,-0.1764712527200878,-0.4051384877521045
110.png,blur,4,15.0,median5,-0.09473034341972664,-0.3783831628014447
110.png,blur,5,19.0,gauss5,-0.1028857507953731,-0.26798255711685925
110.png,blur,5,19.0,median5,-0.06166490752115905,-0.24600139499873563
110.png,blur,6,21.0,gauss5,-0.09477645518793665,-0.22717925510369597
110.png,blur,6,21.0,median5,-0.057908357199611515,-0.21721154919278618
110.png,blur,7,25.0,gauss5,-0.03227423598380952,-0.15433029232466922
110.png,blur,7,25.0,median5,-0.032441987098007274,-0.14684827591200644
110.png,blur,8,29.0,gauss5,-0.04726816768818054,-0.10420570427405451
110.png,blur,8,29.0,median5,-0.03269774946872417,-0.1004050985541376
110.png,blur,9,31.0,gauss5,-0.024658080494639023,-0.08866879089780255
110.png,blur,9,31.0,median5,-0.025564729297734345,-0.08407934437351017
111.png,poisson,0,1.0,gauss5,6.86452219636292,6.996656204355649
111.png,poisson,0,1.0,median5,7.37779106723719,5.4856840403920835
111.png,poisson,1,0.8944444444444445,gauss5,7.093015633913687,7.474784668268683
111.png,poisson,1,0.8944444444444445,median5,7.604500594212425,6.107941031881502
111.png,poisson,2,0.7888888888888889,gauss5,7.456227059928445,7.88742828655862
111.png,poisson,2,0.7888888888888889,median5,7.937895288163929,6.41006399646054
111.png,poisson,3,0.6833333333333333,gauss5,7.781192718859714,7.99321604291595
111.png,poisson,3,0.6833333333333333,median5,8.203615674508669,6.734676881749465
111.png,poisson,4,0.5777777777777777,gauss5,8.181159554130584,8.271767804315637
111.png,poisson,4,0.5777777777777777,median5,8.626813221267934,6.998755305700676
111.png,poisson,5,0.4722222222222222,gauss5,8.610455414527525,8.803467939923145
111.png,poisson,5,0.4722222222222222,median5,9.002520633984314,7.661522773612539
111.png,poisson,6,0.3666666666666667,gauss5,9.057870364977752,9.107548913193956
111.png,poisson,6,0.3666666666666667,median5,9.446118295062448,8.301017188739685
111.png,poisson,7,0.26111111111111107,gauss5,9.599101620404685,9.877658874491061
111.png,poisson,7,0.26111111111111107,median5,9.924873813078968,8.935432338213786
111.png,poisson,8,0.15555555555555556,gauss5,10.117627422936376,10.459162465271099
111.png,poisson,8,0.15555555555555556,median5,10.311368154382368,9.879342782599064
111.png,poisson,9,0.05,gauss5,10.578269584218695,11.373176416250757
111.png,poisson,9,0.05,median5,10.039072314569243,10.529762214021538
111.png,jpeg,0,95.0,gauss5,-9.42278078045198,-8.108211647693963
111.png,jpeg,0,95.0,median5,-8.315923189526906,-9.250066023805779
111.png,jpeg,1,85.0,gauss5,-5.4178448608685486,-4.027567398834869
111.png,jpeg,1,85.0,median5,-4.18359961985653,-5.016269712794269
111.png,jpeg,2,75.0,gauss5,-4.146267551666114,-2.723779228977101
111.png,jpeg,2,75.0,median5,-2.8094996740507767,-3.588000894402697
111.png,jpeg,3,65.0,gauss5,-3.349055547133702,-2.1225358819351428
111.png,jpeg,3,65.0,median5,-1.9282326265362428,-2.908865632869194
111.png,jpeg,4,55.0,gauss5,-2.7048531165790166,-1.4206828886301608
111.png,jpeg,4,55.0,median5,-1.2489349261989915,-2.1314567473555712
111.png,jpeg,5,45.0,gauss5,-2.165781147403372,-1.0315646561515095
111.png,jpeg,5,45.0,median5,-0.7181397529127338,-1.6478955213284863
111.png,jpeg,6,35.0,gauss5,-1.668100874807017,-0.4591592189077289
111.png,jpeg,6,35.0,median5,-0.2199927623916551,-0.9214035706544479
111.png,jpeg,7,25.0,gauss5,-1.2153893686829988,-0.013283731501090301
111.png,jpeg,7,25.0,median5,0.09451911352307718,-0.4036381096961037
111.png,jpeg,8,15.0,gauss5,-0.59731817070179,0.814824137782864
111.png,jpeg,8,15.0,median5,0.30172811945459443,0.6133688102938208
111.png,jpeg,9,5.0,gauss5,0.32335478000390694,1.3777404131596995
111.png,jpeg,9,5.0,median5,0.24780018103967905,1.0106961242988213
111.png,blur,0,1.0,gauss5,,
111.png,blur,0,1.0,median5,,
111.png,blur,1,5.0,gauss5,-1.894623107771892,-2.5913461429252678
111.png,blur,1,5.0,median5,-1.1297832375234478,-2.243952692021523
111.png,blur,2,9.0,gauss5,-0.7742676976101848,-1.0914446942506828
111.png,blur,2,9.0,median5,-0.2958133257717179,-0.8520025846161836
111.png,blur,3,11.0,gauss5,-0.5806758439863273,-0.8187636598641355
111.png,blur,3,11.0,median5,-0.19526472962966324,-0.6419966958319385
111.png,blur,4,15.0,gauss5,-0.35289306209381976,-0.4922834204300912
111.png,blur,4,15.0,median5,-0.09961872218925549,-0.3987493801472084
111.png,blur,5,19.0,gauss5,-0.24413343802721243,-0.3311455526793736
111.png,blur,5,19.0,median5,-0.061731790144541776,-0.27123999264602006
111.png,blur,6,21.0,gauss5,-0.22052007437607912,-0.28088006624816586
111.png,blur,6,21.0,median5,-0.053800703344975886,-0.23716809190605304
111.png,blur,7,25.0,gauss5,-0.16065587071016552,-0.19488423271275224
111.png,blur,7,25.0,median5,-0.036031249528548415,-0.1712962324092686
111.png,blur,8,29.0,gauss5,-0.13097978097659535,-0.13559919554027644
111.png,blur,8,29.0,median5,-0.025445959669330165,-0.12326619062044841
111.png,blur,9,31.0,gauss5,-0.11168006428841792,-0.11723083604450579
111.png,blur,9,31.0,median5,-0.021720018537600083,-0.10765524878665644
112.png,poisson,0,1.0,gauss5,8.2960189670363,6.438014964444093
112.png,poisson,0,1.0,median5,7.192237996228105,4.664309605783913
112.png,poisson,1,0.8944444444444445,gauss5,8.510256378244492,6.917588125751422
112.png,poisson,1,0.8944444444444445,median5,7.454237985827177,5.137405100216732
112.png,poisson,2,0.7888888888888889,gauss5,8.728890397042242,7.145101845467828
112.png,poisson,2,0.7888888888888889,median5,7.785643546210316,5.570677634897763
112.png,poisson,3,0.6833333333333333,gauss5,8.961537507605442,7.584738040104611
112.png,poisson,3,0.6833333333333333,median5,8.116724877569887,5.8338391746424065
112.png,poisson,4,0.5777777777777777,gauss5,9.266246982981315,7.9669575395992425
112.png,poisson,4,0.5777777777777777,median5,8.511656556212593,6.629774054922812
112.png,poisson,5,0.4722222222222222,gauss5,9.572980233572888,8.49347002993182
112.png,poisson,5,0.4722222222222222,median5,8.91877981582255,7.134294627703191
112.png,poisson,6,0.3666666666666667,gauss5,9.840240236730015,8.99933625127235
112.png,poisson,6,0.3666666666666667,median5,9.374377450900262,7.719453807248996
112.png,poisson,7,0.26111111111111107,gauss5,10.263346259164063,9.54643698358964
112.png,poisson,7,0.26111111111111107,median5,9.870842703713368,8.491499315070236
112.png,poisson,8,0.15555555555555556,gauss5,10.525328553908675,9.938831137829464
112.png,poisson,8,0.15555555555555556,median5,10.313257315963131,9.225200952829962
112.png,poisson,9,0.05,gauss5,10.851303742619667,10.654489183683863
112.png,poisson,9,0.05,median5,10.258494900990843,10.01366118864575
112.png,jpeg,0,95.0,gauss5,-6.573029572858367,-8.346338482792504
112.png,jpeg,0,95.0,median5,-8.440784960427372,-9.68688951262272
112.png,jpeg,1,85.0,gauss5,-2.7048880728146543,-4.106613504913753
112.png,jpeg,1,85.0,median5,-4.386296753689912,-5.347494945112089
112.png,jpeg,2,75.0,gauss5,-1.573844697781432,-2.965715692125137
112.png,jpeg,2,75.0,median5,-3.0213023677430755,-4.124735856029432
112.png,jpeg,3,65.0,gauss5,-0.9348778179900492,-2.3157292570187664
112.png,jpeg,3,65.0,median5,-2.181405809112306,-3.4067842381918965
112.png,jpeg,4,55.0,gauss5,-0.4956767687433228,-1.713920519856046
112.png,jpeg,4,55.0,median5,-1.5284744179631247,-2.7291074478117636
112.png,jpeg,5,45.0,gauss5,-0.20285487478830078,-1.1764226417211958
112.png,jpeg,5,45.0,median5,-1.0452462021915139,-2.1832145507248626
112.png,jpeg,6,35.0,gauss5,0.05534970705453901,-0.743656827827941
112.png,jpeg,6,35.0,median5,-0.5594450566604507,-1.6283399541778607
112.png,jpeg,7,25.0,gauss5,0.2921000777931724,-0.10545584662515495
112.png,jpeg,7,25.0,median5,-0.0763386583452359,-0.7969129243306554
112.png,jpeg,8,15.0,gauss5,0.5815923096568838,0.7413544887290584
112.png,jpeg,8,15.0,median5,0.3383412888682358,0.15460193081848672
112.png,jpeg,9,5.0,gauss5,0.8612825289736783,1.67915968369973
112.png,jpeg,9,5.0,median5,0.3948145740885778,1.1429697212425367
112.png,blur,0,1.0,gauss5,,
112.png,blur,0,1.0,median5,,
112.png,blur,1,5.0,gauss5,-1.8105546092845017,-2.7568738650292417
112.png,blur,1,5.0,median5,-2.0709602198651567,-2.7402091544367053
112.png,blur,2,9.0,gauss5,-0.6864786490559496,-1.2008535661919737
112.png,blur,2,9.0,median5,-0.6426664041474623,-1.0683277323759448
112.png,blur,3,11.0,gauss5,-0.5043656155223744,-0.8913108285801457
112.png,blur,3,11.0,median5,-0.44137636473006836,-0.7682164931145685
112.png,blur,4,15.0,gauss5,-0.29460908094917926,-0.522913221879822
112.png,blur,4,15.0,median5,-0.2383958852827206,-0.4304102790159874
112.png,blur,5,19.0,gauss5,-0.18996015591271487,-0.3337875995342472
112.png,blur,5,19.0,median5,-0.15020973619817113,-0.27118865391398117
112.png,blur,6,21.0,gauss5,-0.16230684064301215,-0.28272052857250074
112.png,blur,6,21.0,median5,-0.1287319677197587,-0.2314596890856535
112.png,blur,7,25.0,gauss5,-0.10563559324948102,-0.18625968998383513
112.png,blur,7,25.0,median5,-0.08665766728276836,-0.15823984840531224
112.png,blur,8,29.0,gauss5,-0.07483298856614695,-0.13416777000189484
112.png,blur,8,29.0,median5,-0.06335850133630672,-0.11372540641914242
112.png,blur,9,31.0,gauss5,-0.061841008988889,-0.11174814469192285
112.png,blur,9,31.0,median5,-0.05557957372263189,-0.09803300547863714
113.png,poisson,0,1.0,gauss5,6.407486627506053,6.284673265901532
113.png,poisson,0,1.0,median5,6.088957376924753,4.74640847250712
113.png,poisson,1,0.8944444444444445,gauss5,6.700779680881638,6.913268009282493
113.png,poisson,1,0.8944444444444445,median5,6.3622409185779745,5.307690646701733
113.png,poisson,2,0.7888888888888889,gauss5,7.058300881197454,7.336454048567333
113.png,poisson,2,0.7888888888888889,median5,6.771264806295058,5.863141771167079
113.png,poisson,3,0.6833333333333333,gauss5,7.398187016250915,7.680555183080141
113.png,poisson,3,0.6833333333333333,median5,7.1357178919659106,6.344237964144266
113.png,poisson,4,0.5777777777777777,gauss5,7.791983461037191,7.79332232707619
113.png,poisson,4,0.5777777777777777,median5,7.579584608741122,6.608725143039898
113.png,poisson,5,0.4722222222222222,gauss5,8.238161427931203,8.341547039226526
113.png,poisson,5,0.4722222222222222,median5,8.064672483718063,7.228870520934279
113.png,poisson,6,0.3666666666666667,gauss5,8.71185711619933,8.881710646807907
113.png,poisson,6,0.3666666666666667,median5,8.57097563750223,8.017592966723598
113.png,poisson,7,0.26111111111111107,gauss5,9.223377273161379,9.462604546811388
113.png,poisson,7,0.26111111111111107,median5,9.151252754706125,8.492889802777118
113.png,poisson,8,0.15555555555555556,gauss5,9.819319508474685,9.939887812752929
113.png,poisson,8,0.15555555555555556,median5,9.863575860619505,9.447669830685502
113.png,poisson,9,0.05,gauss5,10.263227562105241,10.85452496500655
113.png,poisson,9,0.05,median5,9.925172496244643,10.292948516047616
113.png,jpeg,0,95.0,gauss5,-8.46888622007183,-7.57446233544907
113.png,jpeg,0,95.0,median5,-9.008989330351035,-9.43324899733475
113.png,jpeg,1,85.0,gauss5,-4.136699836578693,-3.1906738760846736
113.png,jpeg,1,85.0,median5,-4.560184517385146,-4.877459882769763
113.png,jpeg,2,75.0,gauss5,-2.9138677158347193,-2.04204869351684
113.png,jpeg,2,75.0,median5,-3.171017389221568,-3.5795945663091757
113.png,jpeg,3,65.0,gauss5,-2.221148727317953,-1.3183024217499053
113.png,jpeg,3,65.0,median5,-2.3401015647645735,-2.6637591760676784
113.png,jpeg,4,55.0,gauss5,-1.7048885958289688,-0.7689060214466892
113.png,jpeg,4,55.0,median5,-1.6755342831438185,-1.9297609718155897
113.png,jpeg,5,45.0,gauss5,-1.3291061083677818,-0.3763908184522293
113.png,jpeg,5,45.0,median5,-1.1637251180228319,-1.360284380115239
113.png,jpeg,6,35.0,gauss5,-0.9643409488517491,-0.04059577596924413
113.png,jpeg,6,35.0,median5,-0.652389200633273,-0.8073507411624661
113.png,jpeg,7,25.0,gauss5,-0.5870498724823889,0.30507676644123904
113.png,jpeg,7,25.0,median5,-0.12031061711329727,-0.22610559915473516
113.png,jpeg,8,15.0,gauss5,-0.24400413466797488,0.7459256826591982
113.png,jpeg,8,15.0,median5,0.24161631510811787,0.496923506267116
113.png,jpeg,9,5.0,gauss5,0.4025570043216753,1.1559565499811058
113.png,jpeg,9,5.0,median5,0.23468370022948548,0.6487589570340688
113.png,blur,0,1.0,gauss5,,
113.png,blur,0,1.0,median5,,
113.png,blur,1,5.0,gauss5,-1.9326751326111165,-1.7874387794089301
113.png,blur,1,5.0,median5,-1.52277296802,-1.940481519854373
113.png,blur,2,9.0,gauss5,-0.7370098777534579,-0.7012751595325994
113.png,blur,2,9.0,median5,-0.38173562284520557,-0.5785266826593656
113.png,blur,3,11.0,gauss5,-0.5396518254539906,-0.5236969923996355
113.png,blur,3,11.0,median5,-0.24412004483480843,-0.3965646621329668
113.png,blur,4,15.0,gauss5,-0.30957588845605244,-0.32251540238324594
113.png,blur,4,15.0,median5,-0.11799557139564598,-0.2503404703249821
113.png,blur,5,19.0,gauss5,-0.19323782192437022,-0.21203459538218894
113.png,blur,5,19.0,median5,-0.06835824486000064,-0.17599359351429555
113.png,blur,6,21.0,gauss5,-0.16712332824112508,-0.1772074006485269
113.png,blur,6,21.0,median5,-0.055980603801923934,-0.15125170408260757
113.png,blur,7,25.0,gauss5,-0.10564218515336776,-0.1205957802080384
113.png,blur,7,25.0,median5,-0.03715293590250113,-0.11715841863630061
113.png,blur,8,29.0,gauss5,-0.07832006770926014,-0.08257590496122091
113.png,blur,8,29.0,median5,-0.028359265024278102,-0.08681407163040333
113.png,blur,9,31.0,gauss5,-0.06379382961738145,-0.07431662155112306
113.png,blur,9,31.0,median5,-0.02430346232999625,-0.07872101542991672
114.png,poisson,0,1.0,gauss5,8.331792300076113,8.401343914951806
114.png,poisson,0,1.0,median5,7.387060151694239,7.1667343609898175
114.png,poisson,1,0.8944444444444445,gauss5,8.534651217303502,8.784471409355653
114.png,poisson,1,0.8944444444444445,median5,7.663229780152708,7.53368386269095
114.png,poisson,2,0.7888888888888889,gauss5,8.734352500920956,8.838954918681019
114.png,poisson,2,0.7888888888888889,median5,7.913538377284233,7.58585316041475
114.png,poisson,3,0.6833333333333333,gauss5,9.01381554523941,9.115380783963616
114.png,poisson,3,0.6833333333333333,median5,8.319086276848317,8.104940142850118
114.png,poisson,4,0.5777777777777777,gauss5,9.257608223883757,9.206792862735206
114.png,poisson,4,0.5777777777777777,median5,8.655944818193731,8.293979282057357
114.png,poisson,5,0.4722222222222222,gauss5,9.576065054620841,9.47110908641573
114.png,poisson,5,0.4722222222222222,median5,9.108999263388064,8.837755410353367
114.png,poisson,6,0.3666666666666667,gauss5,9.858964491174046,10.042211168008372
114.png,poisson,6,0.3666666666666667,median5,9.532743364045796,9.811385959879363
114.png,poisson,7,0.26111111111111107,gauss5,10.154199144439538,10.108640238527567
114.png,poisson,7,0.26111111111111107,median5,9.94291711422202,9.952318617905835
114.png,poisson,8,0.15555555555555556,gauss5,10.48681070244077,10.9239656743195
114.png,poisson,8,0.15555555555555556,median5,10.396609517071802,10.694692286930483
114.png,poisson,9,0.05,gauss5,10.54661924030161,10.65465537690325
114.png,poisson,9,0.05,median5,10.076914235807276,9.82992941673935
114.png,jpeg,0,95.0,gauss5,-6.222254235474026,-6.73086729686856
114.png,jpeg,0,95.0,median5,-8.181833838829952,-8.738728678246211
114.png,jpeg,1,85.0,gauss5,-2.3302790410157144,-3.0810111924234604
114.png,jpeg,1,85.0,median5,-4.079511775101366,-4.878821878150241
114.png,jpeg,2,75.0,gauss5,-1.2430167178192377,-1.808210635308619
114.png,jpeg,2,75.0,median5,-2.738826478625249,-3.4810085089177534
114.png,jpeg,3,65.0,gauss5,-0.656754695553154,-1.2347589739500933
114.png,jpeg,3,65.0,median5,-1.920565054018013,-2.70293928664357
114.png,jpeg,4,55.0,gauss5,-0.2583755619996282,-0.7520709811461828
114.png,jpeg,4,55.0,median5,-1.289244367664537,-2.0234263755908444
114.png,jpeg,5,45.0,gauss5,0.0038562902437391244,-0.3681321972456999
114.png,jpeg,5,45.0,median5,-0.8210527766071962,-1.4159875039584477
114.png,jpeg,6,35.0,gauss5,0.21982319642855686,0.07621969681041918
114.png,jpeg,6,35.0,median5,-0.36246653511381766,-0.8179843586465338
114.png,jpeg,7,25.0,gauss5,0.3752920274244218,0.4458055122188682
114.png,jpeg,7,25.0,median5,0.050668295016095044,-0.19594617350364274
114.png,jpeg,8,15.0,gauss5,0.5428929335906574,0.8539713274142926
114.png,jpeg,8,15.0,median5,0.33557752608338376,0.3323034670120961
114.png,jpeg,9,5.0,gauss5,0.7076976916640376,1.0695326432966503
114.png,jpeg,9,5.0,median5,0.22876787041687052,0.4246564928676584
114.png,blur,0,1.0,gauss5,,
114.png,blur,0,1.0,median5,,
114.png,blur,1,5.0,gauss5,-1.4758189557603316,-2.18035022563447
114.png,blur,1,5.0,median5,-1.8773399262256873,-2.524793969827982
114.png,blur,2,9.0,gauss5,-0.4800252634200106,-0.9189367686920917
114.png,blur,2,9.0,median5,-0.524764926825064,-0.9426540507380778
114.png,blur,3,11.0,gauss5,-0.33877924279369154,-0.6746689321261314
114.png,blur,3,11.0,median5,-0.3452908147717437,-0.670535420895547
114.png,blur,4,15.0,gauss5,-0.19185544942001798,-0.3880233148463681
114.png,blur,4,15.0,median5,-0.17407051420664033,-0.40945067427781723
114.png,blur,5,19.0,gauss5,-0.12581221251723917,-0.2361229835484835
114.png,blur,5,19.0,median5,-0.10353037250757069,-0.26443971868823724
114.png,blur,6,21.0,gauss5,-0.11163215177219143,-0.1920146539156491
114.png,blur,6,21.0,median5,-0.09019319989099728,-0.23242344654084235
114.png,blur,7,25.0,gauss5,-0.07767152338173844,-0.12281478596173656
114.png,blur,7,25.0,median5,-0.058418693899689345,-0.1539615715425846
114.png,blur,8,29.0,gauss5,-0.056189702473616876,-0.08079347119520008
114.png,blur,8,29.0,median5,-0.04285246986049174,-0.10449425265264267
114.png,blur,9,31.0,gauss5,-0.048332895281888,-0.06561982443937353
114.png,blur,9,31.0,median5,-0.034705661181583025,-0.09423642437770852
115.png,poisson,0,1.0,gauss5,4.394579843496288,7.455922214659918
115.png,poisson,0,1.0,median5,7.413869959955619,5.92585490426961
115.png,poisson,1,0.8944444444444445,gauss5,4.7749919950300495,7.882016707340533
115.png,poisson,1,0.8944444444444445,median5,7.617894394949609,6.370603322946593
115.png,poisson,2,0.7888888888888889,gauss5,5.169160270797214,7.975190919160617
115.png,poisson,2,0.7888888888888889,median5,7.929977336808619,6.774986994964635
115.png,poisson,3,0.6833333333333333,gauss5,5.621068886970111,8.373200062543596
115.png,poisson,3,0.6833333333333333,median5,8.277853352774745,6.969324707266438
115.png,poisson,4,0.5777777777777777,gauss5,6.140324022336262,8.762963119594634
115.png,poisson,4,0.5777777777777777,median5,8.612924546041679,7.3433418108774084
115.png,poisson,5,0.4722222222222222,gauss5,6.682197223006391,9.114569453399092
115.png,poisson,5,0.4722222222222222,median5,8.942587539791546,7.847661336357586
115.png,poisson,6,0.3666666666666667,gauss5,7.341959823441595,9.679364556286995
115.png,poisson,6,0.3666666666666667,median5,9.387458099700037,8.744286216715931
115.png,poisson,7,0.26111111111111107,gauss5,8.127309340029608,10.014036577816988
115.png,poisson,7,0.26111111111111107,median5,9.851965012774986,9.412338621334847
115.png,poisson,8,0.15555555555555556,gauss5,9.017778307831342,10.105547993777964
115.png,poisson,8,0.15555555555555556,median5,10.224137411397386,9.989489574028962
115.png,poisson,9,0.05,gauss5,9.987414728010767,10.975935861747738
115.png,poisson,9,0.05,median5,9.858321044427411,10.538207571712158
115.png,jpeg,0,95.0,gauss5,-12.53987712186386,-7.180991848611207
115.png,jpeg,0,95.0,median5,-8.171599169678593,-9.044349354274502
115.png,jpeg,1,85.0,gauss5,-8.724956381237888,-3.233221524995507
115.png,jpeg,1,85.0,median5,-4.275638200947448,-4.885257346339664
115.png,jpeg,2,75.0,gauss5,-7.427823357448961,-2.1525663618483293
115.png,jpeg,2,75.0,median5,-2.88835162195236,-3.539034037581054
115.png,jpeg,3,65.0,gauss5,-6.577884098593017,-1.3970895166056323
115.png,jpeg,3,65.0,median5,-2.0312729748479583,-2.7075541439192676
115.png,jpeg,4,55.0,gauss5,-5.920607441317472,-0.8868996402277816
115.png,jpeg,4,55.0,median5,-1.3721881465907089,-2.082060198763436
115.png,jpeg,5,45.0,gauss5,-5.392609262368371,-0.5539473120654748
115.png,jpeg,5,45.0,median5,-0.8582456445609026,-1.5465682584970892
115.png,jpeg,6,35.0,gauss5,-4.784892610020691,-0.19457941792069988
115.png,jpeg,6,35.0,median5,-0.362683270190459,-1.0088164385002187
115.png,jpeg,7,25.0,gauss5,-3.989153001406603,0.3772348099386349
115.png,jpeg,7,25.0,median5,0.1341998154246582,-0.22334771548649002
115.png,jpeg,8,15.0,gauss5,-2.866542465678272,0.8357157496586112
115.png,jpeg,8,15.0,median5,0.5040237601440509,0.46770473531088896
115.png,jpeg,9,5.0,gauss5,-0.6032559400942681,1.2977414325161298
115.png,jpeg,9,5.0,median5,0.4550850164475193,0.7030820520279697
115.png,blur,0,1.0,gauss5,,
115.png,blur,0,1.0,median5,,
115.png,blur,1,5.0,gauss5,-1.7987729509924826,-2.2227038866771167
115.png,blur,1,5.0,median5,-0.6410792692247327,-2.4071801813616176
115.png,blur,2,9.0,gauss5,-0.6941146553765201,-0.9044532642067225
115.png,blur,2,9.0,median5,-0.19211930801186483,-0.8796554691828717
115.png,blur,3,11.0,gauss5,-0.5177960673128936,-0.6736527833813071
115.png,blur,3,11.0,median5,-0.13243252179136533,-0.6423720997448257
115.png,blur,4,15.0,gauss5,-0.3036345494488941,-0.3849750032130501
115.png,blur,4,15.0,median5,-0.07110599578378185,-0.3658863583242855
115.png,blur,5,19.0,gauss5,-0.19326668986639817,-0.23664277007799583
115.png,blur,5,19.0,median5,-0.042613455005628964,-0.2295218990415684
115.png,blur,6,21.0,gauss5,-0.1746477235883468,-0.1928824207622135
115.png,blur,6,21.0,median5,-0.03678068283849356,-0.19799572759317385
115.png,blur,7,25.0,gauss5,-0.11587475062187735,-0.1259477616035376
115.png,blur,7,25.0,median5,-0.02310651436216915,-0.13311880681766297
115.png,blur,8,29.0,gauss5,-0.09728882585404008,-0.0793940208869941
115.png,blur,8,29.0,median5,-0.01705136316986966,-0.09439424373814376
115.png,blur,9,31.0,gauss5,-0.08441350073287168,-0.05679893391789648
115.png,blur,9,31.0,median5,-0.013305510777623653,-0.07815204025747846
116.png,poisson,0,1.0,gauss5,4.396317576737783,6.906552945491516
116.png,poisson,0,1.0,median5,6.897572812216616,5.596363094971462
116.png,poisson,1,0.8944444444444445,gauss5,4.750279670518676,7.3264964233713386
116.png,poisson,1,0.8944444444444445,median5,7.1005940903866005,6.1582413905981355
116.png,poisson,2,0.7888888888888889,gauss5,5.156159897175279,7.661279154823699
116.png,poisson,2,0.7888888888888889,median5,7.450381091316785,6.497297979501436
116.png,poisson,3,0.6833333333333333,gauss5,5.599040404459821,7.924467300338179
116.png,poisson,3,0.6833333333333333,median5,7.814726622290696,6.765918189227577
116.png,poisson,4,0.5777777777777777,gauss5,6.082507212608228,8.440266276777649
116.png,poisson,4,0.5777777777777777,median5,8.131520517210731,7.253334639606365
116.png,poisson,5,0.4722222222222222,gauss5,6.655572401355688,8.978080387744406
116.png,poisson,5,0.4722222222222222,median5,8.597718925448095,7.981516089559072
116.png,poisson,6,0.3666666666666667,gauss5,7.294037924492848,9.446690468368061
116.png,poisson,6,0.3666666666666667,median5,8.997857454763007,8.513531339010445
116.png,poisson,7,0.26111111111111107,gauss5,8.034209437782316,9.54818402475071
116.png,poisson,7,0.26111111111111107,median5,9.478078010507144,8.830005089301967
116.png,poisson,8,0.15555555555555556,gauss5,9.000906918662185,10.283431521570002
116.png,poisson,8,0.15555555555555556,median5,9.957057782454797,10.004651103724377
116.png,poisson,9,0.05,gauss5,9.903610436330963,10.851293784015905
116.png,poisson,9,0.05,median5,9.803735238439726,10.302476044611723
116.png,jpeg,0,95.0,gauss5,-12.046428823830318,-7.283523076900174
116.png,jpeg,0,95.0,median5,-8.461670042346633,-8.86334992824736
116.png,jpeg,1,85.0,gauss5,-8.024521487123415,-3.066851163096139
116.png,jpeg,1,85.0,median5,-4.343811727996865,-4.5215515791547745
116.png,jpeg,2,75.0,gauss5,-6.742885526677675,-1.9155351266688925
116.png,jpeg,2,75.0,median5,-2.9789156794114646,-3.149924353237033
116.png,jpeg,3,65.0,gauss5,-5.955391462148384,-1.2083580748399996
116.png,jpeg,3,65.0,median5,-2.1277566399007597,-2.3556709003450678
116.png,jpeg,4,55.0,gauss5,-5.319197603173414,-0.6669255536249281
116.png,jpeg,4,55.0,median5,-1.4588125301725867,-1.6367965051230087
116.png,jpeg,5,45.0,gauss5,-4.82943115048009,-0.3811172436148098
116.png,jpeg,5,45.0,median5,-0.9821961679722051,-1.1558104573374166
116.png,jpeg,6,35.0,gauss5,-4.306109681984179,-0.014448187927456502
116.png,jpeg,6,35.0,median5,-0.4913972497678145,-0.5363784023875766
116.png,jpeg,7,25.0,gauss5,-3.5945271271939347,0.5013886279877511
116.png,jpeg,7,25.0,median5,-0.026821412136733613,0.0928638352776261
116.png,jpeg,8,15.0,gauss5,-2.3348035171796013,0.906170220148887
116.png,jpeg,8,15.0,median5,0.4136300811744249,0.7429774031057264
116.png,jpeg,9,5.0,gauss5,-0.4978511044689071,1.3708893937550322
116.png,jpeg,9,5.0,median5,0.3705527486303879,1.0979823359413885
116.png,blur,0,1.0,gauss5,,
116.png,blur,0,1.0,median5,,
116.png,blur,1,5.0,gauss5,-2.219973571706376,-1.9367896802546696
116.png,blur,1,5.0,median5,-0.6709117866457461,-1.885802670720814
116.png,blur,2,9.0,gauss5,-0.8819685237017758,-0.8090786626064386
116.png,blur,2,9.0,median5,-0.1575802877569359,-0.6105781768750234
116.png,blur,3,11.0,gauss5,-0.629448667142043,-0.6304542920778431
116.png,blur,3,11.0,median5,-0.10247472589822948,-0.432968956510976
116.png,blur,4,15.0,gauss5,-0.3362022879052802,-0.3894018245628814
116.png,blur,4,15.0,median5,-0.055493936285621714,-0.23347672930782792
116.png,blur,5,19.0,gauss5,-0.19664139350427945,-0.2542395483012747
116.png,blur,5,19.0,median5,-0.036237336618491156,-0.16137071545193038
116.png,blur,6,21.0,gauss5,-0.16638514467075893,-0.22230317166354396
116.png,blur,6,21.0,median5,-0.03284851184607618,-0.13705093403940083
116.png,blur,7,25.0,gauss5,-0.09742557852511169,-0.1485849335905236
116.png,blur,7,25.0,median5,-0.023889745222927417,-0.09085556888192414
116.png,blur,8,29.0,gauss5,-0.06744625604170551,-0.10934600922107762
116.png,blur,8,29.0,median5,-0.020081856658030972,-0.07270928321245407
116.png,blur,9,31.0,gauss5,-0.05428151386065139,-0.09243693479875859
116.png,blur,9,31.0,median5,-0.0170161243975393,-0.06222315842783388
117.png,poisson,0,1.0,gauss5,7.088890817536914,4.97471735841161
117.png,poisson,0,1.0,median5,6.048450904409975,3.5939202490064375
117.png,poisson,1,0.8944444444444445,gauss5,7.324274573128918,5.553005294695581
117.png,poisson,1,0.8944444444444445,median5,6.362446224236898,4.356645269950988
117.png,poisson,2,0.7888888888888889,gauss5,7.6635073377941225,5.802255266635033
117.png,poisson,2,0.7888888888888889,median5,6.728295120208749,4.508588712399163
117.png,poisson,3,0.6833333333333333,gauss5,7.99067033574979,6.26488003958865
117.png,poisson,3,0.6833333333333333,median5,7.144486321037483,4.984099111198642
117.png,poisson,4,0.5777777777777777,gauss5,8.361064109168211,6.766506824248808
117.png,poisson,4,0.5777777777777777,median5,7.6058089053499955,5.435962158028218
117.png,poisson,5,0.4722222222222222,gauss5,8.80020971006877,7.361992604714356
117.png,poisson,5,0.4722222222222222,median5,8.113841903811217,6.263601802298858
117.png,poisson,6,0.3666666666666667,gauss5,9.220678762457545,7.946143002930711
117.png,poisson,6,0.3666666666666667,median5,8.680459223463107,6.682602180218993
117.png,poisson,7,0.26111111111111107,gauss5,9.69893404818756,8.566455690552104
117.png,poisson,7,0.26111111111111107,median5,9.341572373353987,7.604013207008425
117.png,poisson,8,0.15555555555555556,gauss5,10.2242588092825,9.346655650480244
117.png,poisson,8,0.15555555555555556,median5,10.00277983019669,8.542375668096202
117.png,poisson,9,0.05,gauss5,10.83333396644736,10.461559756499348
117.png,poisson,9,0.05,median5,10.22472170829598,9.814669590274487
117.png,jpeg,0,95.0,gauss5,-7.0070124886853336,-8.983677220443617
117.png,jpeg,0,95.0,median5,-8.57861154566298,-9.512222293718203
117.png,jpeg,1,85.0,gauss5,-2.4520291572485533,-3.982240821667375
117.png,jpeg,1,85.0,median5,-3.8874567248814174,-4.354573836120672
117.png,jpeg,2,75.0,gauss5,-1.3882855071775921,-2.7271105761288226
117.png,jpeg,2,75.0,median5,-2.6211943866572867,-3.09066100008193
117.png,jpeg,3,65.0,gauss5,-0.8353660945379673,-2.1231928342923823
117.png,jpeg,3,65.0,median5,-1.9005182023219476,-2.4207424781114355
117.png,jpeg,4,55.0,gauss5,-0.45499905043003963,-1.689597972223929
117.png,jpeg,4,55.0,median5,-1.335320800054994,-1.922611566946486
117.png,jpeg,5,45.0,gauss5,-0.19565908191408,-1.3015030944419905
117.png,jpeg,5,45.0,median5,-0.9011324313452675,-1.4576807170573076
117.png,jpeg,6,35.0,gauss5,0.02349387857349683,-0.7741111486932084
117.png,jpeg,6,35.0,median5,-0.47140643284724604,-0.9688828707900967
117.png,jpeg,7,25.0,gauss5,0.23924634147785895,-0.24459159119301432
117.png,jpeg,7,25.0,median5,-0.027752693872500345,-0.36715556730676013
117.png,jpeg,8,15.0,gauss5,0.4482174423294012,0.45721694066237717
117.png,jpeg,8,15.0,median5,0.28017395005096546,0.47341492756362413
117.png,jpeg,9,5.0,gauss5,0.7080720994664667,1.1706848094015712
117.png,jpeg,9,5.0,median5,0.21758069506821798,0.8731186471591101
117.png,blur,0,1.0,gauss5,,
117.png,blur,0,1.0,median5,,
117.png,blur,1,5.0,gauss5,-1.2426498292429358,-1.8222244730302535
117.png,blur,1,5.0,median5,-1.5230831596412173,-1.1813313577559867
117.png,blur,2,9.0,gauss5,-0.40684575359936304,-0.7235848827738494
117.png,blur,2,9.0,median5,-0.43429308838655345,-0.3237655520778979
117.png,blur,3,11.0,gauss5,-0.29628273852932807,-0.5534451576094774
117.png,blur,3,11.0,median5,-0.297610594369651,-0.2310985240356196
117.png,blur,4,15.0,gauss5,-0.16837816716007836,-0.36047131981737834
117.png,blur,4,15.0,median5,-0.16213437106971895,-0.16727955352561708
117.png,blur,5,19.0,gauss5,-0.10729186326523177,-0.26337840300972815
117.png,blur,5,19.0,median5,-0.10275340561786095,-0.14014292288719332
117.png,blur,6,21.0,gauss5,-0.09551928780530261,-0.24033799570089798
117.png,blur,6,21.0,median5,-0.09319725206095342,-0.13682500099515238
117.png,blur,7,25.0,gauss5,-0.0585595068456044,-0.1716335699082876
117.png,blur,7,25.0,median5,-0.06454479952113701,-0.11748170396696622
117.png,blur,8,29.0,gauss5,-0.045866563080846134,-0.1326380630776569
117.png,blur,8,29.0,median5,-0.052622268556724805,-0.10320123582357255
117.png,blur,9,31.0,gauss5,-0.037562654100206316,-0.11377323907968773
117.png,blur,9,31.0,median5,-0.04548252855468249,-0.09430449837432064
118.png,poisson,0,1.0,gauss5,9.780325587023565,8.681536094702743
118.png,poisson,0,1.0,median5,9.652190946874075,7.663451057520071
118.png,poisson,1,0.8944444444444445,gauss5,9.836243488891746,9.18743730117843
118.png,poisson,1,0.8944444444444445,median5,9.7314862677163,8.183983216631884
118.png,poisson,2,0.7888888888888889,gauss5,9.930237779734945,9.33167370551277
118.png,poisson,2,0.7888888888888889,median5,9.919217168339891,8.25936154364031
118.png,poisson,3,0.6833333333333333,gauss5,10.001589392216218,9.543048054657127
118.png,poisson,3,0.6833333333333333,median5,10.040038860675828,8.635061114640479
118.png,poisson,4,0.5777777777777777,gauss5,10.112856030092683,9.871865406803686
118.png,poisson,4,0.5777777777777777,median5,10.19709333091306,9.080572955075318
118.png,poisson,5,0.4722222222222222,gauss5,10.268084901995302,10.14558048116524
118.png,poisson,5,0.4722222222222222,median5,10.526329176549027,9.3260943626142
118.png,poisson,6,0.3666666666666667,gauss5,10.37745920778002,10.309062886799548
118.png,poisson,6,0.3666666666666667,median5,10.675975239938857,9.799293501525849
118.png,poisson,7,0.26111111111111107,gauss5,10.492897400070909,10.38935810657491
118.png,poisson,7,0.26111111111111107,median5,10.893250856257545,10.16830183180518
118.png,poisson,8,0.15555555555555556,gauss5,10.490351449666584,10.752202613439213
118.png,poisson,8,0.15555555555555556,median5,10.933413762441646,10.549097268492726
118.png,poisson,9,0.05,gauss5,10.409396421649356,10.947477429011544
118.png,poisson,9,0.05,median5,10.390319681210952,10.451755184933328
118.png,jpeg,0,95.0,gauss5,-3.508997934285233,-4.605821221196841
118.png,jpeg,0,95.0,median5,-5.006515957955088,-5.762598012097172
118.png,jpeg,1,85.0,gauss5,-1.2739341613897963,-2.00225686538127
118.png,jpeg,1,85.0,median5,-2.4315820497915936,-2.895711132651691
118.png,jpeg,2,75.0,gauss5,-0.4461744808506296,-0.9954524319508806
118.png,jpeg,2,75.0,median5,-1.3390515541105188,-1.8180047732882514
118.png,jpeg,3,65.0,gauss5,-0.030122745874692214,-0.4893387941618883
118.png,jpeg,3,65.0,median5,-0.7020762765579747,-1.0917874202257138
118.png,jpeg,4,55.0,gauss5,0.28720367879989794,-0.0957131082542304
118.png,jpeg,4,55.0,median5,-0.2521904409794615,-0.6377967373528293
118.png,jpeg,5,45.0,gauss5,0.48493307241713524,0.30102646016518975
118.png,jpeg,5,45.0,median5,0.07137756453673205,-0.12883345486397957
118.png,jpeg,6,35.0,gauss5,0.6919668357359399,0.6071212367494354
118.png,jpeg,6,35.0,median5,0.36826202457069,0.20228716438420946
118.png,jpeg,7,25.0,gauss5,0.916778911460554,1.010638046078462
118.png,jpeg,7,25.0,median5,0.6358152565261292,0.787980814696212
118.png,jpeg,8,15.0,gauss5,1.1495913408830774,1.6903150901808388
118.png,jpeg,8,15.0,median5,0.8142672470629435,1.4578762786594552
118.png,jpeg,9,5.0,gauss5,1.1632941736847258,1.5578538373697413
118.png,jpeg,9,5.0,median5,0.41879149234414825,1.093438239171828
118.png,blur,0,1.0,gauss5,,
118.png,blur,0,1.0,median5,,
118.png,blur,1,5.0,gauss5,-1.942810447821202,-2.413526126560839
118.png,blur,1,5.0,median5,-2.177234676211789,-2.223054570072655
118.png,blur,2,9.0,gauss5,-0.8825029695365245,-1.2293236468243123
118.png,blur,2,9.0,median5,-0.8516283526123729,-0.9332171557730717
118.png,blur,3,11.0,gauss5,-0.6747887023656247,-0.9656535952381375
118.png,blur,3,11.0,median5,-0.6215187694234814,-0.7125657310936546
118.png,blur,4,15.0,gauss5,-0.4128459978902228,-0.5878679673476199
118.png,blur,4,15.0,median5,-0.35260072070349935,-0.4335181279252751
118.png,blur,5,19.0,gauss5,-0.27013958156818063,-0.3826258006596106
118.png,blur,5,19.0,median5,-0.22204882498703427,-0.2901899287144829
118.png,blur,6,21.0,gauss5,-0.2272361370541418,-0.3186564725898897
118.png,blur,6,21.0,median5,-0.18537750831405475,-0.25330463449272855
118.png,blur,7,25.0,gauss5,-0.1526288135204652,-0.20666016967495082
118.png,blur,7,25.0,median5,-0.1266796916283397,-0.17422563266142177
118.png,blur,8,29.0,gauss5,-0.10938656849425143,-0.1449594759196664
118.png,blur,8,29.0,median5,-0.09243584752069012,-0.1297551022357979
118.png,blur,9,31.0,gauss5,-0.09407945225392211,-0.12260565424960745
118.png,blur,9,31.0,median5,-0.0797086239494007,-0.11039969505081615
119.png,poisson,0,1.0,gauss5,3.018474893516693,6.778379450794439
119.png,poisson,0,1.0,median5,6.562490641243173,5.1539980959392935
119.png,poisson,1,0.8944444444444445,gauss5,3.421196733544356,7.173534805359772
119.png,poisson,1,0.8944444444444445,median5,6.818142134525573,5.5784246045036525
119.png,poisson,2,0.7888888888888889,gauss5,3.890263109315658,7.59164636293783
119.png,poisson,2,0.7888888888888889,median5,7.17346775140717,6.1866212247139245
119.png,poisson,3,0.6833333333333333,gauss5,4.373829973221056,7.909876660721821
119.png,poisson,3,0.6833333333333333,median5,7.525951626303765,6.40906634900513
119.png,poisson,4,0.5777777777777777,gauss5,4.899074611753495,8.248324241636908
119.png,poisson,4,0.5777777777777777,median5,7.886447349027762,6.969754270653311
119.png,poisson,5,0.4722222222222222,gauss5,5.562394650330358,8.56099819205755
119.png,poisson,5,0.4722222222222222,median5,8.331373197705709,7.445614744261949
119.png,poisson,6,0.3666666666666667,gauss5,6.311914842559286,9.093151799883675
119.png,poisson,6,0.3666666666666667,median5,8.817732003302233,8.09186387280581
119.png,poisson,7,0.26111111111111107,gauss5,7.20494596387384,9.57683525462867
119.png,poisson,7,0.26111111111111107,median5,9.378426678444633,8.860779652734731
119.png,poisson,8,0.15555555555555556,gauss5,8.35812195755284,10.221327697767304
119.png,poisson,8,0.15555555555555556,median5,9.876428234703226,9.579636298786077
119.png,poisson,9,0.05,gauss5,9.717683408446845,10.796152784902485
119.png,poisson,9,0.05,median5,9.844482937896082,10.178013893784069
119.png,jpeg,0,95.0,gauss5,-13.476973678754856,-7.75529263503104
119.png,jpeg,0,95.0,median5,-8.630080286371516,-9.52504666201483
119.png,jpeg,1,85.0,gauss5,-9.393160594948558,-3.527229570846444
119.png,jpeg,1,85.0,median5,-4.472799145766274,-5.148172072126712
119.png,jpeg,2,75.0,gauss5,-8.065009956195627,-2.249073088617507
119.png,jpeg,2,75.0,median5,-3.0653018586818277,-3.6928533449424847
119.png,jpeg,3,65.0,gauss5,-7.269323633777791,-1.4925875260818344
119.png,jpeg,3,65.0,median5,-2.232620137484716,-2.8352871910178123
119.png,jpeg,4,55.0,gauss5,-6.615749014736714,-1.0480842632131342
119.png,jpeg,4,55.0,median5,-1.5747583053925212,-2.223548165566271
119.png,jpeg,5,45.0,gauss5,-6.113459312032099,-0.63867230323428
119.png,jpeg,5,45.0,median5,-1.076010099151901,-1.6638583781494916
119.png,jpeg,6,35.0,gauss5,-5.4827035130543464,-0.1654211778525152
119.png,jpeg,6,35.0,median5,-0.535655371695718,-0.9935785184769728
119.png,jpeg,7,25.0,gauss5,-4.754941528814726,0.22702509316449948
119.png,jpeg,7,25.0,median5,-0.01141504102604074,-0.2982149926199753
119.png,jpeg,8,15.0,gauss5,-3.509681708152911,0.7341243720657431
119.png,jpeg,8,15.0,median5,0.4969049000881185,0.32413062904397094
119.png,jpeg,9,5.0,gauss5,-1.171063608849721,1.2386226831190328
119.png,jpeg,9,5.0,median5,0.6691502231364659,0.8319160436474071
119.png,blur,0,1.0,gauss5,,
119.png,blur,0,1.0,median5,,
119.png,blur,1,5.0,gauss5,-1.8852114886841527,-2.16245199867506
119.png,blur,1,5.0,median5,-0.5571146965877816,-2.3103553664923453
119.png,blur,2,9.0,gauss5,-0.6843592123710636,-0.888912738634076
119.png,blur,2,9.0,median5,-0.1662670882787367,-0.8031848295276234
119.png,blur,3,11.0,gauss5,-0.4757824024456738,-0.6676811947390746
119.png,blur,3,11.0,median5,-0.11767646351363581,-0.5702656349018724
119.png,blur,4,15.0,gauss5,-0.24071422347992666,-0.3874573746469032
119.png,blur,4,15.0,median5,-0.0710379837415438,-0.3071693409897627
119.png,blur,5,19.0,gauss5,-0.13450008811880565,-0.24219193376618264
119.png,blur,5,19.0,median5,-0.047841765163230576,-0.17593086369825173
119.png,blur,6,21.0,gauss5,-0.11830201880210822,-0.20104906295348002
119.png,blur,6,21.0,median5,-0.043217647887111355,-0.1448024256544258
119.png,blur,7,25.0,gauss5,-0.05989244579123465,-0.12970956875319573
119.png,blur,7,25.0,median5,-0.02716320365405167,-0.10069300299222306
119.png,blur,8,29.0,gauss5,-0.04872385817822078,-0.08798935828050602
119.png,blur,8,29.0,median5,-0.025755104689750397,-0.07429321531987654
119.png,blur,9,31.0,gauss5,-0.03567094048066721,-0.07223263708899808
119.png,blur,9,31.0,median5,-0.0192862088928365,-0.0634438895453151
12.png,poisson,0,1.0,gauss5,5.248834034022863,8.17818081486536
12.png,poisson,0,1.0,median5,7.471950465605076,6.641989302834585
12.png,poisson,1,0.8944444444444445,gauss5,5.576583004715779,8.784045678472914
12.png,poisson,1,0.8944444444444445,median5,7.643731289168052,7.244085067539338
12.png,poisson,2,0.7888888888888889,gauss5,5.971749775385057,8.683236642609828
12.png,poisson,2,0.7888888888888889,median5,7.9903334575904985,7.749019790987475
12.png,poisson,3,0.6833333333333333,gauss5,6.384532125239762,9.04039860111051
12.png,poisson,3,0.6833333333333333,median5,8.278304012972342,7.860489354104651
12.png,poisson,4,0.5777777777777777,gauss5,6.8592440703464845,9.383192714402078
12.png,poisson,4,0.5777777777777777,median5,8.658745502638702,8.22031109511395
12.png,poisson,5,0.4722222222222222,gauss5,7.398991288629912,9.656322238343733
12.png,poisson,5,0.4722222222222222,median5,9.00394926748272,8.771912021401398
12.png,poisson,6,0.3666666666666667,gauss5,7.964210328395406,10.062369758249524
12.png,poisson,6,0.3666666666666667,median5,9.417825940063238,9.360581546830623
12.png,poisson,7,0.26111111111111107,gauss5,8.676960376178197,10.426533932316996
12.png,poisson,7,0.26111111111111107,median5,9.862228351858388,9.860485199473707
12.png,poisson,8,0.15555555555555556,gauss5,9.411686793997806,10.67646502744326
12.png,poisson,8,0.15555555555555556,median5,10.16295096875293,10.383388273342916
12.png,poisson,9,0.05,gauss5,10.28547130933251,10.63749215433161
12.png,poisson,9,0.05,median5,9.946683381143531,10.412550383645918
12.png,jpeg,0,95.0,gauss5,-11.347293127720206,-6.898319130389446
12.png,jpeg,0,95.0,median5,-7.865557063855725,-8.214271875860987
12.png,jpeg,1,85.0,gauss5,-7.6747273435494705,-3.3557366747466375
12.png,jpeg,1,85.0,median5,-4.078552300240858,-4.540631353724621
12.png,jpeg,2,75.0,gauss5,-6.397730901914684,-2.2457786896546708
12.png,jpeg,2,75.0,median5,-2.7118559250216734,-3.2841713031933892
12.png,jpeg,3,65.0,gauss5,-5.599215350353468,-1.414231048717319
12.png,jpeg,3,65.0,median5,-1.8698105802053462,-2.3976061596351173
12.png,jpeg,4,55.0,gauss5,-4.951242783833671,-0.888119942290615
12.png,jpeg,4,55.0,median5,-1.2170411135835195,-1.6922757689704326
12.png,jpeg,5,45.0,gauss5,-4.494870491555361,-0.47604081626108297
12.png,jpeg,5,45.0,median5,-0.7505703753793398,-1.157069830471002
12.png,jpeg,6,35.0,gauss5,-3.9377126909183744,-0.08068252905493267
12.png,jpeg,6,35.0,median5,-0.27618918874697584,-0.5757413960180884
12.png,jpeg,7,25.0,gauss5,-3.0879182309287145,0.4106897816119215
12.png,jpeg,7,25.0,median5,0.2614403819418456,0.03779688905912337
12.png,jpeg,8,15.0,gauss5,-1.6688729426807143,1.0682375541298015
12.png,jpeg,8,15.0,median5,0.6459142911889444,0.8094183680342368
12.png,jpeg,9,5.0,gauss5,-0.2556213364453299,1.5112280788756713
12.png,jpeg,9,5.0,median5,0.4183648041395216,1.0663197906273822
12.png,blur,0,1.0,gauss5,,
12.png,blur,0,1.0,median5,,
12.png,blur,1,5.0,gauss5,-2.090166248399907,-2.371137127814393
12.png,blur,1,5.0,median5,-0.6952017017564955,-2.0823243348588036
12.png,blur,2,9.0,gauss5,-0.8748729322199935,-0.9766517282436737
12.png,blur,2,9.0,median5,-0.17547369211235164,-0.6141557536573146
12.png,blur,3,11.0,gauss5,-0.6594740368910337,-0.7409785904080053
12.png,blur,3,11.0,median5,-0.11691776186587788,-0.4338077113364207
12.png,blur,4,15.0,gauss5,-0.39784471963555745,-0.4663002262275171
12.png,blur,4,15.0,median5,-0.06279193709218944,-0.2868209271573754
12.png,blur,5,19.0,gauss5,-0.2528330929186602,-0.32753804844481493
12.png,blur,5,19.0,median5,-0.04086146284450365,-0.22243761087303326
12.png,blur,6,21.0,gauss5,-0.21731233330797295,-0.2795923545228476
12.png,blur,6,21.0,median5,-0.0364020225930517,-0.18579464546385083
12.png,blur,7,25.0,gauss5,-0.14189444391745099,-0.17155781234372114
12.png,blur,7,25.0,median5,-0.02624081990359528,-0.13501765074991212
12.png,blur,8,29.0,gauss5,-0.10251075923144981,-0.12036865338770042
12.png,blur,8,29.0,median5,-0.021402982938813153,-0.10140633234874841
12.png,blur,9,31.0,gauss5,-0.08337464310613996,-0.09561232122474195
12.png,blur,9,31.0,median5,-0.018395378659565864,-0.08845768472362892
120.png,poisson,0,1.0,gauss5,5.3903419717192484,6.861845576423889
120.png,poisson,0,1.0,median5,7.125961460920966,5.269575520945338
120.png,poisson,1,0.8944444444444445,gauss5,5.7089879885665304,7.195825753318864
120.png,poisson,1,0.8944444444444445,median5,7.338371188181345,5.824051428293664
120.png,poisson,2,0.7888888888888889,gauss5,6.086833015077236,7.585569594877352
120.png,poisson,2,0.7888888888888889,median5,7.684015625910522,6.155478812654881
120.png,poisson,3,0.6833333333333333,gauss5,6.507006982772147,7.981110968348144
120.png,poisson,3,0.6833333333333333,median5,7.997042651599184,6.6056311966822285
120.png,poisson,4,0.5777777777777777,gauss5,6.949931468582893,8.243324460493891
120.png,poisson,4,0.5777777777777777,median5,8.373443225574047,7.021407082974843
120.png,poisson,5,0.4722222222222222,gauss5,7.456590334843344,8.714403519012471
120.png,poisson,5,0.4722222222222222,median5,8.791075212921271,7.65524263440517
120.png,poisson,6,0.3666666666666667,gauss5,8.047029262458068,9.137721641740661
120.png,poisson,6,0.3666666666666667,median5,9.20971757148201,8.221984446027214
120.png,poisson,7,0.26111111111111107,gauss5,8.699114820846987,9.940770991765305
120.png,poisson,7,0.26111111111111107,median5,9.676468949599261,9.190502153713709
120.png,poisson,8,0.15555555555555556,gauss5,9.461206551846157,10.253785786948441
120.png,poisson,8,0.15555555555555556,median5,10.04038341993304,9.90274708729445
120.png,poisson,9,0.05,gauss5,10.202568942688478,11.063128718919248
120.png,poisson,9,0.05,median5,9.897087714066059,10.40985402816457
120.png,jpeg,0,95.0,gauss5,-10.835383200036937,-7.2056665886031155
120.png,jpeg,0,95.0,median5,-8.217556160379416,-8.933759871309633
120.png,jpeg,1,85.0,gauss5,-6.944835174970208,-3.0241354468214325
120.png,jpeg,1,85.0,median5,-4.217171890908176,-4.593173947479151
120.png,jpeg,2,75.0,gauss5,-5.657136760326317,-1.8103274352744165
120.png,jpeg,2,75.0,median5,-2.8344354555332885,-3.2540839732764297
120.png,jpeg,3,65.0,gauss5,-4.880133035748841,-1.2254821022935403
120.png,jpeg,3,65.0,median5,-1.9971961748770894,-2.4191186578572115
120.png,jpeg,4,55.0,gauss5,-4.223458323245509,-0.732366211097812
120.png,jpeg,4,55.0,median5,-1.2976012482765213,-1.7559193116043161
120.png,jpeg,5,45.0,gauss5,-3.773175879405194,-0.3622690257361896
120.png,jpeg,5,45.0,median5,-0.852365173568586,-1.3052388284277825
120.png,jpeg,6,35.0,gauss5,-3.252951353263086,0.01498126397067523
120.png,jpeg,6,35.0,median5,-0.35787673387395813,-0.7032128013276946
120.png,jpeg,7,25.0,gauss5,-2.6082645563781313,0.4113298530774401
120.png,jpeg,7,25.0,median5,0.1659583538225462,-0.12405847838904549
120.png,jpeg,8,15.0,gauss5,-1.755750323566371,0.8493326790031119
120.png,jpeg,8,15.0,median5,0.380976025222715,0.6612035241339314
120.png,jpeg,9,5.0,gauss5,-0.21207828038197363,1.3981527152005206
120.png,jpeg,9,5.0,median5,0.4047827513644613,0.9492067640015662
120.png,blur,0,1.0,gauss5,,
120.png,blur,0,1.0,median5,,
120.png,blur,1,5.0,gauss5,-1.997117299517278,-1.9090338197657033
120.png,blur,1,5.0,median5,-0.8407799349726872,-2.080877880257127
120.png,blur,2,9.0,gauss5,-0.9267782167362846,-0.7862696913021381
120.png,blur,2,9.0,median5,-0.21120509572258328,-0.7154438870547963
120.png,blur,3,11.0,gauss5,-0.6968811902031149,-0.5866214926999831
120.png,blur,3,11.0,median5,-0.13489518047148508,-0.49403642286604565
120.png,blur,4,15.0,gauss5,-0.39639445729810063,-0.3506846862783064
120.png,blur,4,15.0,median5,-0.06817450160200167,-0.2718593004218164
120.png,blur,5,19.0,gauss5,-0.22862275625011463,-0.22548812999246337
120.png,blur,5,19.0,median5,-0.04255794944872093,-0.16779027971024263
120.png,blur,6,21.0,gauss5,-0.19075078922116617,-0.19140774779408432
120.png,blur,6,21.0,median5,-0.03790706670618604,-0.15052574833505616
120.png,blur,7,25.0,gauss5,-0.1147747852026022,-0.1269512295613353
120.png,blur,7,25.0,median5,-0.02720579767561304,-0.09569151918321595
120.png,blur,8,29.0,gauss5,-0.08203339627691264,-0.08871457071330369
120.png,blur,8,29.0,median5,-0.02117492207485583,-0.06882398130870726
120.png,blur,9,31.0,gauss5,-0.06275043761719346,-0.07128820460427221
120.png,blur,9,31.0,median5,-0.018542172202344887,-0.05791074925109285
121.png,poisson,0,1.0,gauss5,10.248737998846075,9.914451212144805
121.png,poisson,0,1.0,median5,9.988413451267277,8.746819403739238
121.png,poisson,1,0.8944444444444445,gauss5,10.201500519691546,10.050580548635754
121.png,poisson,1,0.8944444444444445,median5,9.934975515610144,9.202673086530265
121.png,poisson,2,0.7888888888888889,gauss5,10.275982925112459,10.095878981379027
121.png,poisson,2,0.7888888888888889,median5,10.07566372220839,9.199651078946399
121.png,poisson,3,0.6833333333333333,gauss5,10.404509375396522,10.293385643185772
121.png,poisson,3,0.6833333333333333,median5,10.264944415233522,9.656998877592393
121.png,poisson,4,0.5777777777777777,gauss5,10.475897239930095,10.26482119902759
121.png,poisson,4,0.5777777777777777,median5,10.44009610356468,9.769253362958242
121.png,poisson,5,0.4722222222222222,gauss5,10.581505434450506,10.57965767940356
121.png,poisson,5,0.4722222222222222,median5,10.57802801158872,10.082301838732612
121.png,poisson,6,0.3666666666666667,gauss5,10.698726814854012,10.729061185353984
121.png,poisson,6,0.3666666666666667,median5,10.796118892261163,10.580254861741999
121.png,poisson,7,0.26111111111111107,gauss5,10.765272218940044,10.694277039132572
121.png,poisson,7,0.26111111111111107,median5,10.840628443487791,10.476085814005117
121.png,poisson,8,0.15555555555555556,gauss5,10.763896399575831,10.91162842987054
121.png,poisson,8,0.15555555555555556,median5,10.83519358564373,10.898027374368372
121.png,poisson,9,0.05,gauss5,10.5444458628013,11.234165885259696
121.png,poisson,9,0.05,median5,10.167149096923609,10.747088361978875
121.png,jpeg,0,95.0,gauss5,-3.393704611369415,-5.198880956966661
121.png,jpeg,0,95.0,median5,-5.0412289465605085,-6.808444075954483
121.png,jpeg,1,85.0,gauss5,-1.1449481187540869,-2.669599414917485
121.png,jpeg,1,85.0,median5,-2.426733459053956,-4.090285065640359
121.png,jpeg,2,75.0,gauss5,-0.2451292502291551,-1.3330424379501125
121.png,jpeg,2,75.0,median5,-1.199132600969321,-2.687305640959572
121.png,jpeg,3,65.0,gauss5,0.1708044821509347,-0.623849126313722
121.png,jpeg,3,65.0,median5,-0.55597692008255,-1.9071460066360686
121.png,jpeg,4,55.0,gauss5,0.4270928473006208,-0.1734612020755435
121.png,jpeg,4,55.0,median5,-0.14623182153300007,-1.2488049911181278
121.png,jpeg,5,45.0,gauss5,0.5761189344504132,0.3234231446667124
121.png,jpeg,5,45.0,median5,0.11763367036576255,-0.6892071797724455
121.png,jpeg,6,35.0,gauss5,0.7416112246226518,0.7138864914176679
121.png,jpeg,6,35.0,median5,0.3419654895698514,-0.20273641165007206
121.png,jpeg,7,25.0,gauss5,1.0181701359646667,1.1567886488789014
121.png,jpeg,7,25.0,median5,0.6545965918001073,0.483215269470854
121.png,jpeg,8,15.0,gauss5,1.2169359612429744,1.685177572960491
121.png,jpeg,8,15.0,median5,0.754829548004615,1.2867129848494017
121.png,jpeg,9,5.0,gauss5,1.1969026196882062,1.9687964593367973
121.png,jpeg,9,5.0,median5,0.4659404717554452,1.2301542992809082
121.png,blur,0,1.0,gauss5,,
121.png,blur,0,1.0,median5,,
121.png,blur,1,5.0,gauss5,-2.203736398176659,-3.284979888923239
121.png,blur,1,5.0,median5,-2.4055223084694575,-3.509174682047721
121.png,blur,2,9.0,gauss5,-1.0250722124503113,-1.544437439196635
121.png,blur,2,9.0,median5,-0.9236921823297735,-1.5317292217908474
121.png,blur,3,11.0,gauss5,-0.80254070557924,-1.1670934383188225
121.png,blur,3,11.0,median5,-0.6676846016445808,-1.1396839900394369
121.png,blur,4,15.0,gauss5,-0.5117549114242976,-0.6895492423992948
121.png,blur,4,15.0,median5,-0.3771442761110251,-0.6509759164233699
121.png,blur,5,19.0,gauss5,-0.34839045535375135,-0.43860790386960957
121.png,blur,5,19.0,median5,-0.23032445616323827,-0.3918318542050443
121.png,blur,6,21.0,gauss5,-0.2943267197548707,-0.34974041979481996
121.png,blur,6,21.0,median5,-0.19088754706586997,-0.32366192770913926
121.png,blur,7,25.0,gauss5,-0.20423260414678168,-0.22727407971038716
121.png,blur,7,25.0,median5,-0.12589452697356052,-0.21368201663977615
121.png,blur,8,29.0,gauss5,-0.14690404608048624,-0.15443468957261075
121.png,blur,8,29.0,median5,-0.0847406933307937,-0.14025049468480688
121.png,blur,9,31.0,gauss5,-0.12420428311961729,-0.12743449062649503
121.png,blur,9,31.0,median5,-0.07071179751131496,-0.12163503083312222
122.png,poisson,0,1.0,gauss5,5.435310470494713,5.828561036275616
122.png,poisson,0,1.0,median5,6.390225282658591,4.339303154748578
122.png,poisson,1,0.8944444444444445,gauss5,5.7485105097730305,6.165163363696628
122.png,poisson,1,0.8944444444444445,median5,6.634613647718101,4.7116374949839255
122.png,poisson,2,0.7888888888888889,gauss5,6.093286458251736,6.570126413542301
122.png,poisson,2,0.7888888888888889,median5,6.973812349898537,5.188147394363643
122.png,poisson,3,0.6833333333333333,gauss5,6.515970541578383,7.073304338749832
122.png,poisson,3,0.6833333333333333,median5,7.366833480163738,5.788798892695436
122.png,poisson,4,0.5777777777777777,gauss5,6.975210701361519,7.559897058061935
122.png,poisson,4,0.5777777777777777,median5,7.7942422544554475,6.343704298033607
122.png,poisson,5,0.4722222222222222,gauss5,7.495696569187832,7.97283113288513
122.png,poisson,5,0.4722222222222222,median5,8.257225230783714,6.918918090102643
122.png,poisson,6,0.3666666666666667,gauss5,8.052166458329701,8.44637904929628
122.png,poisson,6,0.3666666666666667,median5,8.70547283143003,7.658120190045942
122.png,poisson,7,0.26111111111111107,gauss5,8.679344981661021,9.170793146428935
122.png,poisson,7,0.26111111111111107,median5,9.26169241348487,8.451478996769168
122.png,poisson,8,0.15555555555555556,gauss5,9.433415324223446,9.690724455792083
122.png,poisson,8,0.15555555555555556,median5,9.842221226786421,9.167608985461086
122.png,poisson,9,0.05,gauss5,10.065456547774131,10.645605151626123
122.png,poisson,9,0.05,median5,9.790675902760531,10.10780877165823
122.png,jpeg,0,95.0,gauss5,-10.364658918465864,-7.807981477569832
122.png,jpeg,0,95.0,median5,-9.086252866120518,-9.84164674487085
122.png,jpeg,1,85.0,gauss5,-5.861491907867666,-2.916483125257386
122.png,jpeg,1,85.0,median5,-4.493609413633671,-4.837237953927875
122.png,jpeg,2,75.0,gauss5,-4.576251063406687,-1.6246548320611538
122.png,jpeg,2,75.0,median5,-3.0899064960289877,-3.3301535488629597
122.png,jpeg,3,65.0,gauss5,-3.866792149903631,-1.0375292915934864
122.png,jpeg,3,65.0,median5,-2.2725306151131193,-2.5517566837282146
122.png,jpeg,4,55.0,gauss5,-3.269217784313831,-0.6296897777611647
122.png,jpeg,4,55.0,median5,-1.5844728206427305,-1.9772455681737142
122.png,jpeg,5,45.0,gauss5,-2.799299026490729,-0.2952018287249558
122.png,jpeg,5,45.0,median5,-1.0443888012177354,-1.4591731392275449
122.png,jpeg,6,35.0,gauss5,-2.3008434498108628,0.08473193143739621
122.png,jpeg,6,35.0,median5,-0.47548052318892076,-0.8162661977251915
122.png,jpeg,7,25.0,gauss5,-1.7946285534634896,0.2696306420617418
122.png,jpeg,7,25.0,median5,0.07430837580618288,-0.24498368684352556
122.png,jpeg,8,15.0,gauss5,-1.126972481816157,0.5749881719045895
122.png,jpeg,8,15.0,median5,0.5176771890083884,0.30826199030578394
122.png,jpeg,9,5.0,gauss5,0.20575622186400722,0.9308300493389758
122.png,jpeg,9,5.0,median5,0.47915239933067966,0.3108830574332835
122.png,blur,0,1.0,gauss5,,
122.png,blur,0,1.0,median5,,
122.png,blur,1,5.0,gauss5,-1.630005015008102,-1.3620799035976106
122.png,blur,1,5.0,median5,-0.9808988657546749,-1.8573203265117044
122.png,blur,2,9.0,gauss5,-0.6061712564481496,-0.4408351830152455
122.png,blur,2,9.0,median5,-0.22803572656440707,-0.5325949877188876
122.png,blur,3,11.0,gauss5,-0.450629600523893,-0.32114117841958745
122.png,blur,3,11.0,median5,-0.1386875095897473,-0.3579227350695575
122.png,blur,4,15.0,gauss5,-0.2626080883263491,-0.1939019585137558
122.png,blur,4,15.0,median5,-0.06262307548422541,-0.21389405282815943
122.png,blur,5,19.0,gauss5,-0.1707786569268528,-0.12788002749853433
122.png,blur,5,19.0,median5,-0.03541249637975241,-0.15782819907724743
122.png,blur,6,21.0,gauss5,-0.15353329337109045,-0.11376539529317142
122.png,blur,6,21.0,median5,-0.03021591711864602,-0.1418412431947189
122.png,blur,7,25.0,gauss5,-0.10103099021078776,-0.07881428724928341
122.png,blur,7,25.0,median5,-0.01923105906620748,-0.10808172936842197
122.png,blur,8,29.0,gauss5,-0.08572886360932586,-0.052394373162965024
122.png,blur,8,29.0,median5,-0.01489028809508497,-0.08149248739803738
122.png,blur,9,31.0,gauss5,-0.07489059733245895,-0.041060893543399146
122.png,blur,9,31.0,median5,-0.012124128303060644,-0.0722064342920703
123.png,poisson,0,1.0,gauss5,5.223953841517673,9.193017857552316
123.png,poisson,0,1.0,median5,9.442953532390906,8.229701869142904
123.png,poisson,1,0.8944444444444445,gauss5,5.568631754154477,9.259026224011354
123.png,poisson,1,0.8944444444444445,median5,9.500929292203079,8.649394034864219
123.png,poisson,2,0.7888888888888889,gauss5,5.978458048983541,9.553899195701721
123.png,poisson,2,0.7888888888888889,median5,9.701783115905535,8.788781078674798
123.png,poisson,3,0.6833333333333333,gauss5,6.403487858374625,9.699160154612972
123.png,poisson,3,0.6833333333333333,median5,9.908584811596569,9.11289535109032
123.png,poisson,4,0.5777777777777777,gauss5,6.832846412060874,9.885332621274614
123.png,poisson,4,0.5777777777777777,median5,10.04387878461501,9.37839158602074
123.png,poisson,5,0.4722222222222222,gauss5,7.341254029421439,10.123446051089196
123.png,poisson,5,0.4722222222222222,median5,10.246479777420216,9.808620233748684
123.png,poisson,6,0.3666666666666667,gauss5,7.888372744216962,10.320578526684201
123.png,poisson,6,0.3666666666666667,median5,10.430173386976954,10.176240966961394
123.png,poisson,7,0.26111111111111107,gauss5,8.51143473675458,10.44476230445781
123.png,poisson,7,0.26111111111111107,median5,10.49958279634551,10.386987837505245
123.png,poisson,8,0.15555555555555556,gauss5,9.264688458393266,10.919475881273627
123.png,poisson,8,0.15555555555555556,median5,10.601638424449146,10.698145551703426
123.png,poisson,9,0.05,gauss5,9.857341362311272,10.913025277609638
123.png,poisson,9,0.05,median5,9.971398942265134,10.283959950613177
123.png,jpeg,0,95.0,gauss5,-13.299038320640399,-3.8713490678918987
123.png,jpeg,0,95.0,median5,-5.637606943934266,-5.456158345149255
123.png,jpeg,1,85.0,gauss5,-10.526485917003484,-1.3983453198056566
123.png,jpeg,1,85.0,median5,-2.8249212018548064,-2.6751934681757135
123.png,jpeg,2,75.0,gauss5,-9.134647848031015,-0.5302758150367453
123.png,jpeg,2,75.0,median5,-1.5276788558436394,-1.5196502518555306
123.png,jpeg,3,65.0,gauss5,-8.2460398803209,-0.06310617900465587
123.png,jpeg,3,65.0,median5,-0.7956219778692457,-0.7715963048843548
123.png,jpeg,4,55.0,gauss5,-7.477531288638197,0.3110948712892565
123.png,jpeg,4,55.0,median5,-0.24342471757129402,-0.25149472859720845
123.png,jpeg,5,45.0,gauss5,-6.866416435415658,0.5620305829577816
123.png,jpeg,5,45.0,median5,0.10925980064062912,0.06001600206293034
123.png,jpeg,6,35.0,gauss5,-5.992622287118614,0.840561449958706
123.png,jpeg,6,35.0,median5,0.5333503434967994,0.5378207758713671
123.png,jpeg,7,25.0,gauss5,-5.006940211230841,0.9553486269049927
123.png,jpeg,7,25.0,median5,0.7506128104296792,0.8147056483175845
123.png,jpeg,8,15.0,gauss5,-3.3527420397241485,1.3799882098047576
123.png,jpeg,8,15.0,median5,1.0182965252376093,1.158673898108404
123.png,jpeg,9,5.0,gauss5,-0.3609571135512972,1.3640491761479439
123.png,jpeg,9,5.0,median5,0.6318712707794027,0.7036682619419956
123.png,blur,0,1.0,gauss5,,
123.png,blur,0,1.0,median5,,
123.png,blur,1,5.0,gauss5,-1.4726354705875409,-2.0397279521773726
123.png,blur,1,5.0,median5,-0.4600835050551595,-2.077710919659779
123.png,blur,2,9.0,gauss5,-0.543758624291339,-1.0076242194959946
123.png,blur,2,9.0,median5,-0.23280023983140197,-0.7526709316195479
123.png,blur,3,11.0,gauss5,-0.42088716364861867,-0.8033366954563306
123.png,blur,3,11.0,median5,-0.19110172790866287,-0.5414236196611455
123.png,blur,4,15.0,gauss5,-0.2595240021271117,-0.5176712369275762
123.png,blur,4,15.0,median5,-0.13439463053456535,-0.3334611871796298
123.png,blur,5,19.0,gauss5,-0.17213711538325782,-0.36397136963808663
123.png,blur,5,19.0,median5,-0.09473818755284924,-0.24040627738673237
123.png,blur,6,21.0,gauss5,-0.15728382810474528,-0.30665665678564125
123.png,blur,6,21.0,median5,-0.08565660276000386,-0.20738402034648828
123.png,blur,7,25.0,gauss5,-0.08603721334516123,-0.20260189430739217
123.png,blur,7,25.0,median5,-0.05419075551170138,-0.13370319145085574
123.png,blur,8,29.0,gauss5,-0.08424864968016621,-0.14086746607217293
123.png,blur,8,29.0,median5,-0.04881760677497837,-0.10077606958331842
123.png,blur,9,31.0,gauss5,-0.06181151434461185,-0.11623815728831488
123.png,blur,9,31.0,median5,-0.0406207301127246,-0.09099363185239895
124.png,poisson,0,1.0,gauss5,2.914245703744559,6.455721765022599
124.png,poisson,0,1.0,median5,6.138408789510219,5.196134516901029
124.png,poisson,1,0.8944444444444445,gauss5,3.3487422572110503,6.97671073758427
124.png,poisson,1,0.8944444444444445,median5,6.420818250746166,5.737198446201912
124.png,poisson,2,0.7888888888888889,gauss5,3.8046285603241294,7.191326027499713
124.png,poisson,2,0.7888888888888889,median5,6.7846646616501864,6.195806868199071
124.png,poisson,3,0.6833333333333333,gauss5,4.283408261390203,7.5274552278868185
124.png,poisson,3,0.6833333333333333,median5,7.180152278277479,6.40954897072357
124.png,poisson,4,0.5777777777777777,gauss5,4.856210307365579,8.077669857613579
124.png,poisson,4,0.5777777777777777,median5,7.621477842592629,7.041148615363639
124.png,poisson,5,0.4722222222222222,gauss5,5.512885865992107,8.46451711591326
124.png,poisson,5,0.4722222222222222,median5,8.109356452805798,7.462862417811113
124.png,poisson,6,0.3666666666666667,gauss5,6.282798743823875,8.944390380867674
124.png,poisson,6,0.3666666666666667,median5,8.598384892801576,8.153898463129437
124.png,poisson,7,0.26111111111111107,gauss5,7.230019996161225,9.547257720521227
124.png,poisson,7,0.26111111111111107,median5,9.258067161823625,9.092515903335912
124.png,poisson,8,0.15555555555555556,gauss5,8.34243251389912,10.245811102165899
124.png,poisson,8,0.15555555555555556,median5,9.837168036704739,9.904618122714432
124.png,poisson,9,0.05,gauss5,9.808184130534071,10.942083751689644
124.png,poisson,9,0.05,median5,9.806097946908372,10.123693421103912
124.png,jpeg,0,95.0,gauss5,-13.371209227238694,-7.875888468560419
124.png,jpeg,0,95.0,median5,-9.344362489037593,-9.70654882654133
124.png,jpeg,1,85.0,gauss5,-8.70054167613668,-2.9670018254388637
124.png,jpeg,1,85.0,median5,-4.61428522279877,-4.677957412253498
124.png,jpeg,2,75.0,gauss5,-7.360462763130041,-1.7839476312151206
124.png,jpeg,2,75.0,median5,-3.177796065948044,-3.279117840759824
124.png,jpeg,3,65.0,gauss5,-6.561219328315978,-1.1406090354257472
124.png,jpeg,3,65.0,median5,-2.334699346535885,-2.4878662234318227
124.png,jpeg,4,55.0,gauss5,-5.897743087607566,-0.6706952135613093
124.png,jpeg,4,55.0,median5,-1.6383970641136472,-1.8137217102161358
124.png,jpeg,5,45.0,gauss5,-5.374618116290943,-0.33572830046820457
124.png,jpeg,5,45.0,median5,-1.091657685279685,-1.2689567974461724
124.png,jpeg,6,35.0,gauss5,-4.819187000369144,-0.023352985234730284
124.png,jpeg,6,35.0,median5,-0.5414668868123087,-0.7907957898010594
124.png,jpeg,7,25.0,gauss5,-4.075194660134461,0.3258163122743767
124.png,jpeg,7,25.0,median5,0.08243366955819909,-0.11849952292771349
124.png,jpeg,8,15.0,gauss5,-3.030068227094233,0.5459493330689114
124.png,jpeg,8,15.0,median5,0.5153024784104971,0.3680297797213328
124.png,jpeg,9,5.0,gauss5,-0.7323672007241235,0.9675191332350508
124.png,jpeg,9,5.0,median5,0.6678875802590198,0.4639724004906185
124.png,blur,0,1.0,gauss5,,
124.png,blur,0,1.0,median5,,
124.png,blur,1,5.0,gauss5,-1.2972588743316038,-1.3518828337356368
124.png,blur,1,5.0,median5,-0.6279964893698811,-1.666824402452903
124.png,blur,2,9.0,gauss5,-0.398509586218335,-0.43378486844124353
124.png,blur,2,9.0,median5,-0.19263889312038174,-0.42534713113452227
124.png,blur,3,11.0,gauss5,-0.2917544679346733,-0.3091918512905707
124.png,blur,3,11.0,median5,-0.13687270816799213,-0.27060520115261966
124.png,blur,4,15.0,gauss5,-0.16513851230061505,-0.17858007358223205
124.png,blur,4,15.0,median5,-0.08264197120682581,-0.14383197861699415
124.png,blur,5,19.0,gauss5,-0.09945027742825374,-0.12093852499747015
124.png,blur,5,19.0,median5,-0.057408779969474466,-0.09568836851518725
124.png,blur,6,21.0,gauss5,-0.09463530365488992,-0.10226913274670224
124.png,blur,6,21.0,median5,-0.05310538692661382,-0.08092303159957837
124.png,blur,7,25.0,gauss5,-0.03251530194970087,-0.06984140210337131
124.png,blur,7,25.0,median5,-0.029191610192587092,-0.06735667078806173
124.png,blur,8,29.0,gauss5,-0.05356137621388868,-0.053276839974934376
124.png,blur,8,29.0,median5,-0.03250226141411261,-0.05382332219772934
124.png,blur,9,31.0,gauss5,-0.029268482708435073,-0.04206020024853885
124.png,blur,9,31.0,median5,-0.024699537135656868,-0.04526840370316165
125.png,poisson,0,1.0,gauss5,4.855491504934662,5.836237419133731
125.png,poisson,0,1.0,median5,6.151446391237847,4.206166772641339
125.png,poisson,1,0.8944444444444445,gauss5,5.182559302772596,6.192555593559774
125.png,poisson,1,0.8944444444444445,median5,6.377919702492321,4.56803697114967
125.png,poisson,2,0.7888888888888889,gauss5,5.578785902045567,6.496958473268261
125.png,poisson,2,0.7888888888888889,median5,6.774466931920891,4.964506126429978
125.png,poisson,3,0.6833333333333333,gauss5,6.004748346504748,6.94699370204853
125.png,poisson,3,0.6833333333333333,median5,7.134192876850989,5.586917255459362
125.png,poisson,4,0.5777777777777777,gauss5,6.498028468976816,7.321627604795509
125.png,poisson,4,0.5777777777777777,median5,7.623388586266991,6.131523693059528
125.png,poisson,5,0.4722222222222222,gauss5,7.009852000391387,7.895374409494547
125.png,poisson,5,0.4722222222222222,median5,8.04969755878114,6.522757620079432
125.png,poisson,6,0.3666666666666667,gauss5,7.634799165290623,8.3031938432256
125.png,poisson,6,0.3666666666666667,median5,8.601138353423266,7.256384950347503
125.png,poisson,7,0.26111111111111107,gauss5,8.341510098782692,9.208716759282481
125.png,poisson,7,0.26111111111111107,median5,9.203907493258576,8.308880847688801
125.png,poisson,8,0.15555555555555556,gauss5,9.15360000357768,9.706973831192478
125.png,poisson,8,0.15555555555555556,median5,9.759046363829174,9.122737138820558
125.png,poisson,9,0.05,gauss5,9.986116816678544,10.700273292547832
125.png,poisson,9,0.05,median5,9.80327831476074,10.037613668994597
125.png,jpeg,0,95.0,gauss5,-10.979528308159082,-8.463496099925635
125.png,jpeg,0,95.0,median5,-9.288276014814826,-10.262525178382205
125.png,jpeg,1,85.0,gauss5,-6.434766059251686,-3.5138395668814084
125.png,jpeg,1,85.0,median5,-4.6733235184343584,-5.22895282404297
125.png,jpeg,2,75.0,gauss5,-5.122411129323481,-2.2379400401267517
125.png,jpeg,2,75.0,median5,-3.2261757822611727,-3.7196739789531534
125.png,jpeg,3,65.0,gauss5,-4.4042137057652795,-1.4924609108007019
125.png,jpeg,3,65.0,median5,-2.404646762282681,-2.8708809068342305
125.png,jpeg,4,55.0,gauss5,-3.81706923556834,-1.0222337936012948
125.png,jpeg,4,55.0,median5,-1.7469400957104142,-2.229840267335085
125.png,jpeg,5,45.0,gauss5,-3.403977216590121,-0.593449870593517
125.png,jpeg,5,45.0,median5,-1.2467530711329218,-1.6705997240252373
125.png,jpeg,6,35.0,gauss5,-2.9003035494050025,-0.16769706546901375
125.png,jpeg,6,35.0,median5,-0.7109316578790654,-1.0134924720243959
125.png,jpeg,7,25.0,gauss5,-2.3770349714812298,0.195626863549883
125.png,jpeg,7,25.0,median5,-0.1536952740953339,-0.3861972620143135
125.png,jpeg,8,15.0,gauss5,-1.7301439278550532,0.6040876895018528
125.png,jpeg,8,15.0,median5,0.24128367352560076,0.35445769900764645
125.png,jpeg,9,5.0,gauss5,-0.4499352222377446,1.2365472685302805
125.png,jpeg,9,5.0,median5,0.2769097121972379,0.9321109051869882
125.png,blur,0,1.0,gauss5,,
125.png,blur,0,1.0,median5,,
125.png,blur,1,5.0,gauss5,-2.167132192482086,-1.7505858418580402
125.png,blur,1,5.0,median5,-0.9188491188955865,-1.8248347913867633
125.png,blur,2,9.0,gauss5,-0.778605833022322,-0.6768505329967276
125.png,blur,2,9.0,median5,-0.19055811963058034,-0.47519122939211655
125.png,blur,3,11.0,gauss5,-0.5371881399561254,-0.5102875630626187
125.png,blur,3,11.0,median5,-0.11847777050587283,-0.3091130523933181
125.png,blur,4,15.0,gauss5,-0.26516836085871276,-0.319964758141559
125.png,blur,4,15.0,median5,-0.05800627247865364,-0.16579298592883163
125.png,blur,5,19.0,gauss5,-0.15018280412045826,-0.21162675464779923
125.png,blur,5,19.0,median5,-0.03577214326864464,-0.11030465767241182
125.png,blur,6,21.0,gauss5,-0.12814310735378598,-0.18373093687034725
125.png,blur,6,21.0,median5,-0.03166213000440976,-0.09841550026971646
125.png,blur,7,25.0,gauss5,-0.07934798218174421,-0.13027531016268057
125.png,blur,7,25.0,median5,-0.02179976136179107,-0.07676190913979042
125.png,blur,8,29.0,gauss5,-0.051901930833079035,-0.0902651642103649
125.png,blur,8,29.0,median5,-0.019015781580602464,-0.06494495410047918
125.png,blur,9,31.0,gauss5,-0.046072815191838146,-0.07843631373342319
125.png,blur,9,31.0,median5,-0.01539876821260222,-0.053051790717905334
126.png,poisson,0,1.0,gauss5,4.959042700199113,7.3897488447146955
126.png,poisson,0,1.0,median5,7.1625928592820145,5.971497890595721
126.png,poisson,1,0.8944444444444445,gauss5,5.294766750740919,7.929246187862574
126.png,poisson,1,0.8944444444444445,median5,7.3950909392831825,6.340251278924491
126.png,poisson,2,0.7888888888888889,gauss5,5.655532208759354,8.319722643698064
126.png,poisson,2,0.7888888888888889,median5,7.667810995408779,6.681235492570806
126.png,poisson,3,0.6833333333333333,gauss5,6.117500649640977,8.501642521996413
126.png,poisson,3,0.6833333333333333,median5,8.057077766653073,7.112743918901913
126.png,poisson,4,0.5777777777777777,gauss5,6.566629495720914,8.526456759195796
126.png,poisson,4,0.5777777777777777,median5,8.386846289283017,7.157009025996903
126.png,poisson,5,0.4722222222222222,gauss5,7.103860812418599,9.032038498366507
126.png,poisson,5,0.4722222222222222,median5,8.77187599388407,7.894556741148435
126.png,poisson,6,0.3666666666666667,gauss5,7.669762713320285,9.683540500874084
126.png,poisson,6,0.3666666666666667,median5,9.16966168526205,8.916937443382285
126.png,poisson,7,0.26111111111111107,gauss5,8.381286503146445,9.790397578264777
126.png,poisson,7,0.26111111111111107,median5,9.604780534820609,9.192043374544525
126.png,poisson,8,0.15555555555555556,gauss5,9.116047569311032,10.447377388469711
126.png,poisson,8,0.15555555555555556,median5,9.957038979211578,10.131794232391133
126.png,poisson,9,0.05,gauss5,9.81138080947692,10.937267378334335
126.png,poisson,9,0.05,median5,9.760442577333157,10.287097959494643
126.png,jpeg,0,95.0,gauss5,-11.716163254296987,-7.944819731248579
126.png,jpeg,0,95.0,median5,-8.368150318594786,-8.986150574709022
126.png,jpeg,1,85.0,gauss5,-7.756561202984749,-4.024764854271176
126.png,jpeg,1,85.0,median5,-4.3118447192386,-4.9771751370823125
126.png,jpeg,2,75.0,gauss5,-6.461067081805105,-2.5073197654676704
126.png,jpeg,2,75.0,median5,-2.926978850212315,-3.438902084452913
126.png,jpeg,3,65.0,gauss5,-5.662651055027766,-1.9137950642580321
126.png,jpeg,3,65.0,median5,-2.0801620039188364,-2.7143925208021287
126.png,jpeg,4,55.0,gauss5,-5.002656233298602,-1.3546243995012262
126.png,jpeg,4,55.0,median5,-1.375601575360264,-2.137288215946775
126.png,jpeg,5,45.0,gauss5,-4.469542421356408,-1.0366249627929633
126.png,jpeg,5,45.0,median5,-0.8913829461734935,-1.7038458058915467
126.png,jpeg,6,35.0,gauss5,-3.937714110751159,-0.3632034800826318
126.png,jpeg,6,35.0,median5,-0.425266419413596,-0.9983472411007313
126.png,jpeg,7,25.0,gauss5,-3.213384652982267,0.1542210024673878
126.png,jpeg,7,25.0,median5,0.062199928775442004,-0.21229567620017775
126.png,jpeg,8,15.0,gauss5,-2.095453536594306,1.0087526998613257
126.png,jpeg,8,15.0,median5,0.45920777654911404,0.7891827492313226
126.png,jpeg,9,5.0,gauss5,-0.4212616849687798,1.384469566420183
126.png,jpeg,9,5.0,median5,0.46207443376702884,1.0636482870489665
126.png,blur,0,1.0,gauss5,,
126.png,blur,0,1.0,median5,,
126.png,blur,1,5.0,gauss5,-2.4078900133549475,-2.556952864821241
126.png,blur,1,5.0,median5,-0.6928744640212088,-2.2275140193750573
126.png,blur,2,9.0,gauss5,-0.8790019064580896,-1.0185213619636784
126.png,blur,2,9.0,median5,-0.16132600364268868,-0.7497771208278685
126.png,blur,3,11.0,gauss5,-0.5973565556841258,-0.7460251513776655
126.png,blur,3,11.0,median5,-0.11015789182721392,-0.540885873682825
126.png,blur,4,15.0,gauss5,-0.29453326668801694,-0.45906930661993783
126.png,blur,4,15.0,median5,-0.0625726959764421,-0.3165031380188772
126.png,blur,5,19.0,gauss5,-0.1671135902413461,-0.29017751414450643
126.png,blur,5,19.0,median5,-0.0426986532314757,-0.21206459035619218
126.png,blur,6,21.0,gauss5,-0.1453975575440829,-0.24673858895106093
126.png,blur,6,21.0,median5,-0.038339504871224506,-0.17338852796287085
126.png,blur,7,25.0,gauss5,-0.09193090397270609,-0.1593643844422381
126.png,blur,7,25.0,median5,-0.028609048658278624,-0.12016377185126714
126.png,blur,8,29.0,gauss5,-0.06231089571861048,-0.11325724945574933
126.png,blur,8,29.0,median5,-0.02510935733088715,-0.0896726895379345
126.png,blur,9,31.0,gauss5,-0.05478819935521173,-0.09410387256327013
126.png,blur,9,31.0,median5,-0.021082267519417996,-0.07791092324225346
127.png,poisson,0,1.0,gauss5,5.41454898392611,7.179387135540264
127.png,poisson,0,1.0,median5,7.148559330175267,5.720894424749492
127.png,poisson,1,0.8944444444444445,gauss5,5.754086784315305,7.439698992036746
127.png,poisson,1,0.8944444444444445,median5,7.335282955615369,6.07345994524821
127.png,poisson,2,0.7888888888888889,gauss5,6.103097448838113,7.882424535501535
127.png,poisson,2,0.7888888888888889,median5,7.644109578188029,6.518382349030581
127.png,poisson,3,0.6833333333333333,gauss5,6.525300490551384,8.385862975771278
127.png,poisson,3,0.6833333333333333,median5,8.01442840944227,6.965778035227029
127.png,poisson,4,0.5777777777777777,gauss5,6.993318964543164,8.697638160545441
127.png,poisson,4,0.5777777777777777,median5,8.352418351863484,7.542345144060302
127.png,poisson,5,0.4722222222222222,gauss5,7.487985020609003,9.099381788813275
127.png,poisson,5,0.4722222222222222,median5,8.795313912457452,7.924500024621921
127.png,poisson,6,0.3666666666666667,gauss5,8.026706151182609,9.457447365659569
127.png,poisson,6,0.3666666666666667,median5,9.15542473299167,8.269885497730883
127.png,poisson,7,0.26111111111111107,gauss5,8.718884630475177,10.081814561034385
127.png,poisson,7,0.26111111111111107,median5,9.70046706795327,9.337423954312435
127.png,poisson,8,0.15555555555555556,gauss5,9.479728342886247,9.965088535545771
127.png,poisson,8,0.15555555555555556,median5,10.109204923151196,9.81737698660368
127.png,poisson,9,0.05,gauss5,10.234465211068777,11.01386196240308
127.png,poisson,9,0.05,median5,9.87634647825114,10.075856171933726
127.png,jpeg,0,95.0,gauss5,-10.587943604094107,-6.979013947102622
127.png,jpeg,0,95.0,median5,-8.09666210279427,-8.821152466274505
127.png,jpeg,1,85.0,gauss5,-6.722033033754208,-3.0039586636814946
127.png,jpeg,1,85.0,median5,-4.117841839557599,-4.616443400446066
127.png,jpeg,2,75.0,gauss5,-5.478410493884255,-1.7462505818064429
127.png,jpeg,2,75.0,median5,-2.7686818578892343,-3.137712858076789
127.png,jpeg,3,65.0,gauss5,-4.732437245475104,-1.118469153823348
127.png,jpeg,3,65.0,median5,-1.9521839318872836,-2.468064632666149
127.png,jpeg,4,55.0,gauss5,-4.141546029323315,-0.6654338499508796
127.png,jpeg,4,55.0,median5,-1.2916845814026772,-1.7489233655344165
127.png,jpeg,5,45.0,gauss5,-3.698360282619632,-0.3504572324150175
127.png,jpeg,5,45.0,median5,-0.7956270196716488,-1.2336154611064742
127.png,jpeg,6,35.0,gauss5,-3.2013029998741445,0.011748150705123805
127.png,jpeg,6,35.0,median5,-0.32625105128372667,-0.6605763762723313
127.png,jpeg,7,25.0,gauss5,-2.6352968971754436,0.40657967029767406
127.png,jpeg,7,25.0,median5,0.1191321873649045,-0.061801521822040684
127.png,jpeg,8,15.0,gauss5,-1.75249637318867,0.6944827467687844
127.png,jpeg,8,15.0,median5,0.4624515443061483,0.429028790332481
127.png,jpeg,9,5.0,gauss5,-0.34382624075651336,1.106576136881749
127.png,jpeg,9,5.0,median5,0.27564916222323177,0.7191205232413331
127.png,blur,0,1.0,gauss5,,
127.png,blur,0,1.0,median5,,
127.png,blur,1,5.0,gauss5,-2.307580289629197,-1.9322766060728114
127.png,blur,1,5.0,median5,-0.8643220901479012,-1.9660076266995077
127.png,blur,2,9.0,gauss5,-0.8337038909272145,-0.7509067972287298
127.png,blur,2,9.0,median5,-0.1996465860034604,-0.581699584085932
127.png,blur,3,11.0,gauss5,-0.5597355868332201,-0.5563271104450536
127.png,blur,3,11.0,median5,-0.12927208479748487,-0.4085590370500043
127.png,blur,4,15.0,gauss5,-0.27120455001451305,-0.3662153848306495
127.png,blur,4,15.0,median5,-0.06906713560630706,-0.25558851472748856
127.png,blur,5,19.0,gauss5,-0.145850511533947,-0.24918135982210288
127.png,blur,5,19.0,median5,-0.045088095923233595,-0.19579266879743074
127.png,blur,6,21.0,gauss5,-0.12496458580567449,-0.21248356382961475
127.png,blur,6,21.0,median5,-0.03959716536905944,-0.17757043597710975
127.png,blur,7,25.0,gauss5,-0.07195515323364887,-0.1492777200641342
127.png,blur,7,25.0,median5,-0.028983599439506236,-0.13863266766252025
127.png,blur,8,29.0,gauss5,-0.04565413410556829,-0.10584817832345905
127.png,blur,8,29.0,median5,-0.023245987708591542,-0.10804389377181423
127.png,blur,9,31.0,gauss5,-0.036863816026730944,-0.08931049213921582
127.png,blur,9,31.0,median5,-0.01977909126843258,-0.09757860253673556
128.png,poisson,0,1.0,gauss5,4.533312312857188,6.456859123185989
128.png,poisson,0,1.0,median5,6.816397759006065,4.974451775944704
128.png,poisson,1,0.8944444444444445,gauss5,4.942229266753003,7.1206640424288565
128.png,poisson,1,0.8944444444444445,median5,7.107773404709995,5.5144785805246315
128.png,poisson,2,0.7888888888888889,gauss5,5.3294006967160925,7.311319137512854
128.png,poisson,2,0.7888888888888889,median5,7.410118795719498,5.818120313372219
128.png,poisson,3,0.6833333333333333,gauss5,5.786659098507936,7.657931077492929
128.png,poisson,3,0.6833333333333333,median5,7.772346111856926,6.366391510885453
128.png,poisson,4,0.5777777777777777,gauss5,6.318552961638609,8.13893068979872
128.png,poisson,4,0.5777777777777777,median5,8.211728982474028,6.822355663219042
128.png,poisson,5,0.4722222222222222,gauss5,6.901326023386169,8.567772378901982
128.png,poisson,5,0.4722222222222222,median5,8.651718359179366,7.28601847613324
128.png,poisson,6,0.3666666666666667,gauss5,7.512825252336423,8.793181451476997
128.png,poisson,6,0.3666666666666667,median5,9.15940377146826,7.957767714207058
128.png,poisson,7,0.26111111111111107,gauss5,8.305539024044805,9.332526278076983
128.png,poisson,7,0.26111111111111107,median5,9.627351837508481,8.78231789683527
128.png,poisson,8,0.15555555555555556,gauss5,9.258711765750427,10.146089126012583
128.png,poisson,8,0.15555555555555556,median5,10.266968641225574,9.633489705449016
128.png,poisson,9,0.05,gauss5,10.357532010917355,10.86245756085138
128.png,poisson,9,0.05,median5,10.137638543901678,10.533209501125944
128.png,jpeg,0,95.0,gauss5,-11.62884444713427,-7.668841863382994
128.png,jpeg,0,95.0,median5,-8.416375433915526,-9.177727731023445
128.png,jpeg,1,85.0,gauss5,-7.548192257029825,-3.250370847355704
128.png,jpeg,1,85.0,median5,-4.256282792086502,-4.6195634473206155
128.png,jpeg,2,75.0,gauss5,-6.270774974850156,-2.071976801042858
128.png,jpeg,2,75.0,median5,-2.8794650951304135,-3.203407487001421
128.png,jpeg,3,65.0,gauss5,-5.483941410884384,-1.449350839277102
128.png,jpeg,3,65.0,median5,-2.0241810287575177,-2.4227171896397977
128.png,jpeg,4,55.0,gauss5,-4.8719198216786594,-0.9492136419519781
128.png,jpeg,4,55.0,median5,-1.3816716554239292,-1.7854842238367468
128.png,jpeg,5,45.0,gauss5,-4.395688000506308,-0.48572021800224974
128.png,jpeg,5,45.0,median5,-0.8826040810304434,-1.251804579857641
128.png,jpeg,6,35.0,gauss5,-3.9066453888808184,-0.12985873994193042
128.png,jpeg,6,35.0,median5,-0.3859724011316885,-0.631699137049317
128.png,jpeg,7,25.0,gauss5,-3.2427281335704237,0.2971176709832193
128.png,jpeg,7,25.0,median5,0.0905363395236094,0.03212070510996767
128.png,jpeg,8,15.0,gauss5,-2.4188991129523316,0.818282843508058
128.png,jpeg,8,15.0,median5,0.3685596638724036,0.6955026341107313
128.png,jpeg,9,5.0,gauss5,-0.6243027118332343,1.4562305943714655
128.png,jpeg,9,5.0,median5,0.42161880589487666,0.9812772263639715
128.png,blur,0,1.0,gauss5,,
128.png,blur,0,1.0,median5,,
128.png,blur,1,5.0,gauss5,-1.4420020769915283,-1.9267537513081834
128.png,blur,1,5.0,median5,-0.7483443722628138,-1.7479981132958216
128.png,blur,2,9.0,gauss5,-0.4627816900968007,-0.7978926812512412
128.png,blur,2,9.0,median5,-0.21801369126755432,-0.4578083393113559
128.png,blur,3,11.0,gauss5,-0.33651440410164923,-0.5844029479233157
128.png,blur,3,11.0,median5,-0.1481548545686664,-0.29405606035263077
128.png,blur,4,15.0,gauss5,-0.18849390799833543,-0.38275278759484976
128.png,blur,4,15.0,median5,-0.07957287205161379,-0.1663106552551561
128.png,blur,5,19.0,gauss5,-0.12105497732556003,-0.26439511125545323
128.png,blur,5,19.0,median5,-0.05066521171464089,-0.12138958197123628
128.png,blur,6,21.0,gauss5,-0.11284563892873933,-0.24185972670628786
128.png,blur,6,21.0,median5,-0.04670055716929511,-0.11649544818266833
128.png,blur,7,25.0,gauss5,-0.05296778584862594,-0.17162807403445157
128.png,blur,7,25.0,median5,-0.024763949267821772,-0.091565915623395
128.png,blur,8,29.0,gauss5,-0.05951416301568102,-0.12428920517097453
128.png,blur,8,29.0,median5,-0.02637575712728335,-0.07934982244097455
128.png,blur,9,31.0,gauss5,-0.04038175547555767,-0.1079769685369314
128.png,blur,9,31.0,median5,-0.01754038706805261,-0.07268255466993878
129.png,poisson,0,1.0,gauss5,4.816837119464452,7.161467611572647
129.png,poisson,0,1.0,median5,7.1002006976532,5.732205765912546
129.png,poisson,1,0.8944444444444445,gauss5,5.153409267992362,7.421514706940226
129.png,poisson,1,0.8944444444444445,median5,7.317620849998743,6.0906535492460385
129.png,poisson,2,0.7888888888888889,gauss5,5.566586481375225,7.845405596438312
129.png,poisson,2,0.7888888888888889,median5,7.641338444804465,6.549351477469571
129.png,poisson,3,0.6833333333333333,gauss5,6.001480175083351,8.245075089462613
129.png,poisson,3,0.6833333333333333,median5,7.987250994995449,6.965440720223224
129.png,poisson,4,0.5777777777777777,gauss5,6.4737988493674585,8.425673901553452
129.png,poisson,4,0.5777777777777777,median5,8.360150056987248,7.297889301119312
129.png,poisson,5,0.4722222222222222,gauss5,7.007662215190589,8.952801867894074
129.png,poisson,5,0.4722222222222222,median5,8.755183000392893,7.80915808920188
129.png,poisson,6,0.3666666666666667,gauss5,7.633164089290847,9.264429877961337
129.png,poisson,6,0.3666666666666667,median5,9.212308328405733,8.512754692829759
129.png,poisson,7,0.26111111111111107,gauss5,8.376687727503459,9.716253179390186
129.png,poisson,7,0.26111111111111107,median5,9.689799370716415,9.177393572100478
129.png,poisson,8,0.15555555555555556,gauss5,9.219215323128708,10.350365868687888
129.png,poisson,8,0.15555555555555556,median5,10.198101861096387,9.966777203709121
129.png,poisson,9,0.05,gauss5,10.005622542247266,11.139654349515066
129.png,poisson,9,0.05,median5,9.89786681613636,10.422681702677611
129.png,jpeg,0,95.0,gauss5,-11.88975164546926,-7.742344223786262
129.png,jpeg,0,95.0,median5,-8.474788657755283,-9.205484470941776
129.png,jpeg,1,85.0,gauss5,-7.904331027022899,-3.596330844303907
129.png,jpeg,1,85.0,median5,-4.412440639067768,-4.895756369455846
129.png,jpeg,2,75.0,gauss5,-6.581052847348829,-2.3597449157754937
129.png,jpeg,2,75.0,median5,-3.0226290702748315,-3.4525968849954296
129.png,jpeg,3,65.0,gauss5,-5.743013584794532,-1.6718521596824658
129.png,jpeg,3,65.0,median5,-2.1714634790627017,-2.7097779961120807
129.png,jpeg,4,55.0,gauss5,-5.090975754602027,-1.1859562072170746
129.png,jpeg,4,55.0,median5,-1.5071570515172894,-2.044606005699464
129.png,jpeg,5,45.0,gauss5,-4.591247893198194,-0.7618554609607529
129.png,jpeg,5,45.0,median5,-0.9962642798028867,-1.4480869341938316
129.png,jpeg,6,35.0,gauss5,-3.9906622453900695,-0.31455384832234756
129.png,jpeg,6,35.0,median5,-0.4727340023032909,-0.8573256454458615
129.png,jpeg,7,25.0,gauss5,-3.223241398874407,0.08499897798564149
129.png,jpeg,7,25.0,median5,0.056116275742532196,-0.2745162204230738
129.png,jpeg,8,15.0,gauss5,-2.190837331785879,0.7119271230302218
129.png,jpeg,8,15.0,median5,0.37806513647938544,0.48590781736779576
129.png,jpeg,9,5.0,gauss5,-0.15240822226294526,1.2764443253438955
129.png,jpeg,9,5.0,median5,0.4564236784905269,0.7196089390244857
129.png,blur,0,1.0,gauss5,,
129.png,blur,0,1.0,median5,,
129.png,blur,1,5.0,gauss5,-1.829969036034658,-2.153240278364919
129.png,blur,1,5.0,median5,-0.8166050982063489,-2.00878173909296
129.png,blur,2,9.0,gauss5,-0.6775628720701157,-0.8553110594965005
129.png,blur,2,9.0,median5,-0.24612080986447182,-0.5996625537017266
129.png,blur,3,11.0,gauss5,-0.5004616116049867,-0.6175915994883958
129.png,blur,3,11.0,median5,-0.1722129012927205,-0.40815152511762776
129.png,blur,4,15.0,gauss5,-0.28677615042605353,-0.36472349027239304
129.png,blur,4,15.0,median5,-0.09829647750458648,-0.22916300476647677
129.png,blur,5,19.0,gauss5,-0.17537564839248176,-0.23589727530360705
129.png,blur,5,19.0,median5,-0.06326501915640392,-0.1502386016045456
129.png,blur,6,21.0,gauss5,-0.15400351843190663,-0.2021410287944505
129.png,blur,6,21.0,median5,-0.0568877894848292,-0.1347484549831215
129.png,blur,7,25.0,gauss5,-0.08266051696958954,-0.137084196727276
129.png,blur,7,25.0,median5,-0.03844465934020391,-0.09714149787395598
129.png,blur,8,29.0,gauss5,-0.0709128325799071,-0.0998043397775703
129.png,blur,8,29.0,median5,-0.032410128337946986,-0.07327008544094937
129.png,blur,9,31.0,gauss5,-0.05128213559084216,-0.081121266737739
129.png,blur,9,31.0,median5,-0.026739698345412677,-0.06668927507324085
13.png,poisson,0,1.0,gauss5,2.0328012430619324,7.177910840757491
13.png,poisson,0,1.0,median5,6.818249764197152,5.341963467227814
13.png,poisson,1,0.8944444444444445,gauss5,2.436067948748537,7.552174587681304
13.png,poisson,1,0.8944444444444445,median5,6.973973571051495,5.556913349417282
13.png,poisson,2,0.7888888888888889,gauss5,2.8790378419155402,7.8279070940177995
13.png,poisson,2,0.7888888888888889,median5,7.318722064391483,6.069011263932076
13.png,poisson,3,0.6833333333333333,gauss5,3.362353379254987,8.10724520482329
13.png,poisson,3,0.6833333333333333,median5,7.633286193352429,6.505960073385115
13.png,poisson,4,0.5777777777777777,gauss5,3.974625946209482,8.684208578439744
13.png,poisson,4,0.5777777777777777,median5,8.013872008034493,7.091582865132903
13.png,poisson,5,0.4722222222222222,gauss5,4.611761252205625,8.846125450644905
13.png,poisson,5,0.4722222222222222,median5,8.415799785710853,7.436593941369431
13.png,poisson,6,0.3666666666666667,gauss5,5.375346508607599,9.285137329295342
13.png,poisson,6,0.3666666666666667,median5,8.854975867740812,7.995962007447879
13.png,poisson,7,0.26111111111111107,gauss5,6.278396282545103,9.786495515343766
13.png,poisson,7,0.26111111111111107,median5,9.293549287849938,8.702082188765889
13.png,poisson,8,0.15555555555555556,gauss5,7.39765675358748,10.462244090173005
13.png,poisson,8,0.15555555555555556,median5,9.649780626506423,9.862861448862713
13.png,poisson,9,0.05,gauss5,8.735574840154918,10.90946061079311
13.png,poisson,9,0.05,median5,9.523557258982326,9.872709318219682
13.png,jpeg,0,95.0,gauss5,-15.48328759836642,-9.298922210297064
13.png,jpeg,0,95.0,median5,-8.853071876030967,-10.368843242438487
13.png,jpeg,1,85.0,gauss5,-11.60649974433857,-5.313928132595187
13.png,jpeg,1,85.0,median5,-4.9228532437304935,-6.27513287684058
13.png,jpeg,2,75.0,gauss5,-10.184798996872665,-3.6369863797781505
13.png,jpeg,2,75.0,median5,-3.4857418679986765,-4.683887614152908
13.png,jpeg,3,65.0,gauss5,-9.316615605299589,-2.809088672036964
13.png,jpeg,3,65.0,median5,-2.593229049581147,-3.8070446689482083
13.png,jpeg,4,55.0,gauss5,-8.554022042572193,-2.1486634920961194
13.png,jpeg,4,55.0,median5,-1.8805453100771672,-3.1718925786627565
13.png,jpeg,5,45.0,gauss5,-7.949910981477629,-1.5400131196585178
13.png,jpeg,5,45.0,median5,-1.342766853742809,-2.4884925845645185
13.png,jpeg,6,35.0,gauss5,-7.287655392775189,-0.8756611198508253
13.png,jpeg,6,35.0,median5,-0.809465604189036,-1.6491406659994468
13.png,jpeg,7,25.0,gauss5,-6.302465826569193,-0.2062254748268586
13.png,jpeg,7,25.0,median5,-0.16508751405539357,-0.7981836023240447
13.png,jpeg,8,15.0,gauss5,-4.747579269604866,0.7747845792661678
13.png,jpeg,8,15.0,median5,0.46066708565005143,0.16067869699550386
13.png,jpeg,9,5.0,gauss5,-2.0013793777570292,1.2912124652625536
13.png,jpeg,9,5.0,median5,0.5406676656637046,1.1092991885216001
13.png,blur,0,1.0,gauss5,,
13.png,blur,0,1.0,median5,,
13.png,blur,1,5.0,gauss5,-1.6285467092017818,-2.9568832772626266
13.png,blur,1,5.0,median5,-0.41556953364348104,-2.6740674712407113
13.png,blur,2,9.0,gauss5,-0.5756681237292369,-1.113266326390498
13.png,blur,2,9.0,median5,-0.1387474460715339,-0.8595676134001593
13.png,blur,3,11.0,gauss5,-0.4143422170824813,-0.7864784806698566
13.png,blur,3,11.0,median5,-0.1011007944203115,-0.5757360444375728
13.png,blur,4,15.0,gauss5,-0.21475301243300748,-0.43995017853718466
13.png,blur,4,15.0,median5,-0.06119843902251887,-0.32041031466307146
13.png,blur,5,19.0,gauss5,-0.12661406138533948,-0.2761919915911051
13.png,blur,5,19.0,median5,-0.04266147409380139,-0.202301526438049
13.png,blur,6,21.0,gauss5,-0.11394320407194414,-0.22928958021088874
13.png,blur,6,21.0,median5,-0.03861016726740729,-0.16613158763196267
13.png,blur,7,25.0,gauss5,-0.055986842180214325,-0.14828010010464254
13.png,blur,7,25.0,median5,-0.02378577719529318,-0.12790106777879373
13.png,blur,8,29.0,gauss5,-0.05232688315048506,-0.10703291595788045
13.png,blur,8,29.0,median5,-0.02359278532077269,-0.09043287149079404
13.png,blur,9,31.0,gauss5,-0.03564487242443448,-0.0829966537696194
13.png,blur,9,31.0,median5,-0.01790556681780231,-0.07992744630011828
130.png,poisson,0,1.0,gauss5,2.0058751594781974,7.303515558461868
130.png,poisson,0,1.0,median5,6.452846304919884,5.736124086846239
130.png,poisson,1,0.8944444444444445,gauss5,2.4297138802681246,7.663361117598846
130.png,poisson,1,0.8944444444444445,median5,6.724545327159653,6.178367994691037
130.png,poisson,2,0.7888888888888889,gauss5,2.8950667019173153,8.117661440991355
130.png,poisson,2,0.7888888888888889,median5,7.053752021869606,6.656812037456831
130.png,poisson,3,0.6833333333333333,gauss5,3.4117022642213115,8.40930445136506
130.png,poisson,3,0.6833333333333333,median5,7.437751541141775,6.928128853904177
130.png,poisson,4,0.5777777777777777,gauss5,3.9689567243465866,8.539090829238582
130.png,poisson,4,0.5777777777777777,median5,7.800943176138325,7.387704138061153
130.png,poisson,5,0.4722222222222222,gauss5,4.6400318672210545,8.947555214048876
130.png,poisson,5,0.4722222222222222,median5,8.267863002029575,7.964796091826187
130.png,poisson,6,0.3666666666666667,gauss5,5.427190431100616,9.559115581166548
130.png,poisson,6,0.3666666666666667,median5,8.686057644206556,8.776919641913626
130.png,poisson,7,0.26111111111111107,gauss5,6.408526017379955,9.909308263715026
130.png,poisson,7,0.26111111111111107,median5,9.272403791953192,9.115611287425583
130.png,poisson,8,0.15555555555555556,gauss5,7.667632075226528,10.322002859154086
130.png,poisson,8,0.15555555555555556,median5,9.834425592211446,9.91044338581036
130.png,poisson,9,0.05,gauss5,9.23545181197938,11.009665681196932
130.png,poisson,9,0.05,median5,9.825288354622481,10.313428517276144
130.png,jpeg,0,95.0,gauss5,-14.838406355997343,-7.784609891462772
130.png,jpeg,0,95.0,median5,-9.070089850115814,-9.388557473828286
130.png,jpeg,1,85.0,gauss5,-10.498921233840512,-3.3271331637191963
130.png,jpeg,1,85.0,median5,-4.671991050285072,-4.806400766664062
130.png,jpeg,2,75.0,gauss5,-9.153190756394778,-2.181982564637295
130.png,jpeg,2,75.0,median5,-3.269350145028376,-3.5017799983440554
130.png,jpeg,3,65.0,gauss5,-8.343271211206662,-1.5043488428006597
130.png,jpeg,3,65.0,median5,-2.41395279851497,-2.6837157398539375
130.png,jpeg,4,55.0,gauss5,-7.677732596082713,-1.0661750782690618
130.png,jpeg,4,55.0,median5,-1.7709635741718373,-2.1035980606273696
130.png,jpeg,5,45.0,gauss5,-7.1317429382951225,-0.5592452447626002
130.png,jpeg,5,45.0,median5,-1.2458067982629686,-1.561176153963224
130.png,jpeg,6,35.0,gauss5,-6.541403700681201,-0.20852767909372716
130.png,jpeg,6,35.0,median5,-0.6907453153119647,-0.9457135552020688
130.png,jpeg,7,25.0,gauss5,-5.685612628638101,0.2236035940658283
130.png,jpeg,7,25.0,median5,-0.14583293349911486,-0.2662696162388798
130.png,jpeg,8,15.0,gauss5,-4.580988728250986,0.9232642961626141
130.png,jpeg,8,15.0,median5,0.31341357294015637,0.615830746239098
130.png,jpeg,9,5.0,gauss5,-1.9343230410962384,1.421655121637606
130.png,jpeg,9,5.0,median5,0.5254781113462208,0.9497100652446058
130.png,blur,0,1.0,gauss5,,
130.png,blur,0,1.0,median5,,
130.png,blur,1,5.0,gauss5,-1.2867638860266482,-2.1112290531171354
130.png,blur,1,5.0,median5,-0.4724123058066141,-2.128200982533272
130.png,blur,2,9.0,gauss5,-0.3942497721698075,-0.8729462951968188
130.png,blur,2,9.0,median5,-0.1608694172421039,-0.7137839857958639
130.png,blur,3,11.0,gauss5,-0.28836359149140023,-0.6698318188913603
130.png,blur,3,11.0,median5,-0.11681018379957564,-0.5098337765961745
130.png,blur,4,15.0,gauss5,-0.15557074842397967,-0.41387205836389995
130.png,blur,4,15.0,median5,-0.06959363367191784,-0.3215803419373451
130.png,blur,5,19.0,gauss5,-0.0958362928942087,-0.2600558123918546
130.png,blur,5,19.0,median5,-0.04339606614164282,-0.21338778490893873
130.png,blur,6,21.0,gauss5,-0.09016871145330896,-0.216929446385965
130.png,blur,6,21.0,median5,-0.03932795001758649,-0.18438103638299097
130.png,blur,7,25.0,gauss5,-0.026871712986682894,-0.1355762638201803
130.png,blur,7,25.0,median5,-0.018365523072866097,-0.13659985799057495
130.png,blur,8,29.0,gauss5,-0.04504208535599119,-0.09093189178013716
130.png,blur,8,29.0,median5,-0.021736119098978435,-0.10097677234016089
130.png,blur,9,31.0,gauss5,-0.022372715416306477,-0.07171171330679371
130.png,blur,9,31.0,median5,-0.014352740056477131,-0.08661757162650474
131.png,poisson,0,1.0,gauss5,7.5500751459764714,9.24999875033076
131.png,poisson,0,1.0,median5,9.50826529041214,7.731206144859051
131.png,poisson,1,0.8944444444444445,gauss5,7.7564055616342955,9.308759337034768
131.png,poisson,1,0.8944444444444445,median5,9.540066987265611,8.034961884706949
131.png,poisson,2,0.7888888888888889,gauss5,8.104419252738687,9.85509665167642
131.png,poisson,2,0.7888888888888889,median5,9.769220978908706,8.443302516976622
131.png,poisson,3,0.6833333333333333,gauss5,8.405823677274174,9.870282714759185
131.png,poisson,3,0.6833333333333333,median5,9.926304688406528,8.449572521334112
131.png,poisson,4,0.5777777777777777,gauss5,8.689421588717678,9.879794166633918
131.png,poisson,4,0.5777777777777777,median5,10.135734036124425,8.756981145548405
131.png,poisson,5,0.4722222222222222,gauss5,9.087538684524322,10.27324951842126
131.png,poisson,5,0.4722222222222222,median5,10.326702487553728,9.318051600082697
131.png,poisson,6,0.3666666666666667,gauss5,9.490551224982873,10.451398783766223
131.png,poisson,6,0.3666666666666667,median5,10.636251353754048,9.738554284962163
131.png,poisson,7,0.26111111111111107,gauss5,9.876236968434,10.80334221313322
131.png,poisson,7,0.26111111111111107,median5,10.795865049279882,10.350828371172938
131.png,poisson,8,0.15555555555555556,gauss5,10.30622599546238,10.944529709888858
131.png,poisson,8,0.15555555555555556,median5,10.846978252745206,10.508093662735707
131.png,poisson,9,0.05,gauss5,10.687251280444126,10.92669650554305
131.png,poisson,9,0.05,median5,10.377472090737587,10.765062567821507
131.png,jpeg,0,95.0,gauss5,-10.587065597645484,-6.479975108290844
131.png,jpeg,0,95.0,median5,-5.781334000344792,-7.925446123527671
131.png,jpeg,1,85.0,gauss5,-7.842768977567282,-3.6341341857106713
131.png,jpeg,1,85.0,median5,-3.0850839595186343,-4.980964151915522
131.png,jpeg,2,75.0,gauss5,-6.402502323635012,-2.28956324094154
131.png,jpeg,2,75.0,median5,-1.7388935508145806,-3.5358076124460993
131.png,jpeg,3,65.0,gauss5,-5.5107707569668065,-1.4736732634115057
131.png,jpeg,3,65.0,median5,-1.0068054199764447,-2.806379895167666
131.png,jpeg,4,55.0,gauss5,-4.714869406750054,-0.8826441972394719
131.png,jpeg,4,55.0,median5,-0.5293823465545131,-1.9900381166418626
131.png,jpeg,5,45.0,gauss5,-4.203032987543601,-0.2299162240853292
131.png,jpeg,5,45.0,median5,-0.2112500493153746,-1.2950767689389764
131.png,jpeg,6,35.0,gauss5,-3.6086670082381005,0.29500065710691104
131.png,jpeg,6,35.0,median5,0.13747740902698524,-0.6783457551306924
131.png,jpeg,7,25.0,gauss5,-2.6998066884555953,0.8912405235308754
131.png,jpeg,7,25.0,median5,0.5315150096049734,-0.03237913305985529
131.png,jpeg,8,15.0,gauss5,-1.2854557871891146,1.6096969799838163
131.png,jpeg,8,15.0,median5,0.7024287712770558,0.9935536571961805
131.png,jpeg,9,5.0,gauss5,0.5865425231707775,1.5837895368169832
131.png,jpeg,9,5.0,median5,0.5925219193935121,1.0141134340825175
131.png,blur,0,1.0,gauss5,,
131.png,blur,0,1.0,median5,,
131.png,blur,1,5.0,gauss5,-1.982621926960185,-3.562431487596591
131.png,blur,1,5.0,median5,-0.9038023806506956,-3.6805151146357744
131.png,blur,2,9.0,gauss5,-0.8961927311036106,-1.528532776388225
131.png,blur,2,9.0,median5,-0.4144815299393656,-1.4469452392532745
131.png,blur,3,11.0,gauss5,-0.7067059140973058,-1.1049530871602684
131.png,blur,3,11.0,median5,-0.3181818684980371,-1.0379478948641676
131.png,blur,4,15.0,gauss5,-0.45494032354264746,-0.6217488008699519
131.png,blur,4,15.0,median5,-0.1889471845832631,-0.5603753446827717
131.png,blur,5,19.0,gauss5,-0.3084399980744479,-0.37073706073944734
131.png,blur,5,19.0,median5,-0.11739737732569466,-0.33582921322393133
131.png,blur,6,21.0,gauss5,-0.26765955485872794,-0.29713451304283467
131.png,blur,6,21.0,median5,-0.09688973226369413,-0.2692730277501809
131.png,blur,7,25.0,gauss5,-0.18052969929004448,-0.19544304737437912
131.png,blur,7,25.0,median5,-0.062260752703153344,-0.17096144033730454
131.png,blur,8,29.0,gauss5,-0.14276456093469037,-0.13553526160024632
131.png,blur,8,29.0,median5,-0.043694361018879135,-0.1176708282930754
131.png,blur,9,31.0,gauss5,-0.11741076109545645,-0.11185371807769329
131.png,blur,9,31.0,median5,-0.035507963403293985,-0.09939486151811039
132.png,poisson,0,1.0,gauss5,8.801804687336311,7.780448824110046
132.png,poisson,0,1.0,median5,7.4626043499716666,6.103163666327866
132.png,poisson,1,0.8944444444444445,gauss5,8.933807954589128,8.094856255944201
132.png,poisson,1,0.8944444444444445,median5,7.668167934132853,6.470576738102594
132.png,poisson,2,0.7888888888888889,gauss5,9.167428088269048,8.426672268911755
132.png,poisson,2,0.7888888888888889,median5,7.952761767279043,6.868823235495594
132.png,poisson,3,0.6833333333333333,gauss5,9.414596298190212,8.669225450691442
132.png,poisson,3,0.6833333333333333,median5,8.307808677254123,7.243625030414137
132.png,poisson,4,0.5777777777777777,gauss5,9.604678909983509,8.995860962442386
132.png,poisson,4,0.5777777777777777,median5,8.669650486421975,7.659817305527135
132.png,poisson,5,0.4722222222222222,gauss5,9.871767010392862,9.392569599934777
132.png,poisson,5,0.4722222222222222,median5,9.088680274218984,8.202700770176289
132.png,poisson,6,0.3666666666666667,gauss5,10.115233972416341,9.669883313399922
132.png,poisson,6,0.3666666666666667,median5,9.481511241182154,8.713423777122387
132.png,poisson,7,0.26111111111111107,gauss5,10.387839217648295,9.951956810867948
132.png,poisson,7,0.26111111111111107,median5,10.01240622185064,9.410202452092612
132.png,poisson,8,0.15555555555555556,gauss5,10.713990817810796,10.478636113169387
132.png,poisson,8,0.15555555555555556,median5,10.486135890644412,9.945491538154847
132.png,poisson,9,0.05,gauss5,11.010132014147777,10.8437541047723
132.png,poisson,9,0.05,median5,10.4377048347289,10.357898648170332
132.png,jpeg,0,95.0,gauss5,-6.95270344111978,-7.666483150881795
132.png,jpeg,0,95.0,median5,-9.430138843843864,-9.633222190099573
132.png,jpeg,1,85.0,gauss5,-3.4074450071318267,-3.9399063060688633
132.png,jpeg,1,85.0,median5,-5.6569839962145565,-5.738096245327299
132.png,jpeg,2,75.0,gauss5,-1.9803322950143496,-2.495630166893619
132.png,jpeg,2,75.0,median5,-3.974857206860321,-4.092329600585302
132.png,jpeg,3,65.0,gauss5,-1.1247078159170485,-1.6075484202172277
132.png,jpeg,3,65.0,median5,-2.885435957881448,-3.0195476273514643
132.png,jpeg,4,55.0,gauss5,-0.5252347423204,-0.8909142057959372
132.png,jpeg,4,55.0,median5,-2.0419623455469136,-2.195057176672428
132.png,jpeg,5,45.0,gauss5,-0.10874899643019376,-0.40837801298414433
132.png,jpeg,5,45.0,median5,-1.38832050344066,-1.5147600565654429
132.png,jpeg,6,35.0,gauss5,0.2318195540106558,0.03870707607553214
132.png,jpeg,6,35.0,median5,-0.7465197407582238,-0.8312442677687386
132.png,jpeg,7,25.0,gauss5,0.5259294697147752,0.5335861553018901
132.png,jpeg,7,25.0,median5,-0.06393578917563048,0.015890243083859446
132.png,jpeg,8,15.0,gauss5,0.7365423442537562,1.0036837870653699
132.png,jpeg,8,15.0,median5,0.4339640623563028,0.7896139228362244
132.png,jpeg,9,5.0,gauss5,0.8201715583619489,1.3830238759947697
132.png,jpeg,9,5.0,median5,0.40815518773558424,0.92669186890312
132.png,blur,0,1.0,gauss5,,
132.png,blur,0,1.0,median5,,
132.png,blur,1,5.0,gauss5,-2.416017296632461,-2.5967588702753517
132.png,blur,1,5.0,median5,-2.9326235818759088,-2.65618003105034
132.png,blur,2,9.0,gauss5,-0.8550464207582564,-0.9943367422364204
132.png,blur,2,9.0,median5,-0.8376959632139105,-0.7604700863349123
132.png,blur,3,11.0,gauss5,-0.6061670833684261,-0.7273625765725029
132.png,blur,3,11.0,median5,-0.526608957291991,-0.4873376515457011
132.png,blur,4,15.0,gauss5,-0.33946678433006383,-0.42816085468796317
132.png,blur,4,15.0,median5,-0.23725264953902325,-0.24875621360768108
132.png,blur,5,19.0,gauss5,-0.21690942336508812,-0.27043093095889503
132.png,blur,5,19.0,median5,-0.12729116766012538,-0.14416425146574596
132.png,blur,6,21.0,gauss5,-0.1872662646653609,-0.22532564015193302
132.png,blur,6,21.0,median5,-0.10212138020478534,-0.11789855605698563
132.png,blur,7,25.0,gauss5,-0.1329999353896838,-0.14831203948084237
132.png,blur,7,25.0,median5,-0.06244508743609245,-0.07756195099112517
132.png,blur,8,29.0,gauss5,-0.10181624670554612,-0.10701892322713036
132.png,blur,8,29.0,median5,-0.043028105796341976,-0.058752021269505406
132.png,blur,9,31.0,gauss5,-0.08774851592636423,-0.0890543778257964
132.png,blur,9,31.0,median5,-0.034697919584715464,-0.04903945741197546
133.png,poisson,0,1.0,gauss5,7.425636003176997,7.161976102165866
133.png,poisson,0,1.0,median5,7.36813740970949,5.655139367826621
133.png,poisson,1,0.8944444444444445,gauss5,7.693728625145347,7.663524293342576
133.png,poisson,1,0.8944444444444445,median5,7.549908081303698,6.037949855475794
133.png,poisson,2,0.7888888888888889,gauss5,7.980730869368109,7.926792408017324
133.png,poisson,2,0.7888888888888889,median5,7.883506266470086,6.577812471981606
133.png,poisson,3,0.6833333333333333,gauss5,8.286908946081066,8.28375038358324
133.png,poisson,3,0.6833333333333333,median5,8.22004516418534,6.9067125925369695
133.png,poisson,4,0.5777777777777777,gauss5,8.608870087964082,8.361273546246192
133.png,poisson,4,0.5777777777777777,median5,8.55880925149346,7.232370641340278
133.png,poisson,5,0.4722222222222222,gauss5,8.992462678289819,8.896487274127615
133.png,poisson,5,0.4722222222222222,median5,8.981039916129049,7.712295824433156
133.png,poisson,6,0.3666666666666667,gauss5,9.35067924833767,9.388432925967741
133.png,poisson,6,0.3666666666666667,median5,9.394018166411065,8.50001953521636
133.png,poisson,7,0.26111111111111107,gauss5,9.806477912481164,9.847098448379835
133.png,poisson,7,0.26111111111111107,median5,9.896244859311452,9.117691509668102
133.png,poisson,8,0.15555555555555556,gauss5,10.258954630124109,10.400981901275042
133.png,poisson,8,0.15555555555555556,median5,10.301047339278053,10.044655806918854
133.png,poisson,9,0.05,gauss5,10.524367319285012,10.91832792751243
133.png,poisson,9,0.05,median5,10.065890461522443,10.372849818274027
133.png,jpeg,0,95.0,gauss5,-8.15858410388008,-7.551045419159649
133.png,jpeg,0,95.0,median5,-8.253963399575731,-9.14830048822106
133.png,jpeg,1,85.0,gauss5,-4.364759433899138,-3.529321318643916
133.png,jpeg,1,85.0,median5,-4.308171253930382,-4.954346183284294
133.png,jpeg,2,75.0,gauss5,-3.178658372278832,-2.4786454585151603
133.png,jpeg,2,75.0,median5,-2.9665249474212985,-3.7004153275678817
133.png,jpeg,3,65.0,gauss5,-2.4771059240662794,-1.7019183484762337
133.png,jpeg,3,65.0,median5,-2.131352563935252,-2.8254700784147317
133.png,jpeg,4,55.0,gauss5,-1.9511340393329633,-1.1167924755762044
133.png,jpeg,4,55.0,median5,-1.4617611003823683,-2.0772160398127966
133.png,jpeg,5,45.0,gauss5,-1.5715058506893342,-0.5918883111842845
133.png,jpeg,5,45.0,median5,-0.9834922961020638,-1.4976706954515961
133.png,jpeg,6,35.0,gauss5,-1.2065885191096513,-0.21626731199160076
133.png,jpeg,6,35.0,median5,-0.48929750532537497,-0.8926300567547472
133.png,jpeg,7,25.0,gauss5,-0.8029619999844471,0.3663982481962549
133.png,jpeg,7,25.0,median5,-0.02947413218928574,-0.11180713949659093
133.png,jpeg,8,15.0,gauss5,-0.23396741574226354,0.8655218865721892
133.png,jpeg,8,15.0,median5,0.3417967195548428,0.5737638656272424
133.png,jpeg,9,5.0,gauss5,0.5674908262669369,1.3078904078777995
133.png,jpeg,9,5.0,median5,0.30870312578915815,0.8287297347141518
133.png,blur,0,1.0,gauss5,,
133.png,blur,0,1.0,median5,,
133.png,blur,1,5.0,gauss5,-2.115474897382228,-2.2645282685583723
133.png,blur,1,5.0,median5,-1.524558829981963,-2.2995815853017163
133.png,blur,2,9.0,gauss5,-0.7989703100897216,-0.897889734658925
133.png,blur,2,9.0,median5,-0.40763447131220687,-0.7706086851927978
133.png,blur,3,11.0,gauss5,-0.5792062729651732,-0.6654194766855674
133.png,blur,3,11.0,median5,-0.270470077903866,-0.5537782140402214
133.png,blur,4,15.0,gauss5,-0.32671618741503394,-0.3911996900515575
133.png,blur,4,15.0,median5,-0.14210722464539316,-0.3166913192112659
133.png,blur,5,19.0,gauss5,-0.20070576864019785,-0.24863002315114358
133.png,blur,5,19.0,median5,-0.08938046562883883,-0.19529658008823247
133.png,blur,6,21.0,gauss5,-0.17190472285408376,-0.21253019360547754
133.png,blur,6,21.0,median5,-0.07815980512646092,-0.1650599997929838
133.png,blur,7,25.0,gauss5,-0.10585368210247736,-0.1486800624647735
133.png,blur,7,25.0,median5,-0.05619195831964774,-0.11318251395758949
133.png,blur,8,29.0,gauss5,-0.07811481157655464,-0.09955096919529893
133.png,blur,8,29.0,median5,-0.042923133667081004,-0.08311830046832469
133.png,blur,9,31.0,gauss5,-0.06142970223276123,-0.0876765444437595
133.png,blur,9,31.0,median5,-0.03672083606110732,-0.07386693045252457
134.png,poisson,0,1.0,gauss5,7.223461860963937,7.618370060189324
134.png,poisson,0,1.0,median5,7.169598700267393,6.062529527018736
134.png,poisson,1,0.8944444444444445,gauss5,7.441984736624342,7.903318478490139
134.png,poisson,1,0.8944444444444445,median5,7.352080186895584,6.162330513819239
134.png,poisson,2,0.7888888888888889,gauss5,7.756075855560386,8.0632113716998
134.png,poisson,2,0.7888888888888889,median5,7.680426771281386,6.5475277917295145
134.png,poisson,3,0.6833333333333333,gauss5,8.096422125293625,8.401345857327389
134.png,poisson,3,0.6833333333333333,median5,8.02246868421837,7.086566643554011
134.png,poisson,4,0.5777777777777777,gauss5,8.400813779269086,8.724665625263018
134.png,poisson,4,0.5777777777777777,median5,8.400223240614856,7.437300460910752
134.png,poisson,5,0.4722222222222222,gauss5,8.79146318626924,9.315621133934528
134.png,poisson,5,0.4722222222222222,median5,8.797505920700601,7.961837503822792
134.png,poisson,6,0.3666666666666667,gauss5,9.191705701972232,9.57291702665335
134.png,poisson,6,0.3666666666666667,median5,9.219822634961318,8.625709604683294
134.png,poisson,7,0.26111111111111107,gauss5,9.612610789662117,9.986882897440818
134.png,poisson,7,0.26111111111111107,median5,9.693424614471365,9.213085403602278
134.png,poisson,8,0.15555555555555556,gauss5,10.100709957496484,10.33942720870684
134.png,poisson,8,0.15555555555555556,median5,10.202802053864794,9.967132936171911
134.png,poisson,9,0.05,gauss5,10.380657891506337,10.973793532206034
134.png,poisson,9,0.05,median5,10.027767199761678,10.202123256759304
134.png,jpeg,0,95.0,gauss5,-8.27650503945194,-7.640127881145894
134.png,jpeg,0,95.0,median5,-8.259694537657154,-9.373287889222276
134.png,jpeg,1,85.0,gauss5,-4.441708649400368,-3.6270572426989105
134.png,jpeg,1,85.0,median5,-4.2790705931818,-5.2683046974131
134.png,jpeg,2,75.0,gauss5,-3.21896754533703,-2.406324533763083
134.png,jpeg,2,75.0,median5,-2.925980821506556,-3.871381812395505
134.png,jpeg,3,65.0,gauss5,-2.480787990858424,-1.691627192732149
134.png,jpeg,3,65.0,median5,-2.073095424931722,-3.0523216733165484
134.png,jpeg,4,55.0,gauss5,-1.9569038161900991,-1.1851625810766961
134.png,jpeg,4,55.0,median5,-1.4306021320935969,-2.3641386294980222
134.png,jpeg,5,45.0,gauss5,-1.5843146209785033,-0.7443943642880058
134.png,jpeg,5,45.0,median5,-0.9544637276082995,-1.7398157242325638
134.png,jpeg,6,35.0,gauss5,-1.1951253734227336,-0.2996341860848659
134.png,jpeg,6,35.0,median5,-0.4954037906379938,-1.1089541174873432
134.png,jpeg,7,25.0,gauss5,-0.7088175602867821,0.31249364953856684
134.png,jpeg,7,25.0,median5,-0.04497675983585481,-0.358595124837052
134.png,jpeg,8,15.0,gauss5,-0.16892897279021923,0.8296446713461663
134.png,jpeg,8,15.0,median5,0.3067177802094818,0.44851917823407206
134.png,jpeg,9,5.0,gauss5,0.6694102346982795,1.2438090718143755
134.png,jpeg,9,5.0,median5,0.4024027840946047,0.8083778166806717
134.png,blur,0,1.0,gauss5,,
134.png,blur,0,1.0,median5,,
134.png,blur,1,5.0,gauss5,-1.8867604718668858,-2.384207036895532
134.png,blur,1,5.0,median5,-1.5413683258119022,-2.539026009005781
134.png,blur,2,9.0,gauss5,-0.7320514234799518,-0.9740037378630504
134.png,blur,2,9.0,median5,-0.46148785004550774,-0.9248785655361544
134.png,blur,3,11.0,gauss5,-0.5454882320900367,-0.7025837349187398
134.png,blur,3,11.0,median5,-0.3110059818042288,-0.6381361156784422
134.png,blur,4,15.0,gauss5,-0.3271755194722026,-0.4107818023597396
134.png,blur,4,15.0,median5,-0.16256080596012268,-0.3635476336773067
134.png,blur,5,19.0,gauss5,-0.2086786538269365,-0.24820164743009698
134.png,blur,5,19.0,median5,-0.09809905258929419,-0.21508773692323047
134.png,blur,6,21.0,gauss5,-0.18022984483375382,-0.20918728365803574
134.png,blur,6,21.0,median5,-0.08373719847190841,-0.17540086507309027
134.png,blur,7,25.0,gauss5,-0.10963311341188842,-0.12380115060070196
134.png,blur,7,25.0,median5,-0.05283822299700347,-0.11632176600156896
134.png,blur,8,29.0,gauss5,-0.08747444190776577,-0.08237850071141395
134.png,blur,8,29.0,median5,-0.038583033947027445,-0.086762035046128
134.png,blur,9,31.0,gauss5,-0.06974993730738177,-0.06573288744947092
134.png,blur,9,31.0,median5,-0.03225302696325372,-0.07568659887656537
135.png,poisson,0,1.0,gauss5,9.706208012671588,9.065441674918542
135.png,poisson,0,1.0,median5,9.581874260490906,8.008245551897335
135.png,poisson,1,0.8944444444444445,gauss5,9.683098014245218,9.329775004409363
135.png,poisson,1,0.8944444444444445,median5,9.534952042534016,8.302926867613913
135.png,poisson,2,0.7888888888888889,gauss5,9.80613358487502,9.723701614215933
135.png,poisson,2,0.7888888888888889,median5,9.739598590917389,8.872191334271676
135.png,poisson,3,0.6833333333333333,gauss5,9.939261231811514,9.776784193230956
135.png,poisson,3,0.6833333333333333,median5,9.94444740234438,8.864674913154456
135.png,poisson,4,0.5777777777777777,gauss5,10.055825781915772,10.002910412020032
135.png,poisson,4,0.5777777777777777,median5,10.160225044104351,9.455059964722427
135.png,poisson,5,0.4722222222222222,gauss5,10.20947118253024,10.17336074803417
135.png,poisson,5,0.4722222222222222,median5,10.348270538263012,9.655208866056427
135.png,poisson,6,0.3666666666666667,gauss5,10.31310661443661,10.64215667021729
135.png,poisson,6,0.3666666666666667,median5,10.560623042430553,10.137522557129287
135.png,poisson,7,0.26111111111111107,gauss5,10.407119233735415,10.696401506745481
135.png,poisson,7,0.26111111111111107,median5,10.763190836204224,10.585741136409844
135.png,poisson,8,0.15555555555555556,gauss5,10.467851821741714,10.99424476228469
135.png,poisson,8,0.15555555555555556,median5,10.866742950560525,10.806734376202787
135.png,poisson,9,0.05,gauss5,10.394669196482596,11.017622642989405
135.png,poisson,9,0.05,median5,10.264910221116228,10.622070372668347
135.png,jpeg,0,95.0,gauss5,-3.3260791247447443,-4.702694555548042
135.png,jpeg,0,95.0,median5,-4.800938571049748,-5.972467290876558
135.png,jpeg,1,85.0,gauss5,-1.1370403727421348,-2.2220872285862256
135.png,jpeg,1,85.0,median5,-2.243182318667756,-3.1941771607944105
135.png,jpeg,2,75.0,gauss5,-0.34070008315711675,-1.1433807536842195
135.png,jpeg,2,75.0,median5,-1.1441144319651997,-1.9891603029524987
135.png,jpeg,3,65.0,gauss5,0.0198635442403301,-0.6030890286710999
135.png,jpeg,3,65.0,median5,-0.5651070208954465,-1.3407602170488246
135.png,jpeg,4,55.0,gauss5,0.2630493754269594,-0.09229223578954304
135.png,jpeg,4,55.0,median5,-0.16219348458676563,-0.7497479309072901
135.png,jpeg,5,45.0,gauss5,0.4225367010457788,0.3171966469854368
135.png,jpeg,5,45.0,median5,0.07702606836338077,-0.31915185116254463
135.png,jpeg,6,35.0,gauss5,0.5910278566379148,0.6996594573223831
135.png,jpeg,6,35.0,median5,0.31851749785248273,0.20916863301202682
135.png,jpeg,7,25.0,gauss5,0.7738586085655825,0.9944374730045382
135.png,jpeg,7,25.0,median5,0.5455454130972939,0.7243633755796566
135.png,jpeg,8,15.0,gauss5,1.0140675964822208,1.4623826397636321
135.png,jpeg,8,15.0,median5,0.6815167778778957,1.1835300431881137
135.png,jpeg,9,5.0,gauss5,1.0317177539564817,1.8020398932857553
135.png,jpeg,9,5.0,median5,0.37062877587299425,1.0696540461350637
135.png,blur,0,1.0,gauss5,,
135.png,blur,0,1.0,median5,,
135.png,blur,1,5.0,gauss5,-1.8708305331579709,-2.6775629991008287
135.png,blur,1,5.0,median5,-2.087460241374437,-2.6520843776292793
135.png,blur,2,9.0,gauss5,-0.8529268862741901,-1.3262844157648246
135.png,blur,2,9.0,median5,-0.8176039335971765,-1.173201023809355
135.png,blur,3,11.0,gauss5,-0.6572481332880784,-1.015920375741132
135.png,blur,3,11.0,median5,-0.6005471777313005,-0.8794360849600906
135.png,blur,4,15.0,gauss5,-0.4066870740467792,-0.6081340581102168
135.png,blur,4,15.0,median5,-0.3483928121772095,-0.5308253550805233
135.png,blur,5,19.0,gauss5,-0.2659072564172362,-0.39255607813716864
135.png,blur,5,19.0,median5,-0.22402946418024783,-0.35563678497437934
135.png,blur,6,21.0,gauss5,-0.22324727228796348,-0.32412160899023945
135.png,blur,6,21.0,median5,-0.18796042502073362,-0.31164977638619007
135.png,blur,7,25.0,gauss5,-0.14711993379305,-0.20676067877419513
135.png,blur,7,25.0,median5,-0.1304689077769865,-0.21950210448119023
135.png,blur,8,29.0,gauss5,-0.10152821286565938,-0.1373518528061588
135.png,blur,8,29.0,median5,-0.09487435121805277,-0.15707220928692678
135.png,blur,9,31.0,gauss5,-0.08281165730323892,-0.11350921028045136
135.png,blur,9,31.0,median5,-0.08126403033246987,-0.14263965544223822
136.png,poisson,0,1.0,gauss5,3.67797502530593,6.6126819820408365
136.png,poisson,0,1.0,median5,6.380426314661946,5.115751852661798
136.png,poisson,1,0.8944444444444445,gauss5,4.061629630118762,7.040350190955195
136.png,poisson,1,0.8944444444444445,median5,6.6302022303806005,5.567099572140101
136.png,poisson,2,0.7888888888888889,gauss5,4.515227217575287,7.314067713801023
136.png,poisson,2,0.7888888888888889,median5,6.980036884711922,5.820229119365237
136.png,poisson,3,0.6833333333333333,gauss5,4.987020942203838,7.679481366514999
136.png,poisson,3,0.6833333333333333,median5,7.358773103820614,6.276481554600984
136.png,poisson,4,0.5777777777777777,gauss5,5.52870806040076,7.940398509336887
136.png,poisson,4,0.5777777777777777,median5,7.774345357672843,6.817409081170112
136.png,poisson,5,0.4722222222222222,gauss5,6.146675903668402,8.396295652310215
136.png,poisson,5,0.4722222222222222,median5,8.265321200339478,7.351122346589893
136.png,poisson,6,0.3666666666666667,gauss5,6.877905602657393,8.965030648758145
136.png,poisson,6,0.3666666666666667,median5,8.771656548263103,8.065885986676925
136.png,poisson,7,0.26111111111111107,gauss5,7.744728517435853,9.432723639592567
136.png,poisson,7,0.26111111111111107,median5,9.318841089530942,8.715753287215108
136.png,poisson,8,0.15555555555555556,gauss5,8.807825411056267,10.084457433213945
136.png,poisson,8,0.15555555555555556,median5,9.908185378853247,9.640506993630328
136.png,poisson,9,0.05,gauss5,10.218158087303674,10.7603820038594
136.png,poisson,9,0.05,median5,10.096156929331517,10.403299089525506
136.png,jpeg,0,95.0,gauss5,-12.28980528430521,-7.659538782329442
136.png,jpeg,0,95.0,median5,-8.684792768399745,-9.32323775937963
136.png,jpeg,1,85.0,gauss5,-8.109311343331868,-3.2815385702904862
136.png,jpeg,1,85.0,median5,-4.422574417099867,-4.80388141842807
136.png,jpeg,2,75.0,gauss5,-6.832404685290367,-2.140892917752687
136.png,jpeg,2,75.0,median5,-3.0505746424902043,-3.416709312182107
136.png,jpeg,3,65.0,gauss5,-6.061317062010154,-1.4583074022489342
136.png,jpeg,3,65.0,median5,-2.2084350403168003,-2.6403531970157346
136.png,jpeg,4,55.0,gauss5,-5.4406005504187895,-0.9267147114692094
136.png,jpeg,4,55.0,median5,-1.5153875880093466,-1.9467958579266522
136.png,jpeg,5,45.0,gauss5,-4.921783564375673,-0.6010640436624968
136.png,jpeg,5,45.0,median5,-1.009686026368108,-1.3981396619441853
136.png,jpeg,6,35.0,gauss5,-4.35895293274033,-0.16506488416639087
136.png,jpeg,6,35.0,median5,-0.4917689428302552,-0.7931616595314921
136.png,jpeg,7,25.0,gauss5,-3.617433281414094,0.24463948781177436
136.png,jpeg,7,25.0,median5,0.10631763758846802,-0.18984513918481838
136.png,jpeg,8,15.0,gauss5,-2.5465168792229953,0.7304613677714684
136.png,jpeg,8,15.0,median5,0.5790525136939664,0.5194417013767563
136.png,jpeg,9,5.0,gauss5,-0.5565943981411756,1.1945831542742127
136.png,jpeg,9,5.0,median5,0.4788704311509626,0.7267253706162542
136.png,blur,0,1.0,gauss5,,
136.png,blur,0,1.0,median5,,
136.png,blur,1,5.0,gauss5,-1.6683174455817458,-1.9276425286180867
136.png,blur,1,5.0,median5,-0.6671662507467992,-1.8747054115528314
136.png,blur,2,9.0,gauss5,-0.614852282406833,-0.7863610951589948
136.png,blur,2,9.0,median5,-0.1795152371073847,-0.517419232502391
136.png,blur,3,11.0,gauss5,-0.441339228298844,-0.5955930480527272
136.png,blur,3,11.0,median5,-0.12300920249737857,-0.3611266232593451
136.png,blur,4,15.0,gauss5,-0.23611287961062644,-0.37963110870256145
136.png,blur,4,15.0,median5,-0.0693767571938011,-0.22626827115661285
136.png,blur,5,19.0,gauss5,-0.1395795690958046,-0.25888101336240155
136.png,blur,5,19.0,median5,-0.045438838340619014,-0.17376057253669686
136.png,blur,6,21.0,gauss5,-0.12436378628770228,-0.22847629046284368
136.png,blur,6,21.0,median5,-0.041408369677007784,-0.15371446525215404
136.png,blur,7,25.0,gauss5,-0.06923562904439251,-0.15947457225759365
136.png,blur,7,25.0,median5,-0.02398650473708841,-0.12377149178101376
136.png,blur,8,29.0,gauss5,-0.05905285190732812,-0.11141243815530899
136.png,blur,8,29.0,median5,-0.02501283182533598,-0.10058506571144221
136.png,blur,9,31.0,gauss5,-0.04319924730426905,-0.0932297646071305
136.png,blur,9,31.0,median5,-0.018912768958269766,-0.09123414205999936
137.png,poisson,0,1.0,gauss5,5.316381666242073,7.736587712908751
137.png,poisson,0,1.0,median5,7.503527510644965,6.420489655223143
137.png,poisson,1,0.8944444444444445,gauss5,5.650078706046838,8.058352269190372
137.png,poisson,1,0.8944444444444445,median5,7.705785893012571,6.767119243389978
137.png,poisson,2,0.7888888888888889,gauss5,6.023309874893535,8.403460175141163
137.png,poisson,2,0.7888888888888889,median5,7.966195073187706,7.235047197632227
137.png,poisson,3,0.6833333333333333,gauss5,6.407795100135452,8.379889507021382
137.png,poisson,3,0.6833333333333333,median5,8.271149355015176,7.3448867225999095
137.png,poisson,4,0.5777777777777777,gauss5,6.9281559044081575,8.833109551170306
137.png,poisson,4,0.5777777777777777,median5,8.653929712068901,8.038351076256095
137.png,poisson,5,0.4722222222222222,gauss5,7.403524147487243,9.390183835803434
137.png,poisson,5,0.4722222222222222,median5,9.031562272032804,8.305640029858345
137.png,poisson,6,0.3666666666666667,gauss5,7.954297575714584,9.78945059300635
137.png,poisson,6,0.3666666666666667,median5,9.393143389162724,9.07812432613828
137.png,poisson,7,0.26111111111111107,gauss5,8.609283370597215,9.866373077034908
137.png,poisson,7,0.26111111111111107,median5,9.819710099962723,9.47628029549292
137.png,poisson,8,0.15555555555555556,gauss5,9.349453392192949,10.536730631816923
137.png,poisson,8,0.15555555555555556,median5,10.173516190828913,9.85635049960436
137.png,poisson,9,0.05,gauss5,10.133511739722449,11.08615336296096
137.png,poisson,9,0.05,median5,9.951835060223965,10.452137695367213
137.png,jpeg,0,95.0,gauss5,-10.819254783661826,-5.738164283858723
137.png,jpeg,0,95.0,median5,-7.2474725498551535,-7.481880270062
137.png,jpeg,1,85.0,gauss5,-7.527441914053597,-2.37644595993806
137.png,jpeg,1,85.0,median5,-3.8657686830712663,-3.9412199487140356
137.png,jpeg,2,75.0,gauss5,-6.249436995525016,-1.2862083893548188
137.png,jpeg,2,75.0,median5,-2.553275873421242,-2.612717340783405
137.png,jpeg,3,65.0,gauss5,-5.425990839230266,-0.7420824159696693
137.png,jpeg,3,65.0,median5,-1.7297603944553117,-1.8405260794478977
137.png,jpeg,4,55.0,gauss5,-4.768908273931977,-0.24931574578263138
137.png,jpeg,4,55.0,median5,-1.0870884185793273,-1.1782443596541654
137.png,jpeg,5,45.0,gauss5,-4.2285629196817425,0.1297065102718875
137.png,jpeg,5,45.0,median5,-0.6349746493722392,-0.6049834723225942
137.png,jpeg,6,35.0,gauss5,-3.655992594489703,0.39375217034872634
137.png,jpeg,6,35.0,median5,-0.17637770391037577,-0.18659151238169613
137.png,jpeg,7,25.0,gauss5,-2.9036339484059255,0.5624654231417381
137.png,jpeg,7,25.0,median5,0.2701589559928337,0.20569757647423614
137.png,jpeg,8,15.0,gauss5,-1.8044917077924083,0.9582561019115658
137.png,jpeg,8,15.0,median5,0.549019534404728,0.7231232292254646
137.png,jpeg,9,5.0,gauss5,0.13117548025946846,1.3211686775230653
137.png,jpeg,9,5.0,median5,0.46779899675953374,0.780352032854946
137.png,blur,0,1.0,gauss5,,
137.png,blur,0,1.0,median5,,
137.png,blur,1,5.0,gauss5,-1.9836960908182135,-2.082712101663766
137.png,blur,1,5.0,median5,-0.8966641644847542,-2.2647400865748324
137.png,blur,2,9.0,gauss5,-0.8259760787037287,-0.9272670892935437
137.png,blur,2,9.0,median5,-0.3241353077642408,-0.8439507099065722
137.png,blur,3,11.0,gauss5,-0.6387269822478068,-0.7439630228088561
137.png,blur,3,11.0,median5,-0.23702348395545414,-0.647624960338888
137.png,blur,4,15.0,gauss5,-0.41340975299252847,-0.4832715322053076
137.png,blur,4,15.0,median5,-0.13862984048531501,-0.4371211740303309
137.png,blur,5,19.0,gauss5,-0.29124644005927536,-0.340623204600476
137.png,blur,5,19.0,median5,-0.08915198012777736,-0.3207026438833296
137.png,blur,6,21.0,gauss5,-0.25934782284392455,-0.2889219301741335
137.png,blur,6,21.0,median5,-0.07573968558591204,-0.2732711720205536
137.png,blur,7,25.0,gauss5,-0.18069694289645355,-0.1968231937047733
137.png,blur,7,25.0,median5,-0.05075587132925463,-0.20047098588213785
137.png,blur,8,29.0,gauss5,-0.14247078288628146,-0.14478384603093986
137.png,blur,8,29.0,median5,-0.0378213752465939,-0.1479981895686997
137.png,blur,9,31.0,gauss5,-0.11678802357174334,-0.1263068414974633
137.png,blur,9,31.0,median5,-0.030270638008435213,-0.12957586228488438
138.png,poisson,0,1.0,gauss5,7.167636891088698,4.8582039485675566
138.png,poisson,0,1.0,median5,6.0987399981817205,3.103965049258509
138.png,poisson,1,0.8944444444444445,gauss5,7.374173700967752,5.395075869984339
138.png,poisson,1,0.8944444444444445,median5,6.37281247235218,3.730937826154751
138.png,poisson,2,0.7888888888888889,gauss5,7.713713344651765,5.822279826055162
138.png,poisson,2,0.7888888888888889,median5,6.744174129461456,4.129056339843466
138.png,poisson,3,0.6833333333333333,gauss5,8.013267116966666,6.160951765469903
138.png,poisson,3,0.6833333333333333,median5,7.156670967859149,4.5121472851414985
138.png,poisson,4,0.5777777777777777,gauss5,8.385340942687737,6.699603483319731
138.png,poisson,4,0.5777777777777777,median5,7.63073768807163,5.334957205577467
138.png,poisson,5,0.4722222222222222,gauss5,8.808965303624564,7.234257481237478
138.png,poisson,5,0.4722222222222222,median5,8.17066575807818,5.80545765293888
138.png,poisson,6,0.3666666666666667,gauss5,9.236196540044734,7.749134741686959
138.png,poisson,6,0.3666666666666667,median5,8.687956231279049,6.4817828758748774
138.png,poisson,7,0.26111111111111107,gauss5,9.757693956545499,8.782548055275363
138.png,poisson,7,0.26111111111111107,median5,9.35365194871158,7.683037206200257
138.png,poisson,8,0.15555555555555556,gauss5,10.28019263608062,9.475302326305322
138.png,poisson,8,0.15555555555555556,median5,10.057928106836286,8.558123754161098
138.png,poisson,9,0.05,gauss5,10.819644956099703,10.345821431234135
138.png,poisson,9,0.05,median5,10.21791709296245,9.805845930017917
138.png,jpeg,0,95.0,gauss5,-7.188254844517942,-8.954781650674576
138.png,jpeg,0,95.0,median5,-8.856124233559548,-10.630875886637511
138.png,jpeg,1,85.0,gauss5,-2.573009518072631,-3.861837544095806
138.png,jpeg,1,85.0,median5,-4.114938155009547,-5.498834841414073
138.png,jpeg,2,75.0,gauss5,-1.4645334500343097,-2.5281974290948526
138.png,jpeg,2,75.0,median5,-2.807193432213019,-4.086856767573295
138.png,jpeg,3,65.0,gauss5,-0.9054715112072458,-1.8671565042685785
138.png,jpeg,3,65.0,median5,-2.0875660707516275,-3.3580049176333873
138.png,jpeg,4,55.0,gauss5,-0.5149445869574834,-1.353172842004419
138.png,jpeg,4,55.0,median5,-1.5085418392898546,-2.6716159731179587
138.png,jpeg,5,45.0,gauss5,-0.2530607610748774,-1.0680875667851453
138.png,jpeg,5,45.0,median5,-1.0637644809462259,-2.2147243010402953
138.png,jpeg,6,35.0,gauss5,-0.009016186538950421,-0.5986062615230381
138.png,jpeg,6,35.0,median5,-0.614705478500646,-1.6157703876556972
138.png,jpeg,7,25.0,gauss5,0.21450329345839947,-0.18415430697284307
138.png,jpeg,7,25.0,median5,-0.13345988836140066,-1.0852096669203455
138.png,jpeg,8,15.0,gauss5,0.41149032573869704,0.4636735391556108
138.png,jpeg,8,15.0,median5,0.18473600063813223,-0.17966502953465735
138.png,jpeg,9,5.0,gauss5,0.6260889520414104,1.000932354706464
138.png,jpeg,9,5.0,median5,0.18292176873428545,0.4030270310122077
138.png,blur,0,1.0,gauss5,,
138.png,blur,0,1.0,median5,,
138.png,blur,1,5.0,gauss5,-1.2742866965047384,-1.9235820854324253
138.png,blur,1,5.0,median5,-1.6208936854987996,-2.1304997391123734
138.png,blur,2,9.0,gauss5,-0.40985999926132166,-0.8004112316638619
138.png,blur,2,9.0,median5,-0.4734282881130554,-0.8274924933058649
138.png,blur,3,11.0,gauss5,-0.290229344215156,-0.5965653654249792
138.png,blur,3,11.0,median5,-0.3223131586645849,-0.6007507936005361
138.png,blur,4,15.0,gauss5,-0.16029190064736554,-0.36107615949950755
138.png,blur,4,15.0,median5,-0.17048603735832302,-0.33962468895337494
138.png,blur,5,19.0,gauss5,-0.09672280572161185,-0.23316693207994632
138.png,blur,5,19.0,median5,-0.10687522287199869,-0.22280022491846907
138.png,blur,6,21.0,gauss5,-0.08426231055329936,-0.19418122259355997
138.png,blur,6,21.0,median5,-0.09422704105725188,-0.1783589814709856
138.png,blur,7,25.0,gauss5,-0.052311386865593335,-0.13461867663047755
138.png,blur,7,25.0,median5,-0.06112525136240876,-0.1257377946789937
138.png,blur,8,29.0,gauss5,-0.03805867622115855,-0.09344182782903943
138.png,blur,8,29.0,median5,-0.046867712708071,-0.09402427233730748
138.png,blur,9,31.0,gauss5,-0.03031255745797523,-0.0771075807127275
138.png,blur,9,31.0,median5,-0.03960637862870797,-0.08256345130870812
139.png,poisson,0,1.0,gauss5,8.370957591536637,6.111025490633047
139.png,poisson,0,1.0,median5,7.376620185428386,4.793539693319282
139.png,poisson,1,0.8944444444444445,gauss5,8.492218356873408,6.368235926418514
139.png,poisson,1,0.8944444444444445,median5,7.572149054964967,4.880725290096343
139.png,poisson,2,0.7888888888888889,gauss5,8.770275687099513,6.826160793979977
139.png,poisson,2,0.7888888888888889,median5,7.916862734223805,5.578727987742472
139.png,poisson,3,0.6833333333333333,gauss5,9.040638661787035,7.175637226336267
139.png,poisson,3,0.6833333333333333,median5,8.269514633376723,6.076776479372956
139.png,poisson,4,0.5777777777777777,gauss5,9.302539292141397,7.720329044213756
139.png,poisson,4,0.5777777777777777,median5,8.672489520799395,6.472821386246764
139.png,poisson,5,0.4722222222222222,gauss5,9.62085869832757,8.16821463025094
139.png,poisson,5,0.4722222222222222,median5,9.04666789007754,7.081669375136666
139.png,poisson,6,0.3666666666666667,gauss5,9.906914508523734,8.811723582556574
139.png,poisson,6,0.3666666666666667,median5,9.490731486554253,7.853436035480467
139.png,poisson,7,0.26111111111111107,gauss5,10.232567325510793,9.529067816131345
139.png,poisson,7,0.26111111111111107,median5,10.004410399329025,8.718038828903428
139.png,poisson,8,0.15555555555555556,gauss5,10.62137450423334,9.856623293496206
139.png,poisson,8,0.15555555555555556,median5,10.539595432027742,9.476252573064691
139.png,poisson,9,0.05,gauss5,10.867751840886424,10.897235433272819
139.png,poisson,9,0.05,median5,10.27131308563186,10.137431397008395
139.png,jpeg,0,95.0,gauss5,-6.451411164584606,-8.101943460683401
139.png,jpeg,0,95.0,median5,-8.542428247495522,-9.34786273720561
139.png,jpeg,1,85.0,gauss5,-2.4619966286009713,-3.445264180746463
139.png,jpeg,1,85.0,median5,-4.35666690260264,-4.592546772611996
139.png,jpeg,2,75.0,gauss5,-1.3153610902940684,-1.995164831658819
139.png,jpeg,2,75.0,median5,-2.952215101164505,-2.997160501925684
139.png,jpeg,3,65.0,gauss5,-0.6999425337335836,-1.408752685707043
139.png,jpeg,3,65.0,median5,-2.1085846120200813,-2.2245038050342814
139.png,jpeg,4,55.0,gauss5,-0.28149585198323734,-1.0028123166370904
139.png,jpeg,4,55.0,median5,-1.4584057290824006,-1.6598742705242984
139.png,jpeg,5,45.0,gauss5,-0.005820511618125579,-0.5711576991134208
139.png,jpeg,5,45.0,median5,-0.9581148845009082,-1.1307908088941616
139.png,jpeg,6,35.0,gauss5,0.20803097622420097,-0.22316390183010526
139.png,jpeg,6,35.0,median5,-0.46503404513832436,-0.6914427370313447
139.png,jpeg,7,25.0,gauss5,0.37004327256148883,0.2550109045448181
139.png,jpeg,7,25.0,median5,-0.011794918575404267,-0.0749764737000902
139.png,jpeg,8,15.0,gauss5,0.46320476740675076,0.7698044226850982
139.png,jpeg,8,15.0,median5,0.22824077825940492,0.6770540678138701
139.png,jpeg,9,5.0,gauss5,0.6599403948758251,1.2685227621476614
139.png,jpeg,9,5.0,median5,0.1694218614034213,0.9493996674150331
139.png,blur,0,1.0,gauss5,,
139.png,blur,0,1.0,median5,,
139.png,blur,1,5.0,gauss5,-1.49278396207972,-1.8232558488047772
139.png,blur,1,5.0,median5,-1.9648803697500057,-1.4978314940053465
139.png,blur,2,9.0,gauss5,-0.43494231847507336,-0.7166455724986704
139.png,blur,2,9.0,median5,-0.525032692324352,-0.38390345067814025
139.png,blur,3,11.0,gauss5,-0.2875889875933879,-0.5283322568261504
139.png,blur,3,11.0,median5,-0.33646678723320633,-0.26033981850170207
139.png,blur,4,15.0,gauss5,-0.13979042084060467,-0.3352350198597165
139.png,blur,4,15.0,median5,-0.1588808795233163,-0.15546150556957627
139.png,blur,5,19.0,gauss5,-0.07758353917344607,-0.22933378670852989
139.png,blur,5,19.0,median5,-0.09174552075226217,-0.12717097760647178
139.png,blur,6,21.0,gauss5,-0.06658166849406655,-0.20447402841738338
139.png,blur,6,21.0,median5,-0.0794423342346775,-0.1040959085308728
139.png,blur,7,25.0,gauss5,-0.03947179440618953,-0.1423660604428747
139.png,blur,7,25.0,median5,-0.051254846063073956,-0.0947727813080732
139.png,blur,8,29.0,gauss5,-0.02703972153796741,-0.09988855662350105
139.png,blur,8,29.0,median5,-0.03938403790744616,-0.07519526019736489
139.png,blur,9,31.0,gauss5,-0.02106596908821956,-0.08782895792775136
139.png,blur,9,31.0,median5,-0.031332969338649264,-0.06970259721014926
14.png,poisson,0,1.0,gauss5,4.685023920605726,6.207375785471392
14.png,poisson,0,1.0,median5,6.776510015304986,4.686650073807826
14.png,poisson,1,0.8944444444444445,gauss5,5.009678596220564,6.157966874560074
14.png,poisson,1,0.8944444444444445,median5,6.99360946707241,4.715148490497199
14.png,poisson,2,0.7888888888888889,gauss5,5.4118407335617675,6.796990720599727
14.png,poisson,2,0.7888888888888889,median5,7.313342440850839,5.415378845023863
14.png,poisson,3,0.6833333333333333,gauss5,5.857400070882289,7.356179289341274
14.png,poisson,3,0.6833333333333333,median5,7.663680524176062,5.938691232262027
14.png,poisson,4,0.5777777777777777,gauss5,6.299939721224149,7.719019732208949
14.png,poisson,4,0.5777777777777777,median5,8.028279607440979,6.4546552803759525
14.png,poisson,5,0.4722222222222222,gauss5,6.903259690622924,8.093383260190151
14.png,poisson,5,0.4722222222222222,median5,8.487774270814313,6.965880036843821
14.png,poisson,6,0.3666666666666667,gauss5,7.554486654377296,8.752089185272446
14.png,poisson,6,0.3666666666666667,median5,9.019860367771354,7.58906944274548
14.png,poisson,7,0.26111111111111107,gauss5,8.248023936475597,9.261649799007404
14.png,poisson,7,0.26111111111111107,median5,9.454349026487066,8.306515587275975
14.png,poisson,8,0.15555555555555556,gauss5,9.194922871157754,9.935132034929694
14.png,poisson,8,0.15555555555555556,median5,10.012507144225047,9.165139604659924
14.png,poisson,9,0.05,gauss5,10.203975405251452,10.664192530680353
14.png,poisson,9,0.05,median5,9.999341256231855,9.745653018815208
14.png,jpeg,0,95.0,gauss5,-11.426299301282334,-7.637246754538765
14.png,jpeg,0,95.0,median5,-8.367497413009282,-8.985911135451197
14.png,jpeg,1,85.0,gauss5,-7.505147543268535,-3.4101608650171045
14.png,jpeg,1,85.0,median5,-4.346320357435964,-4.644305343776331
14.png,jpeg,2,75.0,gauss5,-6.228566566121863,-2.184248438602026
14.png,jpeg,2,75.0,median5,-2.9595626618312068,-3.208380331788227
14.png,jpeg,3,65.0,gauss5,-5.435622261511547,-1.4637906376133927
14.png,jpeg,3,65.0,median5,-2.1308617936144003,-2.389971501324183
14.png,jpeg,4,55.0,gauss5,-4.766350962351048,-0.978538591057557
14.png,jpeg,4,55.0,median5,-1.423196409998468,-1.7451360953919561
14.png,jpeg,5,45.0,gauss5,-4.301987344551115,-0.5887327882926812
14.png,jpeg,5,45.0,median5,-0.9100321861865908,-1.2779002888328606
14.png,jpeg,6,35.0,gauss5,-3.7740632745817635,-0.2176110722561191
14.png,jpeg,6,35.0,median5,-0.42518529177502984,-0.656969024139805
14.png,jpeg,7,25.0,gauss5,-2.981352553974368,0.3072332175770356
14.png,jpeg,7,25.0,median5,0.17959562323487432,-0.02653851278598296
14.png,jpeg,8,15.0,gauss5,-1.7976290930692187,0.9095200296017367
14.png,jpeg,8,15.0,median5,0.5868971544014627,0.8024648436306308
14.png,jpeg,9,5.0,gauss5,-0.3087154062775639,1.1550079376365119
14.png,jpeg,9,5.0,median5,0.43250404199775616,0.8285723560773413
14.png,blur,0,1.0,gauss5,,
14.png,blur,0,1.0,median5,,
14.png,blur,1,5.0,gauss5,-2.4408447498981545,-2.1725754928747563
14.png,blur,1,5.0,median5,-0.7614654468847064,-1.9591733838926473
14.png,blur,2,9.0,gauss5,-0.9387023195287085,-0.9164528980554678
14.png,blur,2,9.0,median5,-0.18492401290071214,-0.608722917757099
14.png,blur,3,11.0,gauss5,-0.6482849611002734,-0.6890622931164394
14.png,blur,3,11.0,median5,-0.1261341729765455,-0.42112235958354916
14.png,blur,4,15.0,gauss5,-0.3314173131632714,-0.42224881236667855
14.png,blur,4,15.0,median5,-0.0725567876326032,-0.2536067574801315
14.png,blur,5,19.0,gauss5,-0.18843829282099023,-0.2890375979962876
14.png,blur,5,19.0,median5,-0.05021905407997451,-0.16667951957478522
14.png,blur,6,21.0,gauss5,-0.160582449964636,-0.24583827297779592
14.png,blur,6,21.0,median5,-0.04464830004289411,-0.1533589120273433
14.png,blur,7,25.0,gauss5,-0.09981889478150663,-0.17159845363263315
14.png,blur,7,25.0,median5,-0.03263232213576117,-0.11150474285644307
14.png,blur,8,29.0,gauss5,-0.06587801512597835,-0.1261037112687795
14.png,blur,8,29.0,median5,-0.026145806269060046,-0.08867168608053788
14.png,blur,9,31.0,gauss5,-0.054167395176840216,-0.10570394298744645
14.png,blur,9,31.0,median5,-0.021988328087370945,-0.07556228724014602
140.png,poisson,0,1.0,gauss5,9.68591064690677,8.787751159419436
140.png,poisson,0,1.0,median5,9.281203265917163,7.737168766757982
140.png,poisson,1,0.8944444444444445,gauss5,9.744053076560256,9.050564377693227
140.png,poisson,1,0.8944444444444445,median5,9.309803685985905,8.115608867200308
140.png,poisson,2,0.7888888888888889,gauss5,9.881368456216705,9.420614850989367
140.png,poisson,2,0.7888888888888889,median5,9.529047639097278,8.301100562564386
140.png,poisson,3,0.6833333333333333,gauss5,10.089636860633568,9.526600183722017
140.png,poisson,3,0.6833333333333333,median5,9.790171296027594,8.767839495828817
140.png,poisson,4,0.5777777777777777,gauss5,10.271691237165523,9.638104519505358
140.png,poisson,4,0.5777777777777777,median5,10.054594805287163,8.987690675265565
140.png,poisson,5,0.4722222222222222,gauss5,10.398382057758468,9.956072522149181
140.png,poisson,5,0.4722222222222222,median5,10.24373257534716,9.155360228814143
140.png,poisson,6,0.3666666666666667,gauss5,10.53778301147679,10.098662328610093
140.png,poisson,6,0.3666666666666667,median5,10.484365812666205,9.895048682411105
140.png,poisson,7,0.26111111111111107,gauss5,10.670982209425581,10.386713974193743
140.png,poisson,7,0.26111111111111107,median5,10.716348087852019,10.231635077390376
140.png,poisson,8,0.15555555555555556,gauss5,10.955847384573755,10.679644285958126
140.png,poisson,8,0.15555555555555556,median5,10.874372847641911,10.669191095248905
140.png,poisson,9,0.05,gauss5,10.841746445645454,10.882868975172073
140.png,poisson,9,0.05,median5,10.25905041999272,10.422151692328612
140.png,jpeg,0,95.0,gauss5,-3.5502645445627934,-4.298316872427044
140.png,jpeg,0,95.0,median5,-5.123870812287031,-5.787414012250302
140.png,jpeg,1,85.0,gauss5,-1.2727478126400555,-1.8501719396261578
140.png,jpeg,1,85.0,median5,-2.515568585119233,-3.0887644085413086
140.png,jpeg,2,75.0,gauss5,-0.4465607140951917,-0.9385896975866714
140.png,jpeg,2,75.0,median5,-1.4103520141883052,-2.0388834952162043
140.png,jpeg,3,65.0,gauss5,-0.04937683188980202,-0.4068950352792342
140.png,jpeg,3,65.0,median5,-0.7896015747297014,-1.342850823089485
140.png,jpeg,4,55.0,gauss5,0.23129951934724602,0.021051639954912105
140.png,jpeg,4,55.0,median5,-0.3344432114580229,-0.7653058537625483
140.png,jpeg,5,45.0,gauss5,0.41478932160116955,0.3480915463518244
140.png,jpeg,5,45.0,median5,-0.04164298125463972,-0.4127628417739402
140.png,jpeg,6,35.0,gauss5,0.5845959791027511,0.7071895181396357
140.png,jpeg,6,35.0,median5,0.2175157293555685,-0.006663817915963932
140.png,jpeg,7,25.0,gauss5,0.789427492130315,0.954081444598927
140.png,jpeg,7,25.0,median5,0.505119961758524,0.5605721409229432
140.png,jpeg,8,15.0,gauss5,1.0059890768420843,1.4971276568080256
140.png,jpeg,8,15.0,median5,0.6385265152973076,1.0314982308267275
140.png,jpeg,9,5.0,gauss5,1.0511183615854485,1.5873781326237513
140.png,jpeg,9,5.0,median5,0.3485539933543258,0.9339031114436764
140.png,blur,0,1.0,gauss5,,
140.png,blur,0,1.0,median5,,
140.png,blur,1,5.0,gauss5,-1.8724526262972603,-2.2729161485210128
140.png,blur,1,5.0,median5,-2.1785702936482565,-2.529702865794242
140.png,blur,2,9.0,gauss5,-0.8424206564923935,-1.126227369850703
140.png,blur,2,9.0,median5,-0.8588949341911487,-1.1474435567395815
140.png,blur,3,11.0,gauss5,-0.651404607151882,-0.8607301229335391
140.png,blur,3,11.0,median5,-0.623479247852643,-0.8422641906613606
140.png,blur,4,15.0,gauss5,-0.40623874525888226,-0.5208663419656929
140.png,blur,4,15.0,median5,-0.3588569538821602,-0.5017760793152064
140.png,blur,5,19.0,gauss5,-0.26530020614502803,-0.3254690483263758
140.png,blur,5,19.0,median5,-0.22375330551657413,-0.31460252566854763
140.png,blur,6,21.0,gauss5,-0.22670092829761757,-0.2728978767758363
140.png,blur,6,21.0,median5,-0.1886988405620471,-0.26492325494381674
140.png,blur,7,25.0,gauss5,-0.1533610744768268,-0.17874667083209417
140.png,blur,7,25.0,median5,-0.12925786369610393,-0.18314937617437366
140.png,blur,8,29.0,gauss5,-0.10930198974604366,-0.11898813764302574
140.png,blur,8,29.0,median5,-0.09513427911630146,-0.13754136722915433
140.png,blur,9,31.0,gauss5,-0.09236631086587721,-0.09997120277954608
140.png,blur,9,31.0,median5,-0.08258883471932421,-0.1203593406614516
141.png,poisson,0,1.0,gauss5,7.048087431005413,5.9417053668819335
141.png,poisson,0,1.0,median5,6.060919973697764,4.548660215173207
141.png,poisson,1,0.8944444444444445,gauss5,7.310569300889949,6.505024764851953
141.png,poisson,1,0.8944444444444445,median5,6.343878669495542,5.089074786693512
141.png,poisson,2,0.7888888888888889,gauss5,7.636287117661464,6.736465411569473
141.png,poisson,2,0.7888888888888889,median5,6.723193920727272,5.58607888372477
141.png,poisson,3,0.6833333333333333,gauss5,7.9806677809352315,7.247281406696718
141.png,poisson,3,0.6833333333333333,median5,7.157574814982997,5.947189429009189
141.png,poisson,4,0.5777777777777777,gauss5,8.362213356359181,7.493840338829656
141.png,poisson,4,0.5777777777777777,median5,7.601264425886523,6.468986456063348
141.png,poisson,5,0.4722222222222222,gauss5,8.732535682280819,8.07082927675063
141.png,poisson,5,0.4722222222222222,median5,8.120126158719419,6.9632812303437035
141.png,poisson,6,0.3666666666666667,gauss5,9.17074845773595,8.539655947934452
141.png,poisson,6,0.3666666666666667,median5,8.67480799029481,7.659784242990032
141.png,poisson,7,0.26111111111111107,gauss5,9.655559262394753,8.962937470142563
141.png,poisson,7,0.26111111111111107,median5,9.323950876738344,8.427338635756225
141.png,poisson,8,0.15555555555555556,gauss5,10.228042770687246,9.970937336897492
141.png,poisson,8,0.15555555555555556,median5,10.020614160616432,9.626760586981966
141.png,poisson,9,0.05,gauss5,10.688126605187747,10.465072050971521
141.png,poisson,9,0.05,median5,10.136026006928152,10.009617051643538
141.png,jpeg,0,95.0,gauss5,-7.205360419416834,-7.782853671534056
141.png,jpeg,0,95.0,median5,-8.837438517067483,-9.145725086240745
141.png,jpeg,1,85.0,gauss5,-2.438925136047061,-2.8424182238159474
141.png,jpeg,1,85.0,median5,-3.9569844593001733,-4.040606345277951
141.png,jpeg,2,75.0,gauss5,-1.3252184179668447,-1.749896844336881
141.png,jpeg,2,75.0,median5,-2.6452848541656877,-2.8021599734970337
141.png,jpeg,3,65.0,gauss5,-0.7676132011519883,-1.1015159864115276
141.png,jpeg,3,65.0,median5,-1.902243935951553,-2.03327297352363
141.png,jpeg,4,55.0,gauss5,-0.38154011950344113,-0.6414240963509954
141.png,jpeg,4,55.0,median5,-1.3235934278220185,-1.487743412214904
141.png,jpeg,5,45.0,gauss5,-0.13081880859899542,-0.3319409089548131
141.png,jpeg,5,45.0,median5,-0.8822622289226487,-1.0338151445526336
141.png,jpeg,6,35.0,gauss5,0.07739133546904498,-0.01596645761031823
141.png,jpeg,6,35.0,median5,-0.4446801833412124,-0.5518946054312153
141.png,jpeg,7,25.0,gauss5,0.24912460946375603,0.22578061273147654
141.png,jpeg,7,25.0,median5,-0.030878617392978924,-0.21852389816810813
141.png,jpeg,8,15.0,gauss5,0.3864777428072941,0.843860930913678
141.png,jpeg,8,15.0,median5,0.22750697060147473,0.6626926020804476
141.png,jpeg,9,5.0,gauss5,0.5859274167898896,1.211790396635898
141.png,jpeg,9,5.0,median5,0.18322274536854266,0.7077601673822542
141.png,blur,0,1.0,gauss5,,
141.png,blur,0,1.0,median5,,
141.png,blur,1,5.0,gauss5,-1.1385328528149472,-1.5743319504802429
141.png,blur,1,5.0,median5,-1.498728016144483,-1.5759981403061687
141.png,blur,2,9.0,gauss5,-0.33924357991284637,-0.7269309849072485
141.png,blur,2,9.0,median5,-0.40886486489807794,-0.6616637690602332
141.png,blur,3,11.0,gauss5,-0.2409512825869342,-0.5924779527534625
141.png,blur,3,11.0,median5,-0.2755322118348147,-0.5333600360356883
141.png,blur,4,15.0,gauss5,-0.13146497632455834,-0.3832691637560117
141.png,blur,4,15.0,median5,-0.14104219924664818,-0.3461217363064506
141.png,blur,5,19.0,gauss5,-0.08245683137015902,-0.24532576009684703
141.png,blur,5,19.0,median5,-0.08903401326393379,-0.2420852021381421
141.png,blur,6,21.0,gauss5,-0.07225807206752677,-0.21110794977539982
141.png,blur,6,21.0,median5,-0.08010903585950757,-0.20202778829357726
141.png,blur,7,25.0,gauss5,-0.045344127048522864,-0.13129043208627422
141.png,blur,7,25.0,median5,-0.0519506704770194,-0.15187352406926635
141.png,blur,8,29.0,gauss5,-0.03372501157774366,-0.0876763098042943
141.png,blur,8,29.0,median5,-0.04123376052174166,-0.1121249748088573
141.png,blur,9,31.0,gauss5,-0.026636460891900526,-0.07125249513510212
141.png,blur,9,31.0,median5,-0.03510188564640515,-0.10326141525647259
142.png,poisson,0,1.0,gauss5,4.481367823604778,5.550884027054302
142.png,poisson,0,1.0,median5,5.286603822675829,3.973112272060213
142.png,poisson,1,0.8944444444444445,gauss5,4.848025133306649,6.114547991437554
142.png,poisson,1,0.8944444444444445,median5,5.568113809924547,4.4737691951558745
142.png,poisson,2,0.7888888888888889,gauss5,5.281356109995581,6.479707078784486
142.png,poisson,2,0.7888888888888889,median5,5.98021832200477,4.881614477754553
142.png,poisson,3,0.6833333333333333,gauss5,5.7337563999506855,6.907722579843803
142.png,poisson,3,0.6833333333333333,median5,6.410831095815254,5.41795439749556
142.png,poisson,4,0.5777777777777777,gauss5,6.2213081278806115,7.1776189037931815
142.png,poisson,4,0.5777777777777777,median5,6.866126844435314,5.927563719615289
142.png,poisson,5,0.4722222222222222,gauss5,6.811847756595455,7.832282407540873
142.png,poisson,5,0.4722222222222222,median5,7.412635174008447,6.403233076823302
142.png,poisson,6,0.3666666666666667,gauss5,7.473643545294532,8.335926002408044
142.png,poisson,6,0.3666666666666667,median5,8.066368083954941,7.1566222609267385
142.png,poisson,7,0.26111111111111107,gauss5,8.2620325533115,9.143282630144686
142.png,poisson,7,0.26111111111111107,median5,8.739930062607009,8.065200089837536
142.png,poisson,8,0.15555555555555556,gauss5,9.210349555865424,9.90526097055092
142.png,poisson,8,0.15555555555555556,median5,9.561831078116981,9.057392547686668
142.png,poisson,9,0.05,gauss5,10.329915201727193,10.882916873024175
142.png,poisson,9,0.05,median5,9.821230041308972,10.249037701226271
142.png,jpeg,0,95.0,gauss5,-10.229627867735623,-7.826257580156081
142.png,jpeg,0,95.0,median5,-9.10303144007485,-9.599931968518547
142.png,jpeg,1,85.0,gauss5,-5.813994348191805,-3.43857034083328
142.png,jpeg,1,85.0,median5,-4.604343588184705,-5.053160281102542
142.png,jpeg,2,75.0,gauss5,-4.537139369453776,-2.1523099901740963
142.png,jpeg,2,75.0,median5,-3.193187506321273,-3.539350993289446
142.png,jpeg,3,65.0,gauss5,-3.802053247833129,-1.478512763103005
142.png,jpeg,3,65.0,median5,-2.3430052170605293,-2.75731922818359
142.png,jpeg,4,55.0,gauss5,-3.216561367353954,-0.8419783902314606
142.png,jpeg,4,55.0,median5,-1.673972701285173,-2.0347951599481675
142.png,jpeg,5,45.0,gauss5,-2.7546886881854675,-0.48583312426807623
142.png,jpeg,5,45.0,median5,-1.1567254061758305,-1.4532727733693633
142.png,jpeg,6,35.0,gauss5,-2.289484215146331,-0.2105477917945464
142.png,jpeg,6,35.0,median5,-0.5915366253424352,-0.8268873368767231
142.png,jpeg,7,25.0,gauss5,-1.7497114961984224,0.34426383495718227
142.png,jpeg,7,25.0,median5,-0.016326208513397944,-0.10813023569735947
142.png,jpeg,8,15.0,gauss5,-1.002741045522903,0.8249750094989956
142.png,jpeg,8,15.0,median5,0.40464173892308963,0.5814937000738105
142.png,jpeg,9,5.0,gauss5,0.3038846873545822,1.088298680738145
142.png,jpeg,9,5.0,median5,0.3879390273354133,0.7100997500032804
142.png,blur,0,1.0,gauss5,,
142.png,blur,0,1.0,median5,,
142.png,blur,1,5.0,gauss5,-1.403360451135498,-1.818930445615635
142.png,blur,1,5.0,median5,-1.135761139404707,-1.876056998093972
142.png,blur,2,9.0,gauss5,-0.45524321369863685,-0.7042066063236874
142.png,blur,2,9.0,median5,-0.3283743352849875,-0.5744375692233703
142.png,blur,3,11.0,gauss5,-0.3312442889963876,-0.5531701889104141
142.png,blur,3,11.0,median5,-0.2198247330319667,-0.4116443339503739
142.png,blur,4,15.0,gauss5,-0.18818330768646518,-0.3388824745342305
142.png,blur,4,15.0,median5,-0.1107937377931485,-0.24761165489907455
142.png,blur,5,19.0,gauss5,-0.11762963411996452,-0.23490580460574506
142.png,blur,5,19.0,median5,-0.06594633343135214,-0.19249613909660468
142.png,blur,6,21.0,gauss5,-0.10914532201280736,-0.20713799618946993
142.png,blur,6,21.0,median5,-0.05859594380578059,-0.17085065729341053
142.png,blur,7,25.0,gauss5,-0.0576360249932506,-0.13908117310052504
142.png,blur,7,25.0,median5,-0.0289141435600051,-0.12953607718583982
142.png,blur,8,29.0,gauss5,-0.05925216323724669,-0.0993353890744153
142.png,blur,8,29.0,median5,-0.028824899132455784,-0.10579470330083396
142.png,blur,9,31.0,gauss5,-0.04085365635383198,-0.08135117668977543
142.png,blur,9,31.0,median5,-0.01962681729981952,-0.09314047676082637
143.png,poisson,0,1.0,gauss5,7.369865678413003,6.778503591046643
143.png,poisson,0,1.0,median5,6.509632833465279,5.6359748518977995
143.png,poisson,1,0.8944444444444445,gauss5,7.63316044565261,7.319356427506648
143.png,poisson,1,0.8944444444444445,median5,6.7826547057008035,6.249557086789636
143.png,poisson,2,0.7888888888888889,gauss5,7.9146292046347995,7.59152230027561
143.png,poisson,2,0.7888888888888889,median5,7.091345080382595,6.37338257855367
143.png,poisson,3,0.6833333333333333,gauss5,8.22520589356333,8.000794251862864
143.png,poisson,3,0.6833333333333333,median5,7.5238037774922795,6.973806516995481
143.png,poisson,4,0.5777777777777777,gauss5,8.595398491005234,8.269419283750562
143.png,poisson,4,0.5777777777777777,median5,7.963608935327777,7.192055788389116
143.png,poisson,5,0.4722222222222222,gauss5,8.938469323276689,8.542123074337312
143.png,poisson,5,0.4722222222222222,median5,8.440330874871442,7.704709496416825
143.png,poisson,6,0.3666666666666667,gauss5,9.382359572600397,8.905601343965397
143.png,poisson,6,0.3666666666666667,median5,8.957425230418117,8.27680942719548
143.png,poisson,7,0.26111111111111107,gauss5,9.765910839730449,9.666149131029346
143.png,poisson,7,0.26111111111111107,median5,9.503567791214572,9.222112055583693
143.png,poisson,8,0.15555555555555556,gauss5,10.268484591696861,10.017734593384027
143.png,poisson,8,0.15555555555555556,median5,10.092686538188953,9.863713603153311
143.png,poisson,9,0.05,gauss5,10.58285136603358,10.83419585988417
143.png,poisson,9,0.05,median5,10.118168309442126,10.21108905788869
143.png,jpeg,0,95.0,gauss5,-7.292057121807311,-7.585953477898919
143.png,jpeg,0,95.0,median5,-8.842793862603223,-8.911309716528237
143.png,jpeg,1,85.0,gauss5,-2.5176618018527535,-2.9875632785408612
143.png,jpeg,1,85.0,median5,-3.965499232991199,-4.208728975218584
143.png,jpeg,2,75.0,gauss5,-1.3663765590398995,-1.7710513132372725
143.png,jpeg,2,75.0,median5,-2.607455969916323,-2.81934810116865
143.png,jpeg,3,65.0,gauss5,-0.8133554908605731,-1.2043783339767913
143.png,jpeg,3,65.0,median5,-1.8827281281912676,-2.0741395830427223
143.png,jpeg,4,55.0,gauss5,-0.44081685765516454,-0.8031549214456888
143.png,jpeg,4,55.0,median5,-1.3218584385614136,-1.5563064829326692
143.png,jpeg,5,45.0,gauss5,-0.17876706046168067,-0.4315822465978343
143.png,jpeg,5,45.0,median5,-0.8864498071597069,-1.0246801444930682
143.png,jpeg,6,35.0,gauss5,0.04246317989085924,-0.025874969613703058
143.png,jpeg,6,35.0,median5,-0.4539724214294836,-0.51014456867604
143.png,jpeg,7,25.0,gauss5,0.21627817443708608,0.2517719134114884
143.png,jpeg,7,25.0,median5,-0.017717940136506627,-0.03880403388401987
143.png,jpeg,8,15.0,gauss5,0.3806790818657433,0.7951166604906845
143.png,jpeg,8,15.0,median5,0.24210305406324295,0.7630682378415798
143.png,jpeg,9,5.0,gauss5,0.6167966033271597,1.2925577611794061
143.png,jpeg,9,5.0,median5,0.17769456502278658,0.7697379930295973
143.png,blur,0,1.0,gauss5,,
143.png,blur,0,1.0,median5,,
143.png,blur,1,5.0,gauss5,-1.141053888347244,-1.633862998936408
143.png,blur,1,5.0,median5,-1.4584174781815307,-1.5861179445143208
143.png,blur,2,9.0,gauss5,-0.33380683413797385,-0.6755576292749907
143.png,blur,2,9.0,median5,-0.37975437453983574,-0.5467837817349732
143.png,blur,3,11.0,gauss5,-0.2341121666726096,-0.4967266604841285
143.png,blur,3,11.0,median5,-0.2530831971783343,-0.40898067685118633
143.png,blur,4,15.0,gauss5,-0.12600018307367122,-0.3046367763137958
143.png,blur,4,15.0,median5,-0.12650097464391052,-0.262227068700458
143.png,blur,5,19.0,gauss5,-0.08015807382825102,-0.19971107791525355
143.png,blur,5,19.0,median5,-0.07671521174595597,-0.17081286984301514
143.png,blur,6,21.0,gauss5,-0.07211467776715352,-0.1771701738233311
143.png,blur,6,21.0,median5,-0.07165134738684742,-0.16112585748820507
143.png,blur,7,25.0,gauss5,-0.04402665936353145,-0.11519454951443109
143.png,blur,7,25.0,median5,-0.04543308926545109,-0.11139552486745075
143.png,blur,8,29.0,gauss5,-0.03411598079689071,-0.07997771878570603
143.png,blur,8,29.0,median5,-0.03801161309478829,-0.08327355034113992
143.png,blur,9,31.0,gauss5,-0.02837890958612377,-0.06876999279957019
143.png,blur,9,31.0,median5,-0.03282710538481126,-0.0728655345965592
144.png,poisson,0,1.0,gauss5,4.186471871212145,7.027147371243046
144.png,poisson,0,1.0,median5,6.911354914269904,5.35880865281635
144.png,poisson,1,0.8944444444444445,gauss5,4.552000072084752,7.462560249845456
144.png,poisson,1,0.8944444444444445,median5,7.12095466391321,5.944286817946672
144.png,poisson,2,0.7888888888888889,gauss5,4.965502905083909,7.9007925004754185
144.png,poisson,2,0.7888888888888889,median5,7.461230074597182,6.338426611764952
144.png,poisson,3,0.6833333333333333,gauss5,5.431938570409777,8.04159688830417
144.png,poisson,3,0.6833333333333333,median5,7.772423106661591,6.507881242526992
144.png,poisson,4,0.5777777777777777,gauss5,5.967456567691208,8.469326416658621
144.png,poisson,4,0.5777777777777777,median5,8.24163463328777,7.017845674494197
144.png,poisson,5,0.4722222222222222,gauss5,6.559842249834947,8.888814814496122
144.png,poisson,5,0.4722222222222222,median5,8.674641190421251,7.689268992698395
144.png,poisson,6,0.3666666666666667,gauss5,7.254854519561526,9.288879938409309
144.png,poisson,6,0.3666666666666667,median5,9.07381438489164,8.091289569068294
144.png,poisson,7,0.26111111111111107,gauss5,7.983179285559533,9.762940970961225
144.png,poisson,7,0.26111111111111107,median5,9.5696528330332,8.949293626359704
144.png,poisson,8,0.15555555555555556,gauss5,8.9902732686746,10.278741154680574
144.png,poisson,8,0.15555555555555556,median5,10.028988913545707,9.760587514187833
144.png,poisson,9,0.05,gauss5,10.03689964512922,11.070672204447693
144.png,poisson,9,0.05,median5,9.854795723013877,10.46696077704214
144.png,jpeg,0,95.0,gauss5,-12.404534665284135,-7.944105138103247
144.png,jpeg,0,95.0,median5,-8.438117838412573,-9.67974847709376
144.png,jpeg,1,85.0,gauss5,-8.437681957829916,-3.844228473756587
144.png,jpeg,1,85.0,median5,-4.402915727017053,-5.441288363239515
144.png,jpeg,2,75.0,gauss5,-7.135142989998929,-2.658425077403784
144.png,jpeg,2,75.0,median5,-3.022740563940147,-4.126946159908677
144.png,jpeg,3,65.0,gauss5,-6.338271126716215,-1.9499204886711183
144.png,jpeg,3,65.0,median5,-2.1920454436254104,-3.3226219853016303
144.png,jpeg,4,55.0,gauss5,-5.6577124726630075,-1.282424875124633
144.png,jpeg,4,55.0,median5,-1.5030891184038992,-2.555903176212645
144.png,jpeg,5,45.0,gauss5,-5.09723186527345,-0.8801958005566846
144.png,jpeg,5,45.0,median5,-0.9683043030039471,-2.0157658905568283
144.png,jpeg,6,35.0,gauss5,-4.515791595234095,-0.5177875129947793
144.png,jpeg,6,35.0,median5,-0.44194442392858235,-1.450423201608345
144.png,jpeg,7,25.0,gauss5,-3.71995247047845,0.17982606140506618
144.png,jpeg,7,25.0,median5,0.1388164168249304,-0.5279444872199477
144.png,jpeg,8,15.0,gauss5,-2.4182638783432218,0.8290489296019814
144.png,jpeg,8,15.0,median5,0.7155108415026064,0.36611671118080835
144.png,jpeg,9,5.0,gauss5,-0.31740770716456623,1.554730237925721
144.png,jpeg,9,5.0,median5,0.6040476569738686,0.9899051430207386
144.png,blur,0,1.0,gauss5,,
144.png,blur,0,1.0,median5,,
144.png,blur,1,5.0,gauss5,-2.020300221154141,-2.4994820717608377
144.png,blur,1,5.0,median5,-0.7102825287546821,-2.708735416439957
144.png,blur,2,9.0,gauss5,-0.743306265366229,-1.0223622220246718
144.png,blur,2,9.0,median5,-0.21367719193305135,-1.0049849780117626
144.png,blur,3,11.0,gauss5,-0.5160209933592554,-0.7347812097539297
144.png,blur,3,11.0,median5,-0.14916663068860103,-0.705595485869086
144.png,blur,4,15.0,gauss5,-0.2641469500960518,-0.40841665597925925
144.png,blur,4,15.0,median5,-0.08878929826981263,-0.37637964555401027
144.png,blur,5,19.0,gauss5,-0.14988026405358568,-0.24791077686290564
144.png,blur,5,19.0,median5,-0.060208067327288006,-0.2253357943837173
144.png,blur,6,21.0,gauss5,-0.12919242144417353,-0.2015506005158869
144.png,blur,6,21.0,median5,-0.05346359800364908,-0.18888180079126116
144.png,blur,7,25.0,gauss5,-0.070152746093747,-0.12764303802395105
144.png,blur,7,25.0,median5,-0.03725603363265506,-0.12795357234170623
144.png,blur,8,29.0,gauss5,-0.05318796509073209,-0.08772633010543984
144.png,blur,8,29.0,median5,-0.03159870508141083,-0.09338563241871256
144.png,blur,9,31.0,gauss5,-0.04132811587170693,-0.07249214873142762
144.png,blur,9,31.0,median5,-0.02527153125342707,-0.08022972710024234
145.png,poisson,0,1.0,gauss5,10.284719536574446,10.296240584993495
145.png,poisson,0,1.0,median5,10.360977682657964,10.115977255074366
145.png,poisson,1,0.8944444444444445,gauss5,10.20958213838816,10.43058202298569
145.png,poisson,1,0.8944444444444445,median5,10.215901448079375,10.093222694207824
145.png,poisson,2,0.7888888888888889,gauss5,10.38695869201452,10.378904457917528
145.png,poisson,2,0.7888888888888889,median5,10.446694045308721,10.174457293593
145.png,poisson,3,0.6833333333333333,gauss5,10.437308848936429,10.47404688876889
145.png,poisson,3,0.6833333333333333,median5,10.552424903980775,10.48665917654484
145.png,poisson,4,0.5777777777777777,gauss5,10.543787930470849,10.512567098396342
145.png,poisson,4,0.5777777777777777,median5,10.689936283624945,10.585834887669616
145.png,poisson,5,0.4722222222222222,gauss5,10.628903851955904,10.67702911974191
145.png,poisson,5,0.4722222222222222,median5,10.838953568273993,10.76040325599348
145.png,poisson,6,0.3666666666666667,gauss5,10.658493687855565,10.79363219733974
145.png,poisson,6,0.3666666666666667,median5,10.929189440900455,10.927793214512839
145.png,poisson,7,0.26111111111111107,gauss5,10.775180408344596,10.99135882580092
145.png,poisson,7,0.26111111111111107,median5,11.106886342781102,10.977095374610148
145.png,poisson,8,0.15555555555555556,gauss5,10.880955552979799,11.031831950551524
145.png,poisson,8,0.15555555555555556,median5,11.125971395372357,11.327572996418343
145.png,poisson,9,0.05,gauss5,10.692208338887678,11.241240587082892
145.png,poisson,9,0.05,median5,10.374175919244141,10.811882358242254
145.png,jpeg,0,95.0,gauss5,-2.9126155239308673,-2.9601233934864624
145.png,jpeg,0,95.0,median5,-4.521570635896595,-4.156709394359979
145.png,jpeg,1,85.0,gauss5,-0.7797564548266607,-0.8131180452817404
145.png,jpeg,1,85.0,median5,-1.9222573446537226,-1.753013462705887
145.png,jpeg,2,75.0,gauss5,-0.012050476070939453,-0.04706340978796675
145.png,jpeg,2,75.0,median5,-0.7435798911441935,-0.6479215023139986
145.png,jpeg,3,65.0,gauss5,0.2897740467585237,0.31532090403454305
145.png,jpeg,3,65.0,median5,-0.19884881660111375,-0.13077939593044619
145.png,jpeg,4,55.0,gauss5,0.47051905431271734,0.5839640999213529
145.png,jpeg,4,55.0,median5,0.1418056463295727,0.17748648173896697
145.png,jpeg,5,45.0,gauss5,0.5691348759563013,0.8179174219421412
145.png,jpeg,5,45.0,median5,0.33412178500845613,0.4747807721349915
145.png,jpeg,6,35.0,gauss5,0.7233538462887452,1.1615207339264586
145.png,jpeg,6,35.0,median5,0.5086520556059924,0.7947809345178101
145.png,jpeg,7,25.0,gauss5,0.8729867163844034,1.378561755393953
145.png,jpeg,7,25.0,median5,0.6520354945172713,1.08254953999797
145.png,jpeg,8,15.0,gauss5,1.1256030365389407,1.5703711247032786
145.png,jpeg,8,15.0,median5,0.7201618058640662,1.3378839427032432
145.png,jpeg,9,5.0,gauss5,1.0550014710777376,1.6148201229072967
145.png,jpeg,9,5.0,median5,0.27510056438049446,0.644097266868247
145.png,blur,0,1.0,gauss5,,
145.png,blur,0,1.0,median5,,
145.png,blur,1,5.0,gauss5,-1.8323768147679687,-2.0221712263435094
145.png,blur,1,5.0,median5,-2.0232128743094506,-1.9227625054943687
145.png,blur,2,9.0,gauss5,-0.8045201800949968,-0.945119876895248
145.png,blur,2,9.0,median5,-0.6792345454290682,-0.7517187716356801
145.png,blur,3,11.0,gauss5,-0.6355007603264085,-0.728008350037932
145.png,blur,3,11.0,median5,-0.4722350700884519,-0.5388137061141407
145.png,blur,4,15.0,gauss5,-0.4204684856332719,-0.4706425133680696
145.png,blur,4,15.0,median5,-0.2514428225968075,-0.3402989802190035
145.png,blur,5,19.0,gauss5,-0.30063449277174215,-0.3265958430377367
145.png,blur,5,19.0,median5,-0.15604021800162116,-0.24159331174554666
145.png,blur,6,21.0,gauss5,-0.2604205560386461,-0.27197503096358133
145.png,blur,6,21.0,median5,-0.1262437563980754,-0.20700242537816393
145.png,blur,7,25.0,gauss5,-0.19234409177774836,-0.2042700937200408
145.png,blur,7,25.0,median5,-0.08591656417070936,-0.16872451206671712
145.png,blur,8,29.0,gauss5,-0.14571268270225346,-0.14518915047524672
145.png,blur,8,29.0,median5,-0.06145219976323091,-0.13225286170407458
145.png,blur,9,31.0,gauss5,-0.12929497849873428,-0.1302106124360165
145.png,blur,9,31.0,median5,-0.05293468386330602,-0.12224014751055279
146.png,poisson,0,1.0,gauss5,8.283248476916654,6.5930867980162375
146.png,poisson,0,1.0,median5,7.198999092221726,5.082851453653568
146.png,poisson,1,0.8944444444444445,gauss5,8.485094409070612,6.981755936661024
146.png,poisson,1,0.8944444444444445,median5,7.427234855078638,5.691945969600901
146.png,poisson,2,0.7888888888888889,gauss5,8.70850831645123,7.209879752292515
146.png,poisson,2,0.7888888888888889,median5,7.750821481470069,5.878658560567686
146.png,poisson,3,0.6833333333333333,gauss5,8.96258624736754,7.525993286028964
146.png,poisson,3,0.6833333333333333,median5,8.142345335252415,6.25811084395604
146.png,poisson,4,0.5777777777777777,gauss5,9.235017133142009,8.029645115672405
146.png,poisson,4,0.5777777777777777,median5,8.479924750786076,6.920808315585713
146.png,poisson,5,0.4722222222222222,gauss5,9.586898378543516,8.449567473850333
146.png,poisson,5,0.4722222222222222,median5,8.934984653586461,7.397919619268595
146.png,poisson,6,0.3666666666666667,gauss5,9.864295122535218,8.955484993155189
146.png,poisson,6,0.3666666666666667,median5,9.348577426405154,8.038116868712187
146.png,poisson,7,0.26111111111111107,gauss5,10.213100461637893,9.44998385204989
146.png,poisson,7,0.26111111111111107,median5,9.864326658559111,8.674127920902666
146.png,poisson,8,0.15555555555555556,gauss5,10.540162380427777,10.177612940134455
146.png,poisson,8,0.15555555555555556,median5,10.283616375451608,9.729067466781892
146.png,poisson,9,0.05,gauss5,10.760793773633035,10.823040843103875
146.png,poisson,9,0.05,median5,10.17471341628992,10.006314467617482
146.png,jpeg,0,95.0,gauss5,-6.604284828393801,-7.906729958951473
146.png,jpeg,0,95.0,median5,-8.550498889445038,-8.976493743737358
146.png,jpeg,1,85.0,gauss5,-2.703400520960244,-3.67363653572594
146.png,jpeg,1,85.0,median5,-4.469980228850204,-4.659066495595788
146.png,jpeg,2,75.0,gauss5,-1.5397574316789715,-2.3705659051546704
146.png,jpeg,2,75.0,median5,-3.077242299128187,-3.366093263330008
146.png,jpeg,3,65.0,gauss5,-0.9075111171301131,-1.7675864687921745
146.png,jpeg,3,65.0,median5,-2.2423364128907153,-2.5630121523382243
146.png,jpeg,4,55.0,gauss5,-0.4499374366158264,-1.2079295415374247
146.png,jpeg,4,55.0,median5,-1.559128852154366,-1.9314967992696097
146.png,jpeg,5,45.0,gauss5,-0.15473888184544649,-0.7901072538257239
146.png,jpeg,5,45.0,median5,-1.0575312952284932,-1.3288142989315972
146.png,jpeg,6,35.0,gauss5,0.10711150242302381,-0.43988425466163505
146.png,jpeg,6,35.0,median5,-0.5576826372406529,-0.8582640829416519
146.png,jpeg,7,25.0,gauss5,0.3360881551472943,0.17056514913285525
146.png,jpeg,7,25.0,median5,-0.06847314084589584,-0.18263582099847753
146.png,jpeg,8,15.0,gauss5,0.5490432804611203,0.9106404270486479
146.png,jpeg,8,15.0,median5,0.30355360756293237,0.6886795830517443
146.png,jpeg,9,5.0,gauss5,0.8227595837978257,1.725402568425249
146.png,jpeg,9,5.0,median5,0.3576939806138668,1.1790452228434916
146.png,blur,0,1.0,gauss5,,
146.png,blur,0,1.0,median5,,
146.png,blur,1,5.0,gauss5,-1.7839015788492887,-2.2566127227841974
146.png,blur,1,5.0,median5,-2.110537600892762,-2.058254275776747
146.png,blur,2,9.0,gauss5,-0.6367738851011424,-0.9492416949171911
146.png,blur,2,9.0,median5,-0.6385212987199935,-0.7533587246466169
146.png,blur,3,11.0,gauss5,-0.4541195309647392,-0.7181367426333942
146.png,blur,3,11.0,median5,-0.4329923106204703,-0.5702030379048644
146.png,blur,4,15.0,gauss5,-0.26060640285261627,-0.4475713530377128
146.png,blur,4,15.0,median5,-0.2340082265127208,-0.34125454902306984
146.png,blur,5,19.0,gauss5,-0.16718121197608582,-0.29011627499441417
146.png,blur,5,19.0,median5,-0.1465970056956749,-0.2153811934549914
146.png,blur,6,21.0,gauss5,-0.1421546583781108,-0.23917453464245853
146.png,blur,6,21.0,median5,-0.12825361546847347,-0.1899458522779227
146.png,blur,7,25.0,gauss5,-0.09663685356854756,-0.1615109123048022
146.png,blur,7,25.0,median5,-0.08813005543431984,-0.12459348859409403
146.png,blur,8,29.0,gauss5,-0.06875471383722953,-0.11414350680079366
146.png,blur,8,29.0,median5,-0.06700359591762961,-0.09204810471948832
146.png,blur,9,31.0,gauss5,-0.05722678812354687,-0.09606305670728332
146.png,blur,9,31.0,median5,-0.05758642525894331,-0.07739507212587782
147.png,poisson,0,1.0,gauss5,7.243284000470933,7.758225540074616
147.png,poisson,0,1.0,median5,7.0603542313264676,6.0919235174945605
147.png,poisson,1,0.8944444444444445,gauss5,7.477369720765054,7.792914964715585
147.png,poisson,1,0.8944444444444445,median5,7.274526890437791,6.25857721486129
147.png,poisson,2,0.7888888888888889,gauss5,7.792262530908559,8.124266940182295
147.png,poisson,2,0.7888888888888889,median5,7.563518767854035,6.784817314728116
147.png,poisson,3,0.6833333333333333,gauss5,8.109389684688992,8.599180534637831
147.png,poisson,3,0.6833333333333333,median5,7.966438070655812,7.389484151686716
147.png,poisson,4,0.5777777777777777,gauss5,8.486202811296582,9.045956099066448
147.png,poisson,4,0.5777777777777777,median5,8.38781332178252,7.843639275024721
147.png,poisson,5,0.4722222222222222,gauss5,8.83219393341701,9.119960874178048
147.png,poisson,5,0.4722222222222222,median5,8.781931262009294,8.299217862360557
147.png,poisson,6,0.3666666666666667,gauss5,9.266156435998873,9.552363825634075
147.png,poisson,6,0.3666666666666667,median5,9.21074345347514,8.92476665605632
147.png,poisson,7,0.26111111111111107,gauss5,9.71064909423081,10.114585445047815
147.png,poisson,7,0.26111111111111107,median5,9.75749568251873,9.649716266768277
147.png,poisson,8,0.15555555555555556,gauss5,10.223337594692111,10.491691511249787
147.png,poisson,8,0.15555555555555556,median5,10.260085568568776,10.330785375422256
147.png,poisson,9,0.05,gauss5,10.509060124613175,10.98963601320729
147.png,poisson,9,0.05,median5,9.945139625865519,10.253013294528325
147.png,jpeg,0,95.0,gauss5,-8.258486444642173,-7.459385868246287
147.png,jpeg,0,95.0,median5,-8.44360701635896,-9.486968557828938
147.png,jpeg,1,85.0,gauss5,-4.260417088270692,-3.4147462087182916
147.png,jpeg,1,85.0,median5,-4.306228746703148,-5.224618538550921
147.png,jpeg,2,75.0,gauss5,-3.071177989123022,-2.236675379990004
147.png,jpeg,2,75.0,median5,-2.9525507732495058,-3.9127510989652663
147.png,jpeg,3,65.0,gauss5,-2.3611714123587433,-1.4500618618906458
147.png,jpeg,3,65.0,median5,-2.1402330453743517,-3.004381095472887
147.png,jpeg,4,55.0,gauss5,-1.8289173120405593,-0.8321820155493498
147.png,jpeg,4,55.0,median5,-1.4848715959697998,-2.223801200300926
147.png,jpeg,5,45.0,gauss5,-1.418261074668159,-0.4331776155914824
147.png,jpeg,5,45.0,median5,-1.0097257954465135,-1.6768648819746943
147.png,jpeg,6,35.0,gauss5,-1.0280721951678942,-0.1354813062487068
147.png,jpeg,6,35.0,median5,-0.5243742754877658,-1.1166784001886043
147.png,jpeg,7,25.0,gauss5,-0.6373784970003271,0.25935734094399976
147.png,jpeg,7,25.0,median5,-0.0755581910898897,-0.4340481241657912
147.png,jpeg,8,15.0,gauss5,-0.03321792299799853,0.8439028568938056
147.png,jpeg,8,15.0,median5,0.307716487475453,0.29733458011701686
147.png,jpeg,9,5.0,gauss5,0.6557696214405375,1.218640428291362
147.png,jpeg,9,5.0,median5,0.3905769579921241,0.6894089417643627
147.png,blur,0,1.0,gauss5,,
147.png,blur,0,1.0,median5,,
147.png,blur,1,5.0,gauss5,-1.5572642046979084,-2.2001780661239607
147.png,blur,1,5.0,median5,-1.4851060566674406,-2.5243119439453565
147.png,blur,2,9.0,gauss5,-0.5718018719295657,-0.8832420540549677
147.png,blur,2,9.0,median5,-0.43822865418443513,-0.8905067307193733
147.png,blur,3,11.0,gauss5,-0.43785720392199323,-0.6525322788330676
147.png,blur,3,11.0,median5,-0.2969780113696743,-0.6339094642848586
147.png,blur,4,15.0,gauss5,-0.28397635122230724,-0.3792523711856468
147.png,blur,4,15.0,median5,-0.151701887347798,-0.3531980778273969
147.png,blur,5,19.0,gauss5,-0.20829549907498546,-0.23534809264130985
147.png,blur,5,19.0,median5,-0.08976980296977288,-0.21896430335535655
147.png,blur,6,21.0,gauss5,-0.1926655428875108,-0.19001385740720167
147.png,blur,6,21.0,median5,-0.07536275107390722,-0.18926822473151006
147.png,blur,7,25.0,gauss5,-0.14074720968821808,-0.12303923723723997
147.png,blur,7,25.0,median5,-0.047594966538408556,-0.12553532182780103
147.png,blur,8,29.0,gauss5,-0.12055782366681811,-0.08214731275982246
147.png,blur,8,29.0,median5,-0.033145005996008337,-0.08241271650622295
147.png,blur,9,31.0,gauss5,-0.10506060704390663,-0.06827466925464165
147.png,blur,9,31.0,median5,-0.027759826097280893,-0.07258941431225097
148.png,poisson,0,1.0,gauss5,5.099982941379142,6.560322558820637
148.png,poisson,0,1.0,median5,6.990724029610302,5.1031565699121515
148.png,poisson,1,0.8944444444444445,gauss5,5.445932729158407,6.9695496213724155
148.png,poisson,1,0.8944444444444445,median5,7.220226808528075,5.527703177433224
148.png,poisson,2,0.7888888888888889,gauss5,5.831485969709256,7.161946287642699
148.png,poisson,2,0.7888888888888889,median5,7.515904600005442,5.746267955219992
148.png,poisson,3,0.6833333333333333,gauss5,6.2328462490059025,7.545822612042969
148.png,poisson,3,0.6833333333333333,median5,7.835423849153759,6.184293872405156
148.png,poisson,4,0.5777777777777777,gauss5,6.711988685526123,7.854145441933593
148.png,poisson,4,0.5777777777777777,median5,8.2606985397316,6.44873633491251
148.png,poisson,5,0.4722222222222222,gauss5,7.279239415983504,8.529610623140481
148.png,poisson,5,0.4722222222222222,median5,8.660355174089855,7.173365380054857
148.png,poisson,6,0.3666666666666667,gauss5,7.880535361637829,8.799176151463278
148.png,poisson,6,0.3666666666666667,median5,9.112692030727018,7.7938838835732085
148.png,poisson,7,0.26111111111111107,gauss5,8.519771148129479,9.286387453495934
148.png,poisson,7,0.26111111111111107,median5,9.640615028794311,8.571869752834424
148.png,poisson,8,0.15555555555555556,gauss5,9.345845269157483,9.968885175712046
148.png,poisson,8,0.15555555555555556,median5,10.069730348752369,9.443285732550066
148.png,poisson,9,0.05,gauss5,10.280854058858068,10.809841535658574
148.png,poisson,9,0.05,median5,10.025495082166593,9.836747098607436
148.png,jpeg,0,95.0,gauss5,-11.248562406193898,-8.471715100853757
148.png,jpeg,0,95.0,median5,-8.25267903389431,-8.921197919071794
148.png,jpeg,1,85.0,gauss5,-7.456877471456764,-4.391587900479422
148.png,jpeg,1,85.0,median5,-4.372778033531105,-4.7922922360455615
148.png,jpeg,2,75.0,gauss5,-6.148676525328291,-3.1408714745369792
148.png,jpeg,2,75.0,median5,-3.015755565709,-3.458668461036595
148.png,jpeg,3,65.0,gauss5,-5.3346217300186325,-2.156884409115378
148.png,jpeg,3,65.0,median5,-2.133887803443976,-2.4516980318814205
148.png,jpeg,4,55.0,gauss5,-4.635893227205436,-1.6029297214248075
148.png,jpeg,4,55.0,median5,-1.4737630263758632,-1.978326604572601
148.png,jpeg,5,45.0,gauss5,-4.142926945018878,-1.1437496638532139
148.png,jpeg,5,45.0,median5,-0.9794528117573336,-1.403628737217339
148.png,jpeg,6,35.0,gauss5,-3.589726842603362,-0.6529204320344277
148.png,jpeg,6,35.0,median5,-0.471513282429207,-0.7320473599144961
148.png,jpeg,7,25.0,gauss5,-2.826346808340631,0.10578043362828993
148.png,jpeg,7,25.0,median5,0.09329807004662172,0.036723950052305554
148.png,jpeg,8,15.0,gauss5,-1.5837341746232028,0.6863693770446417
148.png,jpeg,8,15.0,median5,0.5693309960020088,0.694106813029272
148.png,jpeg,9,5.0,gauss5,0.13288463653815796,1.4280903074508835
148.png,jpeg,9,5.0,median5,0.4531504575864673,1.0444999244110669
148.png,blur,0,1.0,gauss5,,
148.png,blur,0,1.0,median5,,
148.png,blur,1,5.0,gauss5,-1.920532884081691,-2.6052210011252512
148.png,blur,1,5.0,median5,-0.8789665027305986,-2.0036259318627927
148.png,blur,2,9.0,gauss5,-0.8780435490750946,-1.0941064654514179
148.png,blur,2,9.0,median5,-0.25741506360413524,-0.6949575293224015
148.png,blur,3,11.0,gauss5,-0.682944760219339,-0.8094577850538549
148.png,blur,3,11.0,median5,-0.17340086784523479,-0.5024154110067016
148.png,blur,4,15.0,gauss5,-0.40929827984773937,-0.5014196613966106
148.png,blur,4,15.0,median5,-0.09256191364919886,-0.3237836041817914
148.png,blur,5,19.0,gauss5,-0.2518231637196955,-0.33008879692552995
148.png,blur,5,19.0,median5,-0.05977878691151517,-0.23157515736913936
148.png,blur,6,21.0,gauss5,-0.21327741855599314,-0.2839979325262938
148.png,blur,6,21.0,median5,-0.05213414648055448,-0.2008924080030745
148.png,blur,7,25.0,gauss5,-0.1289874110613205,-0.19464897239770806
148.png,blur,7,25.0,median5,-0.03611930526881224,-0.14864784299940226
148.png,blur,8,29.0,gauss5,-0.09777030450300472,-0.13555392562436452
148.png,blur,8,29.0,median5,-0.028734606935881146,-0.1137457787991707
148.png,blur,9,31.0,gauss5,-0.07482145494441994,-0.10884536874779016
148.png,blur,9,31.0,median5,-0.025158871838002028,-0.1039709371053874
149.png,poisson,0,1.0,gauss5,9.410804147621942,9.423093827318176
149.png,poisson,0,1.0,median5,9.492715746325022,8.517523329904769
149.png,poisson,1,0.8944444444444445,gauss5,9.494506410229668,9.582557742770469
149.png,poisson,1,0.8944444444444445,median5,9.515912570415352,8.53386920833713
149.png,poisson,2,0.7888888888888889,gauss5,9.668609205457631,9.820546508428098
149.png,poisson,2,0.7888888888888889,median5,9.748445201691414,9.010112329176994
149.png,poisson,3,0.6833333333333333,gauss5,9.846934960955679,10.081578067389422
149.png,poisson,3,0.6833333333333333,median5,9.897633819634912,9.244438351798664
149.png,poisson,4,0.5777777777777777,gauss5,10.019863688597717,10.340927436868409
149.png,poisson,4,0.5777777777777777,median5,10.132704087864,9.756690915801865
149.png,poisson,5,0.4722222222222222,gauss5,10.211737530758175,10.43087284907179
149.png,poisson,5,0.4722222222222222,median5,10.379206633215045,9.914934811262377
149.png,poisson,6,0.3666666666666667,gauss5,10.403319419593078,10.283539545227814
149.png,poisson,6,0.3666666666666667,median5,10.610156775351005,9.998456309202414
149.png,poisson,7,0.26111111111111107,gauss5,10.621132205836187,10.751664822026019
149.png,poisson,7,0.26111111111111107,median5,10.840380969526773,10.639122487341059
149.png,poisson,8,0.15555555555555556,gauss5,10.858560743827297,10.920176709153175
149.png,poisson,8,0.15555555555555556,median5,10.953397485985413,11.009592349026818
149.png,poisson,9,0.05,gauss5,10.95483553308501,10.978979360318977
149.png,poisson,9,0.05,median5,10.507864338833585,10.531955290249833
149.png,jpeg,0,95.0,gauss5,-5.963401523144377,-4.953385826670541
149.png,jpeg,0,95.0,median5,-5.6939236206642505,-5.8821329958234045
149.png,jpeg,1,85.0,gauss5,-3.457681590149754,-2.3351932179833454
149.png,jpeg,1,85.0,median5,-2.9708873606000026,-3.047946576750391
149.png,jpeg,2,75.0,gauss5,-2.2903352729402613,-1.1457924516303635
149.png,jpeg,2,75.0,median5,-1.6733709415608047,-1.755502253255841
149.png,jpeg,3,65.0,gauss5,-1.5307954761137808,-0.48932739501162104
149.png,jpeg,3,65.0,median5,-0.9297401046539022,-0.9849292770739453
149.png,jpeg,4,55.0,gauss5,-1.0282509508964566,0.020839475336408952
149.png,jpeg,4,55.0,median5,-0.4052326730537885,-0.4285215218572844
149.png,jpeg,5,45.0,gauss5,-0.7273551271864562,0.34651500482732445
149.png,jpeg,5,45.0,median5,-0.0372920041442697,-0.08551724731206889
149.png,jpeg,6,35.0,gauss5,-0.34814443938676476,0.7368034149595957
149.png,jpeg,6,35.0,median5,0.3070182733990876,0.4127574547742938
149.png,jpeg,7,25.0,gauss5,0.042163852386217116,1.2700202752974263
149.png,jpeg,7,25.0,median5,0.5612263260241335,0.9502050900588159
149.png,jpeg,8,15.0,gauss5,0.3900502310185203,1.7751045230072293
149.png,jpeg,8,15.0,median5,0.5232668931117459,1.5812278693981625
149.png,jpeg,9,5.0,gauss5,0.8914375657332627,1.5943897960211828
149.png,jpeg,9,5.0,median5,0.48770530223750086,1.0641171760480788
149.png,blur,0,1.0,gauss5,,
149.png,blur,0,1.0,median5,,
149.png,blur,1,5.0,gauss5,-2.6100130514176527,-2.9210604277751813
149.png,blur,1,5.0,median5,-1.6634738259611552,-2.449182883334416
149.png,blur,2,9.0,gauss5,-1.1417129355155637,-1.3398487833627684
149.png,blur,2,9.0,median5,-0.5275836784217987,-0.8849834259460678
149.png,blur,3,11.0,gauss5,-0.8599182554246738,-1.0041502499316906
149.png,blur,3,11.0,median5,-0.36724811526132584,-0.6472661547513923
149.png,blur,4,15.0,gauss5,-0.5298288563534754,-0.5869433785773168
149.png,blur,4,15.0,median5,-0.19514321976267723,-0.3615611951865674
149.png,blur,5,19.0,gauss5,-0.3639832840479684,-0.36568061266497764
149.png,blur,5,19.0,median5,-0.1143999478266835,-0.21946806084828552
149.png,blur,6,21.0,gauss5,-0.3124009406735375,-0.30459566396536175
149.png,blur,6,21.0,median5,-0.09167268817225249,-0.18520401536412834
149.png,blur,7,25.0,gauss5,-0.2221377449944093,-0.20105343549521848
149.png,blur,7,25.0,median5,-0.057933065483457113,-0.1280064733213706
149.png,blur,8,29.0,gauss5,-0.16507637080299986,-0.13770742353866794
149.png,blur,8,29.0,median5,-0.03677700710165155,-0.09803442745900526
149.png,blur,9,31.0,gauss5,-0.1445598342876302,-0.11771542078986386
149.png,blur,9,31.0,median5,-0.031031529067441,-0.08475056601985997
15.png,poisson,0,1.0,gauss5,4.557574420177858,5.95890357817747
15.png,poisson,0,1.0,median5,6.537854870771497,4.751200077184336
15.png,poisson,1,0.8944444444444445,gauss5,4.906520508663814,6.485553980074378
15.png,poisson,1,0.8944444444444445,median5,6.767622926525629,5.216204091266796
15.png,poisson,2,0.7888888888888889,gauss5,5.309832286646952,6.931537158159802
15.png,poisson,2,0.7888888888888889,median5,7.1125539453794,5.58814273654561
15.png,poisson,3,0.6833333333333333,gauss5,5.774206903572587,7.339901456071448
15.png,poisson,3,0.6833333333333333,median5,7.47262005995918,6.171993623413254
15.png,poisson,4,0.5777777777777777,gauss5,6.264946993680979,7.583323235188388
15.png,poisson,4,0.5777777777777777,median5,7.874024981160517,6.422023293931275
15.png,poisson,5,0.4722222222222222,gauss5,6.838268127933034,8.026558002123338
15.png,poisson,5,0.4722222222222222,median5,8.32926379090511,6.883164645653174
15.png,poisson,6,0.3666666666666667,gauss5,7.48093180104906,8.742039818800059
15.png,poisson,6,0.3666666666666667,median5,8.775556590446868,7.618443413760431
15.png,poisson,7,0.26111111111111107,gauss5,8.27005892733741,9.310131381968024
15.png,poisson,7,0.26111111111111107,median5,9.306047145618805,8.364117885037292
15.png,poisson,8,0.15555555555555556,gauss5,9.197450235941922,9.965449753985993
15.png,poisson,8,0.15555555555555556,median5,9.917795909070467,9.213452668535236
15.png,poisson,9,0.05,gauss5,10.198192250677849,10.631923673874377
15.png,poisson,9,0.05,median5,9.81940038018298,9.981488872539577
15.png,jpeg,0,95.0,gauss5,-11.305979960246354,-7.681459510197747
15.png,jpeg,0,95.0,median5,-8.364194828014227,-8.556079834815357
15.png,jpeg,1,85.0,gauss5,-7.416100673560599,-3.741374819010524
15.png,jpeg,1,85.0,median5,-4.371597500410587,-4.477556537330251
15.png,jpeg,2,75.0,gauss5,-6.107208065082396,-2.4571653504670365
15.png,jpeg,2,75.0,median5,-2.9886120124638182,-3.1020392162085386
15.png,jpeg,3,65.0,gauss5,-5.330700490129978,-1.72434918480063
15.png,jpeg,3,65.0,median5,-2.1440203095707915,-2.306708116169858
15.png,jpeg,4,55.0,gauss5,-4.678972147995317,-1.1685212316960545
15.png,jpeg,4,55.0,median5,-1.437024074865512,-1.6508138651200852
15.png,jpeg,5,45.0,gauss5,-4.200418310692555,-0.7538130659958142
15.png,jpeg,5,45.0,median5,-0.9336112704275052,-1.1200552110117172
15.png,jpeg,6,35.0,gauss5,-3.6361461707416822,-0.26152317175856865
15.png,jpeg,6,35.0,median5,-0.4068236086907575,-0.4396349706495286
15.png,jpeg,7,25.0,gauss5,-2.7687422793059113,0.4398236654937122
15.png,jpeg,7,25.0,median5,0.2564659531790028,0.24923747437091492
15.png,jpeg,8,15.0,gauss5,-1.6579612696333044,0.9295391821256302
15.png,jpeg,8,15.0,median5,0.6021001793698986,1.0299997591365724
15.png,jpeg,9,5.0,gauss5,-0.07745498089933989,1.5720335686375861
15.png,jpeg,9,5.0,median5,0.5844541990128924,1.2279596077387254
15.png,blur,0,1.0,gauss5,,
15.png,blur,0,1.0,median5,,
15.png,blur,1,5.0,gauss5,-2.470505818421671,-2.289476205955296
15.png,blur,1,5.0,median5,-0.8033678319245183,-1.8381429308941222
15.png,blur,2,9.0,gauss5,-0.9236242172588405,-0.954981551005563
15.png,blur,2,9.0,median5,-0.19998000814619132,-0.5727538695174204
15.png,blur,3,11.0,gauss5,-0.6304055089554481,-0.7074858666048733
15.png,blur,3,11.0,median5,-0.13812686582219413,-0.41228072752189604
15.png,blur,4,15.0,gauss5,-0.31553054907415756,-0.4379775564894324
15.png,blur,4,15.0,median5,-0.08066758018766862,-0.23979127694347113
15.png,blur,5,19.0,gauss5,-0.17736426103044067,-0.302526155882898
15.png,blur,5,19.0,median5,-0.054499426302268006,-0.17043339299230453
15.png,blur,6,21.0,gauss5,-0.15045185270458816,-0.25928166836330746
15.png,blur,6,21.0,median5,-0.048746536493133874,-0.14837703746004394
15.png,blur,7,25.0,gauss5,-0.09406147646588181,-0.18611909779941982
15.png,blur,7,25.0,median5,-0.03513619936587631,-0.10862350938731069
15.png,blur,8,29.0,gauss5,-0.06204453537197807,-0.13917545930693365
15.png,blur,8,29.0,median5,-0.030153927441158856,-0.09319958715053644
15.png,blur,9,31.0,gauss5,-0.051521731571355645,-0.11738761009394594
15.png,blur,9,31.0,median5,-0.025695193892456558,-0.0790804484971197
150.png,poisson,0,1.0,gauss5,5.214727121630446,7.666062653916569
150.png,poisson,0,1.0,median5,7.391331681524839,6.290944699393904
150.png,poisson,1,0.8944444444444445,gauss5,5.503451540661391,8.052107128894324
150.png,poisson,1,0.8944444444444445,median5,7.538765802285816,6.790169851354715
150.png,poisson,2,0.7888888888888889,gauss5,5.897824234873742,8.24087067306754
150.png,poisson,2,0.7888888888888889,median5,7.880975872393201,6.947503435878815
150.png,poisson,3,0.6833333333333333,gauss5,6.306134825202793,8.657766329260575
150.png,poisson,3,0.6833333333333333,median5,8.177838826899709,7.33220653426531
150.png,poisson,4,0.5777777777777777,gauss5,6.818545656633361,8.94084402339401
150.png,poisson,4,0.5777777777777777,median5,8.581809072185003,7.741458043631017
150.png,poisson,5,0.4722222222222222,gauss5,7.3240938622772624,9.357249736213777
150.png,poisson,5,0.4722222222222222,median5,8.942395155539206,8.317165402335231
150.png,poisson,6,0.3666666666666667,gauss5,7.884086946532285,9.73944747570539
150.png,poisson,6,0.3666666666666667,median5,9.369826078864499,8.796379723684389
150.png,poisson,7,0.26111111111111107,gauss5,8.556154017642704,10.110716823578997
150.png,poisson,7,0.26111111111111107,median5,9.811118200359626,9.460821023992736
150.png,poisson,8,0.15555555555555556,gauss5,9.33533073705502,10.505210014190457
150.png,poisson,8,0.15555555555555556,median5,10.179988281536883,10.137116995496012
150.png,poisson,9,0.05,gauss5,10.028476717293572,10.661207854998318
150.png,poisson,9,0.05,median5,9.887649413735254,10.13772013788716
150.png,jpeg,0,95.0,gauss5,-11.33950553896544,-7.152736854815501
150.png,jpeg,0,95.0,median5,-7.917924994309779,-8.15497425278916
150.png,jpeg,1,85.0,gauss5,-7.642055643520621,-3.470553933903844
150.png,jpeg,1,85.0,median5,-4.111900562348417,-4.34305348867548
150.png,jpeg,2,75.0,gauss5,-6.335802853101903,-2.2758727393516693
150.png,jpeg,2,75.0,median5,-2.728079804337213,-3.0588351211002873
150.png,jpeg,3,65.0,gauss5,-5.511757423724447,-1.5023874999546862
150.png,jpeg,3,65.0,median5,-1.8733966890270395,-2.1787171947850013
150.png,jpeg,4,55.0,gauss5,-4.9029244477639935,-1.0644017148104084
150.png,jpeg,4,55.0,median5,-1.2348012709698466,-1.570189536867403
150.png,jpeg,5,45.0,gauss5,-4.374438724704234,-0.5632539720336993
150.png,jpeg,5,45.0,median5,-0.7348303280330839,-1.0159820525910845
150.png,jpeg,6,35.0,gauss5,-3.7845878960361006,-0.11371852719170761
150.png,jpeg,6,35.0,median5,-0.24928735181862294,-0.4055790300793305
150.png,jpeg,7,25.0,gauss5,-2.931520675439664,0.3315018363707267
150.png,jpeg,7,25.0,median5,0.2795825448791902,0.19835356689197425
150.png,jpeg,8,15.0,gauss5,-1.5955464527632017,0.9264153430907385
150.png,jpeg,8,15.0,median5,0.7339896788872977,0.8291559815800937
150.png,jpeg,9,5.0,gauss5,-0.013690685341693154,1.5312007590221235
150.png,jpeg,9,5.0,median5,0.4698002353459714,1.0290428343097489
150.png,blur,0,1.0,gauss5,,
150.png,blur,0,1.0,median5,,
150.png,blur,1,5.0,gauss5,-1.9477607966056638,-2.309989854343037
150.png,blur,1,5.0,median5,-0.7734812078472331,-1.8729895752263985
150.png,blur,2,9.0,gauss5,-0.8683608364844488,-0.9092148688112118
150.png,blur,2,9.0,median5,-0.21971228777421103,-0.4974991304004135
150.png,blur,3,11.0,gauss5,-0.6640261199758868,-0.6688289540277879
150.png,blur,3,11.0,median5,-0.14717578843660561,-0.32618742502790354
150.png,blur,4,15.0,gauss5,-0.39353167327895733,-0.3942511574366492
150.png,blur,4,15.0,median5,-0.0800176931815777,-0.17501467146333027
150.png,blur,5,19.0,gauss5,-0.23890814558806284,-0.25689122871719405
150.png,blur,5,19.0,median5,-0.05073582470776472,-0.11729374978951057
150.png,blur,6,21.0,gauss5,-0.20620234369237522,-0.2255237179636147
150.png,blur,6,21.0,median5,-0.04458363736759097,-0.1088667460190571
150.png,blur,7,25.0,gauss5,-0.12522164364538924,-0.1515117879729786
150.png,blur,7,25.0,median5,-0.02930302042374322,-0.07830869108988736
150.png,blur,8,29.0,gauss5,-0.09337496374345733,-0.11226062084297439
150.png,blur,8,29.0,median5,-0.02503191539317129,-0.06592677604906783
150.png,blur,9,31.0,gauss5,-0.07252554474760231,-0.09563440119216082
150.png,blur,9,31.0,median5,-0.02042710224901967,-0.06161080397022545
151.png,poisson,0,1.0,gauss5,4.506507335293996,7.675148307513311
151.png,poisson,0,1.0,median5,7.115212962169359,6.227077978694318
151.png,poisson,1,0.8944444444444445,gauss5,4.839634705938725,7.859681085165285
151.png,poisson,1,0.8944444444444445,median5,7.296237291493412,6.46630410767937
151.png,poisson,2,0.7888888888888889,gauss5,5.278147545901014,8.06734846572332
151.png,poisson,2,0.7888888888888889,median5,7.693733732953788,6.948117460191881
151.png,poisson,3,0.6833333333333333,gauss5,5.700193401090939,8.309489794484971
151.png,poisson,3,0.6833333333333333,median5,7.971504475264979,7.227037580344405
151.png,poisson,4,0.5777777777777777,gauss5,6.214210768481983,8.936442012530662
151.png,poisson,4,0.5777777777777777,median5,8.340815107381673,7.972290960570234
151.png,poisson,5,0.4722222222222222,gauss5,6.79453380708345,9.379290531452753
151.png,poisson,5,0.4722222222222222,median5,8.768434492298887,8.338965714652652
151.png,poisson,6,0.3666666666666667,gauss5,7.393762476999868,9.639156051369383
151.png,poisson,6,0.3666666666666667,median5,9.110368147572068,8.775977611978902
151.png,poisson,7,0.26111111111111107,gauss5,8.13947362116324,9.95437084945592
151.png,poisson,7,0.26111111111111107,median5,9.568393396310512,9.417334518175672
151.png,poisson,8,0.15555555555555556,gauss5,9.042278471712699,10.489161148368641
151.png,poisson,8,0.15555555555555556,median5,9.955172539830254,10.049605933221773
151.png,poisson,9,0.05,gauss5,9.93912065984098,11.020892561965073
151.png,poisson,9,0.05,median5,9.785854289016859,10.403833048314741
151.png,jpeg,0,95.0,gauss5,-11.87753887585722,-7.237116087084203
151.png,jpeg,0,95.0,median5,-8.124943222097833,-8.744981744453504
151.png,jpeg,1,85.0,gauss5,-7.95174786417526,-3.325703979946212
151.png,jpeg,1,85.0,median5,-4.106045999687609,-4.644640830404811
151.png,jpeg,2,75.0,gauss5,-6.667680134725977,-2.1817743803528558
151.png,jpeg,2,75.0,median5,-2.7432737601086714,-3.3587312000867726
151.png,jpeg,3,65.0,gauss5,-5.889002137412071,-1.463349202889468
151.png,jpeg,3,65.0,median5,-1.9099406634252318,-2.4260828019176515
151.png,jpeg,4,55.0,gauss5,-5.276242469266776,-0.9812091205779367
151.png,jpeg,4,55.0,median5,-1.2678845049533933,-1.8904079795522435
151.png,jpeg,5,45.0,gauss5,-4.83339570636479,-0.5643730985891153
151.png,jpeg,5,45.0,median5,-0.8036374860939404,-1.294924019767592
151.png,jpeg,6,35.0,gauss5,-4.2881697929826785,-0.11913716587751821
151.png,jpeg,6,35.0,median5,-0.3776510051497226,-0.6465342940621497
151.png,jpeg,7,25.0,gauss5,-3.633352350907664,0.32107073570615796
151.png,jpeg,7,25.0,median5,0.0457753861128225,-0.015219580856999926
151.png,jpeg,8,15.0,gauss5,-2.384458497859473,0.7866627758784901
151.png,jpeg,8,15.0,median5,0.44757196808249233,0.62650717673381
151.png,jpeg,9,5.0,gauss5,-0.5997418884905841,1.1115035896509866
151.png,jpeg,9,5.0,median5,0.3576510064896823,0.8417925604427126
151.png,blur,0,1.0,gauss5,,
151.png,blur,0,1.0,median5,,
151.png,blur,1,5.0,gauss5,-2.2228108819251773,-2.2107740505456164
151.png,blur,1,5.0,median5,-0.6263220393120363,-2.128023187447404
151.png,blur,2,9.0,gauss5,-0.8816715271966089,-0.9428042529129215
151.png,blur,2,9.0,median5,-0.14172972859659794,-0.7008948631702125
151.png,blur,3,11.0,gauss5,-0.6263526987238173,-0.6997282883555727
151.png,blur,3,11.0,median5,-0.09090849450398863,-0.4809049403918877
151.png,blur,4,15.0,gauss5,-0.33353568287914825,-0.4061366466607552
151.png,blur,4,15.0,median5,-0.049037204818102254,-0.26355748041194005
151.png,blur,5,19.0,gauss5,-0.19302309453538058,-0.27043926983526134
151.png,blur,5,19.0,median5,-0.03316405308888548,-0.1775295353530133
151.png,blur,6,21.0,gauss5,-0.1639896159713814,-0.22072356895840528
151.png,blur,6,21.0,median5,-0.030026353978669817,-0.14682651916408318
151.png,blur,7,25.0,gauss5,-0.09527593114898991,-0.14164285467840187
151.png,blur,7,25.0,median5,-0.022905896777068335,-0.10707055087322459
151.png,blur,8,29.0,gauss5,-0.0671230176971136,-0.10431068174184688
151.png,blur,8,29.0,median5,-0.01924276661423363,-0.08137206899608174
151.png,blur,9,31.0,gauss5,-0.05351958224325415,-0.08544320502593195
151.png,blur,9,31.0,median5,-0.01605549634483694,-0.06633765998252272
152.png,poisson,0,1.0,gauss5,7.219781281987679,7.3543092602418305
152.png,poisson,0,1.0,median5,7.236465772875498,5.864293637763506
152.png,poisson,1,0.8944444444444445,gauss5,7.464429804023297,7.321291536190994
152.png,poisson,1,0.8944444444444445,median5,7.41094835305465,5.890544622514067
152.png,poisson,2,0.7888888888888889,gauss5,7.787968924702909,8.120567603635529
152.png,poisson,2,0.7888888888888889,median5,7.775870246323706,6.6392280717385646
152.png,poisson,3,0.6833333333333333,gauss5,8.070839707197802,8.192209470832776
152.png,poisson,3,0.6833333333333333,median5,8.04975866578857,6.742224666412536
152.png,poisson,4,0.5777777777777777,gauss5,8.449431952038239,8.478291962669921
152.png,poisson,4,0.5777777777777777,median5,8.46947186106891,7.241472416121308
152.png,poisson,5,0.4722222222222222,gauss5,8.830281783812417,8.786780773368676
152.png,poisson,5,0.4722222222222222,median5,8.852914736019287,7.700948127902649
152.png,poisson,6,0.3666666666666667,gauss5,9.225696994540872,9.316572417587519
152.png,poisson,6,0.3666666666666667,median5,9.308469151098425,8.33081674936227
152.png,poisson,7,0.26111111111111107,gauss5,9.693502840266842,9.919845169760606
152.png,poisson,7,0.26111111111111107,median5,9.759509866810603,9.177781806553604
152.png,poisson,8,0.15555555555555556,gauss5,10.172513323910056,10.373974273981982
152.png,poisson,8,0.15555555555555556,median5,10.209833643681037,9.683069234897932
152.png,poisson,9,0.05,gauss5,10.495820972497935,10.907537922980719
152.png,poisson,9,0.05,median5,9.921978455748217,10.566639605755629
152.png,jpeg,0,95.0,gauss5,-8.458623370157618,-7.884468892131096
152.png,jpeg,0,95.0,median5,-8.345153287230424,-9.01806887714914
152.png,jpeg,1,85.0,gauss5,-4.575099496103661,-3.9186592177232384
152.png,jpeg,1,85.0,median5,-4.317460572632086,-4.9810455815753585
152.png,jpeg,2,75.0,gauss5,-3.3716582909496253,-2.7028502439908024
152.png,jpeg,2,75.0,median5,-2.9802784380609353,-3.621443947439431
152.png,jpeg,3,65.0,gauss5,-2.616101379986958,-1.9676009238232126
152.png,jpeg,3,65.0,median5,-2.1221063478075024,-2.8031864475736654
152.png,jpeg,4,55.0,gauss5,-2.0799682234991863,-1.238246033529549
152.png,jpeg,4,55.0,median5,-1.455507555109385,-1.9703589430214166
152.png,jpeg,5,45.0,gauss5,-1.6727596817911348,-0.857586027568189
152.png,jpeg,5,45.0,median5,-0.9623881620589145,-1.5695809554516842
152.png,jpeg,6,35.0,gauss5,-1.2770163039064144,-0.384763997363045
152.png,jpeg,6,35.0,median5,-0.4804813085388986,-0.8174372155442811
152.png,jpeg,7,25.0,gauss5,-0.8257027953720879,0.21219278820762355
152.png,jpeg,7,25.0,median5,0.01880339021116839,-0.07398921778936085
152.png,jpeg,8,15.0,gauss5,-0.2711689825807895,0.7921793921639022
152.png,jpeg,8,15.0,median5,0.36668491698996064,0.645997100836901
152.png,jpeg,9,5.0,gauss5,0.574946197604131,1.5602544900927988
152.png,jpeg,9,5.0,median5,0.30933188626118735,1.0519184117850493
152.png,blur,0,1.0,gauss5,,
152.png,blur,0,1.0,median5,,
152.png,blur,1,5.0,gauss5,-1.9718509534554016,-2.4082366388289245
152.png,blur,1,5.0,median5,-1.496975143593069,-2.181757919927051
152.png,blur,2,9.0,gauss5,-0.7570070813637457,-0.9750788198887648
152.png,blur,2,9.0,median5,-0.4292163114363703,-0.7147107101213948
152.png,blur,3,11.0,gauss5,-0.5538344770887207,-0.7173148951573367
152.png,blur,3,11.0,median5,-0.2911942263163638,-0.5093591579327033
152.png,blur,4,15.0,gauss5,-0.3185122850980626,-0.43871270143013774
152.png,blur,4,15.0,median5,-0.15478055983501093,-0.2952217323010018
152.png,blur,5,19.0,gauss5,-0.19562827550030448,-0.2820529649232171
152.png,blur,5,19.0,median5,-0.09494152380765541,-0.19135368066125835
152.png,blur,6,21.0,gauss5,-0.16910462866670173,-0.2420972983632943
152.png,blur,6,21.0,median5,-0.08153445755817046,-0.1759130514654892
152.png,blur,7,25.0,gauss5,-0.10140346571459347,-0.1622809009453512
152.png,blur,7,25.0,median5,-0.05788168615509903,-0.1214329571700219
152.png,blur,8,29.0,gauss5,-0.07814569710439656,-0.11022311742064161
152.png,blur,8,29.0,median5,-0.04439254337606968,-0.09409199289599712
152.png,blur,9,31.0,gauss5,-0.05867002866975923,-0.08543422282761881
152.png,blur,9,31.0,median5,-0.03827302102420305,-0.08234331162564956
153.png,poisson,0,1.0,gauss5,8.483182897596208,6.688936745712741
153.png,poisson,0,1.0,median5,7.094141370298395,5.121773415085624
153.png,poisson,1,0.8944444444444445,gauss5,8.67253468254102,7.139200136609613
153.png,poisson,1,0.8944444444444445,median5,7.312301268703486,5.476692125955321
153.png,poisson,2,0.7888888888888889,gauss5,8.914800512189885,7.483798439659587
153.png,poisson,2,0.7888888888888889,median5,7.641272543985316,5.819058692960297
153.png,poisson,3,0.6833333333333333,gauss5,9.128762248015008,7.930590619403318
153.png,poisson,3,0.6833333333333333,median5,8.019321874758525,6.412065101998479
153.png,poisson,4,0.5777777777777777,gauss5,9.386389369008832,8.27418610683177
153.png,poisson,4,0.5777777777777777,median5,8.363608806801587,6.758515666936461
153.png,poisson,5,0.4722222222222222,gauss5,9.697786130392146,8.694569392853307
153.png,poisson,5,0.4722222222222222,median5,8.821980507378989,7.332347085411907
153.png,poisson,6,0.3666666666666667,gauss5,9.957743923473384,9.104871479356149
153.png,poisson,6,0.3666666666666667,median5,9.270846069233759,7.860241695203285
153.png,poisson,7,0.26111111111111107,gauss5,10.299969718244792,9.747665152946901
153.png,poisson,7,0.26111111111111107,median5,9.838445966829394,8.825047833565804
153.png,poisson,8,0.15555555555555556,gauss5,10.664524107651548,10.051730522179213
153.png,poisson,8,0.15555555555555556,median5,10.351318404961624,9.485226774542525
153.png,poisson,9,0.05,gauss5,10.920195321536948,11.090197497538995
153.png,poisson,9,0.05,median5,10.277709159350035,10.294329228871266
153.png,jpeg,0,95.0,gauss5,-7.413946268551079,-8.042007503808293
153.png,jpeg,0,95.0,median5,-9.797742692717684,-9.604461932798344
153.png,jpeg,1,85.0,gauss5,-3.46966890831947,-3.951763968614216
153.png,jpeg,1,85.0,median5,-5.6620872403185984,-5.452789345537958
153.png,jpeg,2,75.0,gauss5,-2.035384135868341,-2.622391364574341
153.png,jpeg,2,75.0,median5,-3.991545160810574,-3.950680953066005
153.png,jpeg,3,65.0,gauss5,-1.2166508282854025,-1.7916214789015115
153.png,jpeg,3,65.0,median5,-2.9681118384088805,-2.991257016574707
153.png,jpeg,4,55.0,gauss5,-0.630010389256924,-1.1532938934480512
153.png,jpeg,4,55.0,median5,-2.14420927022433,-2.2196321058339166
153.png,jpeg,5,45.0,gauss5,-0.23665455147654058,-0.7106093677380017
153.png,jpeg,5,45.0,median5,-1.5145325281998225,-1.6646499001952222
153.png,jpeg,6,35.0,gauss5,0.12673038531785608,-0.26677811653776473
153.png,jpeg,6,35.0,median5,-0.8684906247391524,-1.0294920832202052
153.png,jpeg,7,25.0,gauss5,0.46776397824526583,0.2997150622377873
153.png,jpeg,7,25.0,median5,-0.1953686927299927,-0.2394892911707771
153.png,jpeg,8,15.0,gauss5,0.7578245120777609,0.9812119126793917
153.png,jpeg,8,15.0,median5,0.3974336335255515,0.5929963550916781
153.png,jpeg,9,5.0,gauss5,0.963608051585549,1.598693239969009
153.png,jpeg,9,5.0,median5,0.46265923171475265,1.1698014698139225
153.png,blur,0,1.0,gauss5,,
153.png,blur,0,1.0,median5,,
153.png,blur,1,5.0,gauss5,-2.2354710907053814,-2.5044193633671554
153.png,blur,1,5.0,median5,-2.747652332967263,-2.5228918736403756
153.png,blur,2,9.0,gauss5,-0.7667963006943097,-1.0094898865370538
153.png,blur,2,9.0,median5,-0.8207426655253443,-0.8949298743676479
153.png,blur,3,11.0,gauss5,-0.5337207287135328,-0.7473074224119429
153.png,blur,3,11.0,median5,-0.5437410448598285,-0.6391209266520761
153.png,blur,4,15.0,gauss5,-0.28989541946084785,-0.4426850126184725
153.png,blur,4,15.0,median5,-0.2747123666404221,-0.3672986035982504
153.png,blur,5,19.0,gauss5,-0.17497913091620632,-0.28354284466459134
153.png,blur,5,19.0,median5,-0.16560632355955107,-0.23972218650964194
153.png,blur,6,21.0,gauss5,-0.15069513314801242,-0.2416750438857278
153.png,blur,6,21.0,median5,-0.1416966049825561,-0.19865879359271332
153.png,blur,7,25.0,gauss5,-0.10005957556645484,-0.1658658863236333
153.png,blur,7,25.0,median5,-0.09635631313373949,-0.141779065549418
153.png,blur,8,29.0,gauss5,-0.06965209559611196,-0.11791831020848775
153.png,blur,8,29.0,median5,-0.07053983186099799,-0.1044468054317953
153.png,blur,9,31.0,gauss5,-0.05691686964194176,-0.09508720917409619
153.png,blur,9,31.0,median5,-0.05967240024863685,-0.09126929633892544
154.png,poisson,0,1.0,gauss5,2.7326900948725914,5.435219157940402
154.png,poisson,0,1.0,median5,6.77795818034263,3.8902440179248963
154.png,poisson,1,0.8944444444444445,gauss5,3.123251779836977,5.91465901813006
154.png,poisson,1,0.8944444444444445,median5,7.009451928931195,4.30439367808907
154.png,poisson,2,0.7888888888888889,gauss5,3.5189100671922944,6.218616399372138
154.png,poisson,2,0.7888888888888889,median5,7.266360162784302,4.6497874669095225
154.png,poisson,3,0.6833333333333333,gauss5,3.9741244773820235,6.635514627659461
154.png,poisson,3,0.6833333333333333,median5,7.588074281817814,5.260099425325542
154.png,poisson,4,0.5777777777777777,gauss5,4.463508894592433,6.9642068231313985
154.png,poisson,4,0.5777777777777777,median5,7.9032661164904425,5.672760837577265
154.png,poisson,5,0.4722222222222222,gauss5,5.084134512039675,7.62524792223131
154.png,poisson,5,0.4722222222222222,median5,8.326167475128255,6.324518300646982
154.png,poisson,6,0.3666666666666667,gauss5,5.730398995723331,8.09074908728725
154.png,poisson,6,0.3666666666666667,median5,8.649318186697801,6.9186122779924375
154.png,poisson,7,0.26111111111111107,gauss5,6.461700598810985,8.788949867896154
154.png,poisson,7,0.26111111111111107,median5,9.005272328831662,7.984257914398707
154.png,poisson,8,0.15555555555555556,gauss5,7.3712452100101835,9.646563113647424
154.png,poisson,8,0.15555555555555556,median5,9.466084433907845,8.994368323966132
154.png,poisson,9,0.05,gauss5,8.112869812883323,10.692431976929115
154.png,poisson,9,0.05,median5,9.37722940330996,9.748260094099951
154.png,jpeg,0,95.0,gauss5,-14.932589854450654,-8.25760304816039
154.png,jpeg,0,95.0,median5,-9.466911304252228,-10.219308565188562
154.png,jpeg,1,85.0,gauss5,-10.355351649202646,-3.3190568592246805
154.png,jpeg,1,85.0,median5,-4.848373985524276,-5.189699502869921
154.png,jpeg,2,75.0,gauss5,-8.931848070570226,-1.9531418452267033
154.png,jpeg,2,75.0,median5,-3.3769613508789575,-3.6084458180809875
154.png,jpeg,3,65.0,gauss5,-8.094153219475217,-1.2534161668003208
154.png,jpeg,3,65.0,median5,-2.5222972923975817,-2.7816709226600977
154.png,jpeg,4,55.0,gauss5,-7.398286085314989,-0.8147316257574886
154.png,jpeg,4,55.0,median5,-1.8243957715772225,-2.0835474774800105
154.png,jpeg,5,45.0,gauss5,-6.839159074357678,-0.42797858128549393
154.png,jpeg,5,45.0,median5,-1.2869291347770329,-1.568443380076566
154.png,jpeg,6,35.0,gauss5,-6.175693379263276,-0.11063113295275429
154.png,jpeg,6,35.0,median5,-0.7191145082232921,-0.9644302665519078
154.png,jpeg,7,25.0,gauss5,-5.169676286062359,0.20274400841046258
154.png,jpeg,7,25.0,median5,-0.07920227371800337,-0.33356512106350067
154.png,jpeg,8,15.0,gauss5,-3.67927665251797,0.4471519778238786
154.png,jpeg,8,15.0,median5,0.46019461768193537,0.1577948777681435
154.png,jpeg,9,5.0,gauss5,-1.4527127500338075,0.936332877574845
154.png,jpeg,9,5.0,median5,0.4833792070885359,0.40261857017438984
154.png,blur,0,1.0,gauss5,,
154.png,blur,0,1.0,median5,,
154.png,blur,1,5.0,gauss5,-1.5820925566391644,-1.505377501149077
154.png,blur,1,5.0,median5,-0.499826642814412,-1.9245901962223115
154.png,blur,2,9.0,gauss5,-0.5725047863760366,-0.531230740211015
154.png,blur,2,9.0,median5,-0.15285726371968167,-0.5797448715535651
154.png,blur,3,11.0,gauss5,-0.4317141274072611,-0.3777239718121308
154.png,blur,3,11.0,median5,-0.10509106636869348,-0.3942588921449115
154.png,blur,4,15.0,gauss5,-0.2723373833802434,-0.22372495649288737
154.png,blur,4,15.0,median5,-0.058704801724339006,-0.21999835901392473
154.png,blur,5,19.0,gauss5,-0.19426038130595202,-0.13785374274472773
154.png,blur,5,19.0,median5,-0.037073812637565595,-0.13767420301719469
154.png,blur,6,21.0,gauss5,-0.1793819714508551,-0.12028932561845807
154.png,blur,6,21.0,median5,-0.032763820644550634,-0.12499879035079786
154.png,blur,7,25.0,gauss5,-0.11896413931189898,-0.07510378569763532
154.png,blur,7,25.0,median5,-0.01712158979714573,-0.07714893970081249
154.png,blur,8,29.0,gauss5,-0.10805734851118842,-0.05151553359801753
154.png,blur,8,29.0,median5,-0.016973860912052885,-0.05773530318537823
154.png,blur,9,31.0,gauss5,-0.08438025539274108,-0.043563881700830365
154.png,blur,9,31.0,median5,-0.012561415234841888,-0.05107001807704492
155.png,poisson,0,1.0,gauss5,9.773216689589859,8.275159128277327
155.png,poisson,0,1.0,median5,9.471202901287654,7.17990356031903
155.png,poisson,1,0.8944444444444445,gauss5,9.799893649899982,8.758692731964722
155.png,poisson,1,0.8944444444444445,median5,9.490135448762071,7.6147803067899105
155.png,poisson,2,0.7888888888888889,gauss5,9.932179292344834,8.999508850044506
155.png,poisson,2,0.7888888888888889,median5,9.735143997325288,7.885746872412675
155.png,poisson,3,0.6833333333333333,gauss5,10.086164445419683,9.214309022175055
155.png,poisson,3,0.6833333333333333,median5,9.930864660300266,8.331243288686043
155.png,poisson,4,0.5777777777777777,gauss5,10.138023864015445,9.377636894195138
155.png,poisson,4,0.5777777777777777,median5,10.13969903728266,8.34487724477486
155.png,poisson,5,0.4722222222222222,gauss5,10.299011107904523,9.65433517602473
155.png,poisson,5,0.4722222222222222,median5,10.348071055237678,8.956338550195461
155.png,poisson,6,0.3666666666666667,gauss5,10.44604110945577,10.032740752576878
155.png,poisson,6,0.3666666666666667,median5,10.599160713055547,9.4639993899331
155.png,poisson,7,0.26111111111111107,gauss5,10.53108169321461,10.477412139581322
155.png,poisson,7,0.26111111111111107,median5,10.784322252609925,9.866697240070781
155.png,poisson,8,0.15555555555555556,gauss5,10.639783266116929,10.759594196471856
155.png,poisson,8,0.15555555555555556,median5,10.908560555190054,10.487084745769671
155.png,poisson,9,0.05,gauss5,10.674461965074672,11.052103599697602
155.png,poisson,9,0.05,median5,10.443539147687309,10.564376544741656
155.png,jpeg,0,95.0,gauss5,-3.644220622345479,-4.979024400250893
155.png,jpeg,0,95.0,median5,-5.0285081133866,-5.329289552233924
155.png,jpeg,1,85.0,gauss5,-1.3977782248177348,-2.4588444919449586
155.png,jpeg,1,85.0,median5,-2.4857359040212543,-2.6814825371558157
155.png,jpeg,2,75.0,gauss5,-0.5354031949709821,-1.4310621811409021
155.png,jpeg,2,75.0,median5,-1.3558781615230657,-1.6603122397949193
155.png,jpeg,3,65.0,gauss5,-0.08736537454065285,-0.6595803109476606
155.png,jpeg,3,65.0,median5,-0.7362058230759203,-0.957325897533444
155.png,jpeg,4,55.0,gauss5,0.19648158958394646,-0.23142446137742212
155.png,jpeg,4,55.0,median5,-0.28375210258933237,-0.3491543136680306
155.png,jpeg,5,45.0,gauss5,0.4160060709517026,0.32717172550454166
155.png,jpeg,5,45.0,median5,0.0407237898310413,0.19613027600413346
155.png,jpeg,6,35.0,gauss5,0.6321053947025206,0.6065042440991135
155.png,jpeg,6,35.0,median5,0.3323714177604131,0.5550677555845596
155.png,jpeg,7,25.0,gauss5,0.8960860189451338,1.187907497178628
155.png,jpeg,7,25.0,median5,0.6225039783283108,1.0840769800020595
155.png,jpeg,8,15.0,gauss5,1.1203085858292638,1.7408707529511247
155.png,jpeg,8,15.0,median5,0.7780158575730525,1.5004255755359495
155.png,jpeg,9,5.0,gauss5,1.1724826193379414,2.0306919891855095
155.png,jpeg,9,5.0,median5,0.47046533014178493,1.586921971701674
155.png,blur,0,1.0,gauss5,,
155.png,blur,0,1.0,median5,,
155.png,blur,1,5.0,gauss5,-2.085159083298393,-2.8640277658669646
155.png,blur,1,5.0,median5,-2.175645782855291,-1.9375755544707332
155.png,blur,2,9.0,gauss5,-0.9718871225828494,-1.4446594676203333
155.png,blur,2,9.0,median5,-0.8166443016895997,-0.7228200674360821
155.png,blur,3,11.0,gauss5,-0.7545378831807383,-1.1140799188829504
155.png,blur,3,11.0,median5,-0.5901690842843905,-0.5401787514281082
155.png,blur,4,15.0,gauss5,-0.47332472382484525,-0.7118165063235224
155.png,blur,4,15.0,median5,-0.3302555455911289,-0.3404166851142776
155.png,blur,5,19.0,gauss5,-0.31549332857963464,-0.4741152895873064
155.png,blur,5,19.0,median5,-0.2092531104008657,-0.2397429422558801
155.png,blur,6,21.0,gauss5,-0.2662189783141571,-0.401062644367844
155.png,blur,6,21.0,median5,-0.17549313553846702,-0.21024961985786916
155.png,blur,7,25.0,gauss5,-0.18360412359778167,-0.27747323229371545
155.png,blur,7,25.0,median5,-0.12170168346925436,-0.15004354644090512
155.png,blur,8,29.0,gauss5,-0.13125918223432365,-0.20326100127421753
155.png,blur,8,29.0,median5,-0.09205225872423028,-0.1169799106556404
155.png,blur,9,31.0,gauss5,-0.11089739370557083,-0.17420899199192164
155.png,blur,9,31.0,median5,-0.07858397280388374,-0.10162337666437793
156.png,poisson,0,1.0,gauss5,6.369024990908137,7.866778055115898
156.png,poisson,0,1.0,median5,7.5128851656021425,6.540193062344979
156.png,poisson,1,0.8944444444444445,gauss5,6.64248261038253,8.259577747153507
156.png,poisson,1,0.8944444444444445,median5,7.72482248795162,6.884723410875388
156.png,poisson,2,0.7888888888888889,gauss5,6.9935604848752,8.48810868253544
156.png,poisson,2,0.7888888888888889,median5,8.05252371908566,7.42912926379833
156.png,poisson,3,0.6833333333333333,gauss5,7.304023384214808,8.593422446008962
156.png,poisson,3,0.6833333333333333,median5,8.300255749166205,7.521313629997746
156.png,poisson,4,0.5777777777777777,gauss5,7.727237996848061,8.915337886370047
156.png,poisson,4,0.5777777777777777,median5,8.692073094923394,8.02275247285558
156.png,poisson,5,0.4722222222222222,gauss5,8.137587301790003,9.373504355583389
156.png,poisson,5,0.4722222222222222,median5,9.073476025482542,8.518538955152028
156.png,poisson,6,0.3666666666666667,gauss5,8.612111238020312,9.744255634848493
156.png,poisson,6,0.3666666666666667,median5,9.427461414170264,9.133144871451847
156.png,poisson,7,0.26111111111111107,gauss5,9.12245839862544,10.181866016979164
156.png,poisson,7,0.26111111111111107,median5,9.877573684441657,9.76987776088551
156.png,poisson,8,0.15555555555555556,gauss5,9.663589429942398,10.536259441540619
156.png,poisson,8,0.15555555555555556,median5,10.241539795330478,10.327296806354799
156.png,poisson,9,0.05,gauss5,10.049947393756874,10.98213297204785
156.png,poisson,9,0.05,median5,9.943902233132633,10.343687146480647
156.png,jpeg,0,95.0,gauss5,-9.7443392828796,-6.421883793083531
156.png,jpeg,0,95.0,median5,-7.890027508772519,-8.436677838983698
156.png,jpeg,1,85.0,gauss5,-6.0351657873621605,-2.624486644388689
156.png,jpeg,1,85.0,median5,-4.070956958671616,-4.46044970910723
156.png,jpeg,2,75.0,gauss5,-4.807375475652385,-1.5562620602174135
156.png,jpeg,2,75.0,median5,-2.7397739174005267,-3.142464130664024
156.png,jpeg,3,65.0,gauss5,-4.064043350307365,-0.9079832161569215
156.png,jpeg,3,65.0,median5,-1.9167652546132672,-2.317027083346808
156.png,jpeg,4,55.0,gauss5,-3.429834462292355,-0.5032181295361724
156.png,jpeg,4,55.0,median5,-1.250047909666904,-1.720265639935512
156.png,jpeg,5,45.0,gauss5,-2.9737113925842067,-0.18438614096746875
156.png,jpeg,5,45.0,median5,-0.767096822440152,-1.1729628036794324
156.png,jpeg,6,35.0,gauss5,-2.5014601317097345,0.10644819469970201
156.png,jpeg,6,35.0,median5,-0.3005136453644326,-0.6842692047370491
156.png,jpeg,7,25.0,gauss5,-1.875565058838454,0.4858861619179322
156.png,jpeg,7,25.0,median5,0.22748626148403872,-0.06983007805714436
156.png,jpeg,8,15.0,gauss5,-1.0782827772186039,0.8133990557180795
156.png,jpeg,8,15.0,median5,0.5789840042097509,0.556675758148252
156.png,jpeg,9,5.0,gauss5,0.12943963346289777,1.2309108461149236
156.png,jpeg,9,5.0,median5,0.35369512467911335,0.6985018473987132
156.png,blur,0,1.0,gauss5,,
156.png,blur,0,1.0,median5,,
156.png,blur,1,5.0,gauss5,-2.566618556580174,-1.8609789532922463
156.png,blur,1,5.0,median5,-1.0331619657602147,-2.1986542604472987
156.png,blur,2,9.0,gauss5,-1.0618452982337239,-0.716182863570225
156.png,blur,2,9.0,median5,-0.25029631753337256,-0.7130379298931544
156.png,blur,3,11.0,gauss5,-0.7660022760172716,-0.5281651117825916
156.png,blur,3,11.0,median5,-0.16618123802587803,-0.4873253724000648
156.png,blur,4,15.0,gauss5,-0.4303743281135297,-0.3056163724172265
156.png,blur,4,15.0,median5,-0.08957113296514763,-0.2634505799612725
156.png,blur,5,19.0,gauss5,-0.26995237943923556,-0.19023886857024053
156.png,blur,5,19.0,median5,-0.0581952475321188,-0.17012266078624094
156.png,blur,6,21.0,gauss5,-0.22904490740582162,-0.1680294181999571
156.png,blur,6,21.0,median5,-0.04973934416990744,-0.15528393557426412
156.png,blur,7,25.0,gauss5,-0.15639114742517535,-0.10817935846636217
156.png,blur,7,25.0,median5,-0.0351211746386646,-0.1029824073659924
156.png,blur,8,29.0,gauss5,-0.10814032203508361,-0.07689714072775189
156.png,blur,8,29.0,median5,-0.02757496720904129,-0.08401673208670246
156.png,blur,9,31.0,gauss5,-0.09053630740420004,-0.056661867202748795
156.png,blur,9,31.0,median5,-0.023572512459530515,-0.06972450840097366
157.png,poisson,0,1.0,gauss5,5.814095729749418,7.2523135234626785
157.png,poisson,0,1.0,median5,7.322737466892534,5.982455553141751
157.png,poisson,1,0.8944444444444445,gauss5,6.13500976939002,7.700561617544935
157.png,poisson,1,0.8944444444444445,median5,7.543499584640241,6.262299184831306
157.png,poisson,2,0.7888888888888889,gauss5,6.512826936757733,7.858003382218683
157.png,poisson,2,0.7888888888888889,median5,7.854694386315948,6.564812556197545
157.png,poisson,3,0.6833333333333333,gauss5,6.896668359844895,8.20065902822791
157.png,poisson,3,0.6833333333333333,median5,8.170513772730153,6.816318202956452
157.png,poisson,4,0.5777777777777777,gauss5,7.345821919156645,8.527247305313384
157.png,poisson,4,0.5777777777777777,median5,8.571271715357785,7.46637315850943
157.png,poisson,5,0.4722222222222222,gauss5,7.825165536659071,9.021066097075881
157.png,poisson,5,0.4722222222222222,median5,8.969928104788991,8.003350216761763
157.png,poisson,6,0.3666666666666667,gauss5,8.40536287065424,9.61874888342387
157.png,poisson,6,0.3666666666666667,median5,9.403640644892896,8.677545818881335
157.png,poisson,7,0.26111111111111107,gauss5,9.000853388362277,9.917386513960082
157.png,poisson,7,0.26111111111111107,median5,9.82916381296749,9.184517914993481
157.png,poisson,8,0.15555555555555556,gauss5,9.713642357382017,10.438710924636403
157.png,poisson,8,0.15555555555555556,median5,10.256316443461312,10.04480163488336
157.png,poisson,9,0.05,gauss5,10.402826006350502,10.749745490150872
157.png,poisson,9,0.05,median5,9.995164112994889,10.455537119078578
157.png,jpeg,0,95.0,gauss5,-10.486599145297653,-7.348121928559131
157.png,jpeg,0,95.0,median5,-8.102609449318827,-8.251521375627902
157.png,jpeg,1,85.0,gauss5,-6.644638412047215,-3.4169415877463862
157.png,jpeg,1,85.0,median5,-4.160572330197844,-4.178832985587462
157.png,jpeg,2,75.0,gauss5,-5.402017942619253,-2.131161424096476
157.png,jpeg,2,75.0,median5,-2.823287900974769,-2.8685843039718364
157.png,jpeg,3,65.0,gauss5,-4.596837432140312,-1.5263717108958446
157.png,jpeg,3,65.0,median5,-1.965186832242786,-2.1412700801601474
157.png,jpeg,4,55.0,gauss5,-3.932030335519073,-1.0251509428144772
157.png,jpeg,4,55.0,median5,-1.3134885868184867,-1.4535818522644846
157.png,jpeg,5,45.0,gauss5,-3.463256087413704,-0.5123391404821191
157.png,jpeg,5,45.0,median5,-0.8360110523885069,-0.8879614386120807
157.png,jpeg,6,35.0,gauss5,-2.928642432473886,-0.11126254969178007
157.png,jpeg,6,35.0,median5,-0.3504861880320149,-0.29616601984803026
157.png,jpeg,7,25.0,gauss5,-2.275437373393572,0.41242064171044035
157.png,jpeg,7,25.0,median5,0.12818908477344593,0.3711737498485874
157.png,jpeg,8,15.0,gauss5,-1.3539957355766532,0.7731726709995002
157.png,jpeg,8,15.0,median5,0.48179935727843315,0.7459471136511269
157.png,jpeg,9,5.0,gauss5,0.22812215991124418,1.655291102416946
157.png,jpeg,9,5.0,median5,0.34936130995755477,1.1666367835152371
157.png,blur,0,1.0,gauss5,,
157.png,blur,0,1.0,median5,,
157.png,blur,1,5.0,gauss5,-1.8970157874886695,-2.1746864863937887
157.png,blur,1,5.0,median5,-0.9601994032232497,-1.7447701949176846
157.png,blur,2,9.0,gauss5,-0.7902858148504777,-0.9072050378365404
157.png,blur,2,9.0,median5,-0.2729187091658183,-0.605056218703595
157.png,blur,3,11.0,gauss5,-0.5997982132043731,-0.6960505805584845
157.png,blur,3,11.0,median5,-0.18276709406195835,-0.44702742387625705
157.png,blur,4,15.0,gauss5,-0.35876474107623224,-0.42418422561655333
157.png,blur,4,15.0,median5,-0.09793892427385487,-0.268453821030576
157.png,blur,5,19.0,gauss5,-0.2248367341983908,-0.26731442836127783
157.png,blur,5,19.0,median5,-0.05964792133347885,-0.17660166346828987
157.png,blur,6,21.0,gauss5,-0.19354982633708673,-0.22699286923909767
157.png,blur,6,21.0,median5,-0.05266993561447464,-0.15458211680312672
157.png,blur,7,25.0,gauss5,-0.11878487124908688,-0.14615963101585905
157.png,blur,7,25.0,median5,-0.03635854102070013,-0.11108339691494251
157.png,blur,8,29.0,gauss5,-0.09156533057921479,-0.103905137088109
157.png,blur,8,29.0,median5,-0.027980783713900337,-0.07764886393340831
157.png,blur,9,31.0,gauss5,-0.07047345688809159,-0.08871079184785202
157.png,blur,9,31.0,median5,-0.023594670527355532,-0.07427788228797283
158.png,poisson,0,1.0,gauss5,2.9408536221791763,6.93292714380792
158.png,poisson,0,1.0,median5,5.303510066495196,5.304372833643743
158.png,poisson,1,0.8944444444444445,gauss5,3.335846418465689,7.549104247188318
158.png,poisson,1,0.8944444444444445,median5,5.606806677931747,5.930017032060107
158.png,poisson,2,0.7888888888888889,gauss5,3.775730176524423,8.062551915466141
158.png,poisson,2,0.7888888888888889,median5,5.978067106654084,6.372268627268195
158.png,poisson,3,0.6833333333333333,gauss5,4.269489525168201,8.025002019705514
158.png,poisson,3,0.6833333333333333,median5,6.441233071335127,6.533766183579392
158.png,poisson,4,0.5777777777777777,gauss5,4.821783661300653,8.28209674726762
158.png,poisson,4,0.5777777777777777,median5,6.849924748811549,6.951480686883578
158.png,poisson,5,0.4722222222222222,gauss5,5.437763336566217,9.054572355910558
158.png,poisson,5,0.4722222222222222,median5,7.339329769789305,7.917710542269731
158.png,poisson,6,0.3666666666666667,gauss5,6.120888668673622,9.213652439592554
158.png,poisson,6,0.3666666666666667,median5,7.823447413407589,8.261617036146479
158.png,poisson,7,0.26111111111111107,gauss5,7.0003662651326515,9.726521716659544
158.png,poisson,7,0.26111111111111107,median5,8.487073085823695,9.116720154782886
158.png,poisson,8,0.15555555555555556,gauss5,8.035369493182596,10.376087904794861
158.png,poisson,8,0.15555555555555556,median5,9.153775463635153,9.854884388096785
158.png,poisson,9,0.05,gauss5,9.274844267477134,10.58892143908692
158.png,poisson,9,0.05,median5,9.33765650665226,10.253780763632495
158.png,jpeg,0,95.0,gauss5,-13.724724224602149,-7.966284884798711
158.png,jpeg,0,95.0,median5,-10.562187113523287,-9.73239574082838
158.png,jpeg,1,85.0,gauss5,-9.542951843627971,-3.750791649370939
158.png,jpeg,1,85.0,median5,-6.288024273852443,-5.386995010251262
158.png,jpeg,2,75.0,gauss5,-8.143436904723998,-2.3961512724091136
158.png,jpeg,2,75.0,median5,-4.809592632219875,-3.836939250205994
158.png,jpeg,3,65.0,gauss5,-7.272474653331038,-1.6573194065710126
158.png,jpeg,3,65.0,median5,-3.8804505927198605,-2.967939962831963
158.png,jpeg,4,55.0,gauss5,-6.53130195107099,-1.158193573055918
158.png,jpeg,4,55.0,median5,-3.090982492998016,-2.2687318144212156
158.png,jpeg,5,45.0,gauss5,-5.941427742268516,-0.6943417470046569
158.png,jpeg,5,45.0,median5,-2.533372150042325,-1.7984917104867293
158.png,jpeg,6,35.0,gauss5,-5.282387249068428,-0.35475375130153
158.png,jpeg,6,35.0,median5,-1.8924354543553648,-1.215924610782551
158.png,jpeg,7,25.0,gauss5,-4.491212379674668,0.19991191317400592
158.png,jpeg,7,25.0,median5,-1.1236537598611704,-0.4465677307808633
158.png,jpeg,8,15.0,gauss5,-3.220407054087559,0.5826325974437268
158.png,jpeg,8,15.0,median5,-0.34540509628304505,0.0908170318646313
158.png,jpeg,9,5.0,gauss5,-0.8436015921949647,1.1031022114183777
158.png,jpeg,9,5.0,median5,0.3038042158531411,0.6747978123724074
158.png,blur,0,1.0,gauss5,,
158.png,blur,0,1.0,median5,,
158.png,blur,1,5.0,gauss5,-2.0102796926516753,-2.319824045181967
158.png,blur,1,5.0,median5,-0.7633400367029566,-2.5092701822893773
158.png,blur,2,9.0,gauss5,-0.7651207763525711,-0.9293063032869782
158.png,blur,2,9.0,median5,-0.21232261161307164,-0.8943525335422677
158.png,blur,3,11.0,gauss5,-0.5505951902517836,-0.693075512172804
158.png,blur,3,11.0,median5,-0.1458440256536342,-0.6335850788881281
158.png,blur,4,15.0,gauss5,-0.30385242410163116,-0.3874493796560934
158.png,blur,4,15.0,median5,-0.07883400135272467,-0.33487428775351447
158.png,blur,5,19.0,gauss5,-0.18407228632203854,-0.2256484881274261
158.png,blur,5,19.0,median5,-0.04878162004268205,-0.19666307924222082
158.png,blur,6,21.0,gauss5,-0.1623096462467899,-0.18821401911140256
158.png,blur,6,21.0,median5,-0.040517639915904624,-0.15485634141426274
158.png,blur,7,25.0,gauss5,-0.09968683942446788,-0.11407276190134041
158.png,blur,7,25.0,median5,-0.025766818348298415,-0.09802769630702102
158.png,blur,8,29.0,gauss5,-0.07561212077305868,-0.07551081752081146
158.png,blur,8,29.0,median5,-0.019840004680148127,-0.059408401123317134
158.png,blur,9,31.0,gauss5,-0.06223594382451836,-0.06302138806880464
158.png,blur,9,31.0,median5,-0.016094496832991467,-0.05078000260629878
159.png,poisson,0,1.0,gauss5,6.237923411628788,6.455948025465666
159.png,poisson,0,1.0,median5,6.681110248463359,5.0186586667252975
159.png,poisson,1,0.8944444444444445,gauss5,6.50924487931999,6.71070937597759
159.png,poisson,1,0.8944444444444445,median5,6.886227732801441,5.356432408649351
159.png,poisson,2,0.7888888888888889,gauss5,6.8893610542719905,7.2234396072339955
159.png,poisson,2,0.7888888888888889,median5,7.2686934545157165,5.801633794483191
159.png,poisson,3,0.6833333333333333,gauss5,7.2567982414530725,7.719352860860283
159.png,poisson,3,0.6833333333333333,median5,7.618102180451533,6.221901062583143
159.png,poisson,4,0.5777777777777777,gauss5,7.668922486155317,7.98298986624701
159.png,poisson,4,0.5777777777777777,median5,8.025706589778409,6.516670220453648
159.png,poisson,5,0.4722222222222222,gauss5,8.154369778370839,8.496198930555309
159.png,poisson,5,0.4722222222222222,median5,8.500956334482918,7.159008266934347
159.png,poisson,6,0.3666666666666667,gauss5,8.650730736586844,9.04397908706839
159.png,poisson,6,0.3666666666666667,median5,8.965052444768226,7.896501919957391
159.png,poisson,7,0.26111111111111107,gauss5,9.200136483078474,9.399315565181258
159.png,poisson,7,0.26111111111111107,median5,9.525593978779419,8.3932298391608
159.png,poisson,8,0.15555555555555556,gauss5,9.879977432450868,10.048901766724626
159.png,poisson,8,0.15555555555555556,median5,10.037238034636381,9.48974391419301
159.png,poisson,9,0.05,gauss5,10.443574944949681,10.653402375099096
159.png,poisson,9,0.05,median5,9.94297631090685,9.992018667799533
159.png,jpeg,0,95.0,gauss5,-9.690820749144684,-8.949880545359406
159.png,jpeg,0,95.0,median5,-8.798428746878997,-9.99588999541104
159.png,jpeg,1,85.0,gauss5,-5.626101429766734,-4.641866242132146
159.png,jpeg,1,85.0,median5,-4.619246368738409,-5.628432744612489
159.png,jpeg,2,75.0,gauss5,-4.35297821686472,-3.357856378706302
159.png,jpeg,2,75.0,median5,-3.221999469638412,-4.178894673326461
159.png,jpeg,3,65.0,gauss5,-3.5836228338148217,-2.559121454673779
159.png,jpeg,3,65.0,median5,-2.3876486354602022,-3.2490777008787717
159.png,jpeg,4,55.0,gauss5,-2.9635370622779575,-1.8834457564987304
159.png,jpeg,4,55.0,median5,-1.7008110379911514,-2.598096221526653
159.png,jpeg,5,45.0,gauss5,-2.5130671247259855,-1.3763401478770092
159.png,jpeg,5,45.0,median5,-1.2063063016797457,-2.077651687426048
159.png,jpeg,6,35.0,gauss5,-2.063074548318326,-0.7847822362543511
159.png,jpeg,6,35.0,median5,-0.6802492541339333,-1.3524251931607694
159.png,jpeg,7,25.0,gauss5,-1.5305653292699262,-0.2379047117860793
159.png,jpeg,7,25.0,median5,-0.14285608958152096,-0.6558130005246738
159.png,jpeg,8,15.0,gauss5,-0.7728833622676632,0.7203103212037902
159.png,jpeg,8,15.0,median5,0.3795926092832289,0.5338064958960089
159.png,jpeg,9,5.0,gauss5,0.37290413533411026,1.7672692805036192
159.png,jpeg,9,5.0,median5,0.5639717023223056,1.6311452826496868
159.png,blur,0,1.0,gauss5,,
159.png,blur,0,1.0,median5,,
159.png,blur,1,5.0,gauss5,-2.381056599184845,-2.5959059732585956
159.png,blur,1,5.0,median5,-1.2781588193660411,-2.2594279870649103
159.png,blur,2,9.0,gauss5,-0.9343546479969014,-1.0284240480592324
159.png,blur,2,9.0,median5,-0.3358867352613544,-0.7160769032481618
159.png,blur,3,11.0,gauss5,-0.6589407838385064,-0.7537110695804294
159.png,blur,3,11.0,median5,-0.22324503083539682,-0.5059017906099896
159.png,blur,4,15.0,gauss5,-0.3548807303463093,-0.45931260080395475
159.png,blur,4,15.0,median5,-0.11964909573681126,-0.28739272423197804
159.png,blur,5,19.0,gauss5,-0.21650441861805092,-0.30414528560760345
159.png,blur,5,19.0,median5,-0.07694023820614504,-0.19215623873666487
159.png,blur,6,21.0,gauss5,-0.18732315169033598,-0.26002591669097086
159.png,blur,6,21.0,median5,-0.06604936044121246,-0.16378934812554746
159.png,blur,7,25.0,gauss5,-0.12833472664504697,-0.18184732880158094
159.png,blur,7,25.0,median5,-0.04664852484495796,-0.11485855856724214
159.png,blur,8,29.0,gauss5,-0.09043973123450755,-0.12886915508800456
159.png,blur,8,29.0,median5,-0.036654801234536905,-0.08458887840211915
159.png,blur,9,31.0,gauss5,-0.07852265856945095,-0.10884639129765006
159.png,blur,9,31.0,median5,-0.03209349583797305,-0.07758770713988028
16.png,poisson,0,1.0,gauss5,7.420116150733449,7.194084022110744
16.png,poisson,0,1.0,median5,7.128556946897795,5.512463229035333
16.png,poisson,1,0.8944444444444445,gauss5,7.669252269002705,7.541523432754232
16.png,poisson,1,0.8944444444444445,median5,7.370261777081446,6.101924431746518
16.png,poisson,2,0.7888888888888889,gauss5,7.930828744624929,7.782699478885114
16.png,poisson,2,0.7888888888888889,median5,7.667718182244865,6.390237097803464
16.png,poisson,3,0.6833333333333333,gauss5,8.271705378091497,8.20211589304876
16.png,poisson,3,0.6833333333333333,median5,8.015115497442551,6.858681137175299
16.png,poisson,4,0.5777777777777777,gauss5,8.566668462032975,8.4005262144819
16.png,poisson,4,0.5777777777777777,median5,8.361406337602997,7.264651370559804
16.png,poisson,5,0.4722222222222222,gauss5,8.879883555372224,8.918748322335219
16.png,poisson,5,0.4722222222222222,median5,8.73081066048676,7.837712084613287
16.png,poisson,6,0.3666666666666667,gauss5,9.230141372694842,9.241249692656943
16.png,poisson,6,0.3666666666666667,median5,9.122204269215803,8.529027318667797
16.png,poisson,7,0.26111111111111107,gauss5,9.658911375592698,9.947924320382189
16.png,poisson,7,0.26111111111111107,median5,9.609654062281848,9.20368438038211
16.png,poisson,8,0.15555555555555556,gauss5,9.978096700046656,10.485929903894107
16.png,poisson,8,0.15555555555555556,median5,10.003078866086764,9.974326391169651
16.png,poisson,9,0.05,gauss5,9.942974393402729,11.093373606553147
16.png,poisson,9,0.05,median5,9.796096763803824,10.177562006232005
16.png,jpeg,0,95.0,gauss5,-8.074354248390087,-7.445494820328058
16.png,jpeg,0,95.0,median5,-8.53643762593316,-9.344760553525909
16.png,jpeg,1,85.0,gauss5,-4.125771292686409,-3.3786164413747244
16.png,jpeg,1,85.0,median5,-4.459248468573136,-5.1264812076052735
16.png,jpeg,2,75.0,gauss5,-2.9033102493270277,-2.1519655457709845
16.png,jpeg,2,75.0,median5,-3.085298514637614,-3.727249254817032
16.png,jpeg,3,65.0,gauss5,-2.1957104189517693,-1.3958840791856844
16.png,jpeg,3,65.0,median5,-2.2474105131449775,-2.8274721045489386
16.png,jpeg,4,55.0,gauss5,-1.6756507387331894,-0.8208127929135856
16.png,jpeg,4,55.0,median5,-1.5774420428032343,-2.1015414935485737
16.png,jpeg,5,45.0,gauss5,-1.3111897982990754,-0.5317454526888667
16.png,jpeg,5,45.0,median5,-1.0783833959007865,-1.651619757182182
16.png,jpeg,6,35.0,gauss5,-0.9582638500173175,-0.19605601507839765
16.png,jpeg,6,35.0,median5,-0.5987090827275452,-1.0767486476776398
16.png,jpeg,7,25.0,gauss5,-0.5448455542071144,0.27698132406392517
16.png,jpeg,7,25.0,median5,-0.09035611462289239,-0.4590117122356432
16.png,jpeg,8,15.0,gauss5,-0.11183101969731268,0.7412059730016409
16.png,jpeg,8,15.0,median5,0.3192246242481289,0.33266040275690756
16.png,jpeg,9,5.0,gauss5,0.6873120328695457,1.2413422275006774
16.png,jpeg,9,5.0,median5,0.33631393317866554,0.7617347205980671
16.png,blur,0,1.0,gauss5,,
16.png,blur,0,1.0,median5,,
16.png,blur,1,5.0,gauss5,-2.171467958438477,-2.1057443025445295
16.png,blur,1,5.0,median5,-1.6411322575739788,-2.4472739740653537
16.png,blur,2,9.0,gauss5,-0.8826419246731732,-0.8382638014476242
16.png,blur,2,9.0,median5,-0.4411120304885827,-0.9011592111345976
16.png,blur,3,11.0,gauss5,-0.6638697639368019,-0.613813177774098
16.png,blur,3,11.0,median5,-0.2894576952380703,-0.6425851258781812
16.png,blur,4,15.0,gauss5,-0.4104007089554855,-0.35656692295760095
16.png,blur,4,15.0,median5,-0.1481737387915878,-0.3816366143056875
16.png,blur,5,19.0,gauss5,-0.2731986693922792,-0.2202067510522383
16.png,blur,5,19.0,median5,-0.08836283125751976,-0.242259127232753
16.png,blur,6,21.0,gauss5,-0.23741687070198125,-0.18442688843894217
16.png,blur,6,21.0,median5,-0.07481214245224166,-0.21622236371760906
16.png,blur,7,25.0,gauss5,-0.16216853840912648,-0.11803123107193159
16.png,blur,7,25.0,median5,-0.049268900470202937,-0.14644070286683686
16.png,blur,8,29.0,gauss5,-0.12071743054332629,-0.0732268256996953
16.png,blur,8,29.0,median5,-0.03654061361584482,-0.10504982260570728
16.png,blur,9,31.0,gauss5,-0.0997041427360017,-0.059369041101788866
16.png,blur,9,31.0,median5,-0.03063699432843947,-0.09174900131026575
160.png,poisson,0,1.0,gauss5,3.9649335866614024,6.727389929920722
160.png,poisson,0,1.0,median5,6.850493918996364,5.250707517122972
160.png,poisson,1,0.8944444444444445,gauss5,4.3288026588124175,7.295089896770225
160.png,poisson,1,0.8944444444444445,median5,7.088128115671637,5.792639928855419
160.png,poisson,2,0.7888888888888889,gauss5,4.743970103942093,7.676877278188506
160.png,poisson,2,0.7888888888888889,median5,7.375991282840506,6.197169980866192
160.png,poisson,3,0.6833333333333333,gauss5,5.230516653109568,7.972425711566945
160.png,poisson,3,0.6833333333333333,median5,7.77247489338243,6.5270135344053415
160.png,poisson,4,0.5777777777777777,gauss5,5.760868497766911,8.414393752675
160.png,poisson,4,0.5777777777777777,median5,8.167952036116336,6.998047050847838
160.png,poisson,5,0.4722222222222222,gauss5,6.341832716394357,8.53714236108641
160.png,poisson,5,0.4722222222222222,median5,8.528629519725683,7.386320944554882
160.png,poisson,6,0.3666666666666667,gauss5,7.021729737377104,9.089229581365242
160.png,poisson,6,0.3666666666666667,median5,9.042459643062248,8.16370407373362
160.png,poisson,7,0.26111111111111107,gauss5,7.866296707862734,9.723033001685096
160.png,poisson,7,0.26111111111111107,median5,9.548301402785249,8.786394339703314
160.png,poisson,8,0.15555555555555556,gauss5,8.820190147153042,10.11854303507197
160.png,poisson,8,0.15555555555555556,median5,9.952325707039112,9.474468063933799
160.png,poisson,9,0.05,gauss5,9.882609771532591,10.791481433690894
160.png,poisson,9,0.05,median5,9.782639590511172,10.329596271168235
160.png,jpeg,0,95.0,gauss5,-12.693609624742859,-8.476523803440507
160.png,jpeg,0,95.0,median5,-8.521357974676228,-9.200574215370807
160.png,jpeg,1,85.0,gauss5,-8.741550843660129,-4.352262595388751
160.png,jpeg,1,85.0,median5,-4.497262319930947,-5.009717455851053
160.png,jpeg,2,75.0,gauss5,-7.410078990503827,-3.068481007707142
160.png,jpeg,2,75.0,median5,-3.1086116088417413,-3.7494526557250154
160.png,jpeg,3,65.0,gauss5,-6.565352888560298,-2.2691896359035795
160.png,jpeg,3,65.0,median5,-2.2307687572214476,-2.8855694559983363
160.png,jpeg,4,55.0,gauss5,-5.871471197782178,-1.6484258188329264
160.png,jpeg,4,55.0,median5,-1.5432502567488982,-2.060252108736698
160.png,jpeg,5,45.0,gauss5,-5.336249889476843,-1.2783443590723351
160.png,jpeg,5,45.0,median5,-1.0470026971007655,-1.587813764367624
160.png,jpeg,6,35.0,gauss5,-4.781123126053949,-0.6948961356874008
160.png,jpeg,6,35.0,median5,-0.5297793587246886,-0.9400864036398389
160.png,jpeg,7,25.0,gauss5,-4.019404459475414,-0.15127840052076635
160.png,jpeg,7,25.0,median5,0.014408159552708355,-0.3607392423322011
160.png,jpeg,8,15.0,gauss5,-2.805687222682156,0.63998415969251
160.png,jpeg,8,15.0,median5,0.5523572738484646,0.5317555479817884
160.png,jpeg,9,5.0,gauss5,-0.5511474429854459,1.6404368759987484
160.png,jpeg,9,5.0,median5,0.5992808965721359,1.1790769058858324
160.png,blur,0,1.0,gauss5,,
160.png,blur,0,1.0,median5,,
160.png,blur,1,5.0,gauss5,-1.6756682128412592,-2.692043499867367
160.png,blur,1,5.0,median5,-0.6831055539976525,-2.274738821565201
160.png,blur,2,9.0,gauss5,-0.6348139532190089,-1.1827099548386002
160.png,blur,2,9.0,median5,-0.2173787750018903,-0.8889571732400228
160.png,blur,3,11.0,gauss5,-0.47494713649870235,-0.8792003761632721
160.png,blur,3,11.0,median5,-0.15155015606488575,-0.65739775565185
160.png,blur,4,15.0,gauss5,-0.28071442932685997,-0.5135678944415716
160.png,blur,4,15.0,median5,-0.08400083224507071,-0.37836051149058747
160.png,blur,5,19.0,gauss5,-0.17674229173445966,-0.31457375553578615
160.png,blur,5,19.0,median5,-0.05193024381257061,-0.23627523148310914
160.png,blur,6,21.0,gauss5,-0.15848652717886225,-0.2617874759908183
160.png,blur,6,21.0,median5,-0.044596448281367884,-0.19980127477025178
160.png,blur,7,25.0,gauss5,-0.0926608078755784,-0.1711740590268782
160.png,blur,7,25.0,median5,-0.026996327477274207,-0.13126329253648095
160.png,blur,8,29.0,gauss5,-0.08154570870365774,-0.12003416951662871
160.png,blur,8,29.0,median5,-0.021359463782289367,-0.09817941940807628
160.png,blur,9,31.0,gauss5,-0.06100435026791118,-0.09726839394265951
160.png,blur,9,31.0,median5,-0.01685339260809471,-0.08235544066841527
161.png,poisson,0,1.0,gauss5,6.9702234880785845,5.821703057025367
161.png,poisson,0,1.0,median5,6.277856994150657,4.242036942400503
161.png,poisson,1,0.8944444444444445,gauss5,7.219498971420098,6.341492792554003
161.png,poisson,1,0.8944444444444445,median5,6.5127608252325935,4.571373571398521
161.png,poisson,2,0.7888888888888889,gauss5,7.492502315230478,6.611257922922913
161.png,poisson,2,0.7888888888888889,median5,6.861657620201871,4.946230477107459
161.png,poisson,3,0.6833333333333333,gauss5,7.8532645905892835,7.00288023373723
161.png,poisson,3,0.6833333333333333,median5,7.2827558728665736,5.467595567315023
161.png,poisson,4,0.5777777777777777,gauss5,8.251465970594484,7.446913724393198
161.png,poisson,4,0.5777777777777777,median5,7.6956864884882314,5.978882605787398
161.png,poisson,5,0.4722222222222222,gauss5,8.636771517595772,7.799373856088888
161.png,poisson,5,0.4722222222222222,median5,8.180625042219393,6.441579039195435
161.png,poisson,6,0.3666666666666667,gauss5,9.079584754424715,8.48988596108838
161.png,poisson,6,0.3666666666666667,median5,8.717086148327233,7.316881609989903
161.png,poisson,7,0.26111111111111107,gauss5,9.600507166492385,9.200317961467157
161.png,poisson,7,0.26111111111111107,median5,9.351900710268815,8.251916951228885
161.png,poisson,8,0.15555555555555556,gauss5,10.17034693144332,9.798972949327645
161.png,poisson,8,0.15555555555555556,median5,10.043541971823196,9.144147974291755
161.png,poisson,9,0.05,gauss5,10.67834902007565,10.690334430425507
161.png,poisson,9,0.05,median5,10.152049150683997,9.780260758660576
161.png,jpeg,0,95.0,gauss5,-7.507571469804198,-7.606676113197899
161.png,jpeg,0,95.0,median5,-8.495266203469257,-9.28140243540939
161.png,jpeg,1,85.0,gauss5,-3.4820454870102964,-3.158380972385416
161.png,jpeg,1,85.0,median5,-4.291490043127098,-4.647832033476909
161.png,jpeg,2,75.0,gauss5,-2.3475218967005986,-2.087355038911987
161.png,jpeg,2,75.0,median5,-2.9604548328474536,-3.431569151466249
161.png,jpeg,3,65.0,gauss5,-1.6895955459564576,-1.3236290613746178
161.png,jpeg,3,65.0,median5,-2.1632420150965004,-2.5778998341699193
161.png,jpeg,4,55.0,gauss5,-1.1880918454249496,-0.877598689987579
161.png,jpeg,4,55.0,median5,-1.4849423417207532,-1.9028800130549683
161.png,jpeg,5,45.0,gauss5,-0.8615089722188287,-0.5573067999934764
161.png,jpeg,5,45.0,median5,-0.9979408835425119,-1.3807199115663664
161.png,jpeg,6,35.0,gauss5,-0.5457432353274783,-0.14545327548579934
161.png,jpeg,6,35.0,median5,-0.5023631485618765,-0.8006605259657107
161.png,jpeg,7,25.0,gauss5,-0.22712785776154476,0.2740087143005354
161.png,jpeg,7,25.0,median5,-0.029159361354977875,-0.14881601424103508
161.png,jpeg,8,15.0,gauss5,0.148702883602283,0.8260344123303511
161.png,jpeg,8,15.0,median5,0.3456748591415888,0.5989737498697068
161.png,jpeg,9,5.0,gauss5,0.7383310772540952,1.623508320279626
161.png,jpeg,9,5.0,median5,0.3624642550353343,1.0820156009613378
161.png,blur,0,1.0,gauss5,,
161.png,blur,0,1.0,median5,,
161.png,blur,1,5.0,gauss5,-1.5735359834712312,-1.9726802852613403
161.png,blur,1,5.0,median5,-1.6715362705042196,-2.0059753274030427
161.png,blur,2,9.0,gauss5,-0.5605829988546915,-0.8252791212497215
161.png,blur,2,9.0,median5,-0.46737534907483536,-0.6763862149104156
161.png,blur,3,11.0,gauss5,-0.4226667881487671,-0.6361090636533362
161.png,blur,3,11.0,median5,-0.3078882182919216,-0.49534588685672887
161.png,blur,4,15.0,gauss5,-0.2651563128001868,-0.3937269315000549
161.png,blur,4,15.0,median5,-0.1510535698737243,-0.3031183159965778
161.png,blur,5,19.0,gauss5,-0.18415589996845583,-0.2605309117709673
161.png,blur,5,19.0,median5,-0.08955009251822688,-0.2122852308693126
161.png,blur,6,21.0,gauss5,-0.16576318212312202,-0.22011771568825722
161.png,blur,6,21.0,median5,-0.0768920759350209,-0.17929808566452365
161.png,blur,7,25.0,gauss5,-0.11420163071769451,-0.14860375990332386
161.png,blur,7,25.0,median5,-0.04903935571729079,-0.13193520400736602
161.png,blur,8,29.0,gauss5,-0.09336917909130449,-0.10440186561936571
161.png,blur,8,29.0,median5,-0.03710666720368394,-0.09967085319571112
161.png,blur,9,31.0,gauss5,-0.07924784488949399,-0.08158488737961633
161.png,blur,9,31.0,median5,-0.03132844378677291,-0.08909097998835591
162.png,poisson,0,1.0,gauss5,7.411191565697585,6.1644489916576966
162.png,poisson,0,1.0,median5,6.499653578230166,5.0692793052079885
162.png,poisson,1,0.8944444444444445,gauss5,7.6575195141516375,6.43994233690993
162.png,poisson,1,0.8944444444444445,median5,6.785998017100567,5.306786691339049
162.png,poisson,2,0.7888888888888889,gauss5,7.944226759506321,6.790269588209124
162.png,poisson,2,0.7888888888888889,median5,7.137218292003972,5.6940865085598915
162.png,poisson,3,0.6833333333333333,gauss5,8.27072407569301,7.170127343486477
162.png,poisson,3,0.6833333333333333,median5,7.545161236585116,6.099631594827109
162.png,poisson,4,0.5777777777777777,gauss5,8.635007332114299,7.824352616282656
162.png,poisson,4,0.5777777777777777,median5,7.972078670485999,6.83073391455256
162.png,poisson,5,0.4722222222222222,gauss5,9.024250403900346,8.159222603974378
162.png,poisson,5,0.4722222222222222,median5,8.50362251931282,7.109037592407148
162.png,poisson,6,0.3666666666666667,gauss5,9.411392430666869,8.625174152272173
162.png,poisson,6,0.3666666666666667,median5,9.00487985818991,7.822826381053183
162.png,poisson,7,0.26111111111111107,gauss5,9.86810071699794,9.26225522275179
162.png,poisson,7,0.26111111111111107,median5,9.607491634313341,8.611036258477483
162.png,poisson,8,0.15555555555555556,gauss5,10.334019434744569,9.740942170449753
162.png,poisson,8,0.15555555555555556,median5,10.167067595801747,9.347970677284799
162.png,poisson,9,0.05,gauss5,10.791181965329908,10.842181778835874
162.png,poisson,9,0.05,median5,10.226526774957502,10.200528611206137
162.png,jpeg,0,95.0,gauss5,-6.993733034797728,-7.9568272923775965
162.png,jpeg,0,95.0,median5,-8.59061673003255,-9.130513386960487
162.png,jpeg,1,85.0,gauss5,-2.3895869922849826,-3.1864972503567373
162.png,jpeg,1,85.0,median5,-3.8491987676405017,-4.172182281500184
162.png,jpeg,2,75.0,gauss5,-1.2984339171475767,-1.9371947635954854
162.png,jpeg,2,75.0,median5,-2.5513727011629683,-2.9057134162218077
162.png,jpeg,3,65.0,gauss5,-0.7551230387179686,-1.319012862289128
162.png,jpeg,3,65.0,median5,-1.8312157389156596,-2.127305536045988
162.png,jpeg,4,55.0,gauss5,-0.3787650969558811,-0.884591692607323
162.png,jpeg,4,55.0,median5,-1.2628088406166924,-1.5067727996176004
162.png,jpeg,5,45.0,gauss5,-0.12657912428141316,-0.5619775788330301
162.png,jpeg,5,45.0,median5,-0.8483776573787196,-1.182836152613973
162.png,jpeg,6,35.0,gauss5,0.06609849516652844,-0.14863943998091145
162.png,jpeg,6,35.0,median5,-0.41226476817559643,-0.5824153368465659
162.png,jpeg,7,25.0,gauss5,0.24846037434756596,0.14267278268028605
162.png,jpeg,7,25.0,median5,0.003435479541558095,-0.06560800274932177
162.png,jpeg,8,15.0,gauss5,0.3922111525139371,0.7679996232734219
162.png,jpeg,8,15.0,median5,0.2404116530385494,0.5853994543422623
162.png,jpeg,9,5.0,gauss5,0.6264243145316151,1.2861638579658283
162.png,jpeg,9,5.0,median5,0.21944707812428987,0.953344310891044
162.png,blur,0,1.0,gauss5,,
162.png,blur,0,1.0,median5,,
162.png,blur,1,5.0,gauss5,-1.1645517684325668,-1.6860484949076735
162.png,blur,1,5.0,median5,-1.4817143547280764,-1.4740837887703506
162.png,blur,2,9.0,gauss5,-0.3545938860581188,-0.7114232678842392
162.png,blur,2,9.0,median5,-0.3899115582894126,-0.4622814262156396
162.png,blur,3,11.0,gauss5,-0.2500985722702467,-0.5673617289066115
162.png,blur,3,11.0,median5,-0.2549906123599186,-0.34302829972471827
162.png,blur,4,15.0,gauss5,-0.14079002191937917,-0.37226128359316846
162.png,blur,4,15.0,median5,-0.12836389559511474,-0.22000162875825424
162.png,blur,5,19.0,gauss5,-0.09083226723281257,-0.25295324869721014
162.png,blur,5,19.0,median5,-0.08083345941720665,-0.16125861483827464
162.png,blur,6,21.0,gauss5,-0.07793970915771808,-0.21804548205574648
162.png,blur,6,21.0,median5,-0.07123518951419783,-0.14054680278820086
162.png,blur,7,25.0,gauss5,-0.048102583846592495,-0.15242457927363162
162.png,blur,7,25.0,median5,-0.0455008659015661,-0.11572162155899335
162.png,blur,8,29.0,gauss5,-0.03702435066690413,-0.11187611444636758
162.png,blur,8,29.0,median5,-0.03933583029507304,-0.09316065585548117
162.png,blur,9,31.0,gauss5,-0.029445532813205944,-0.09510970917202144
162.png,blur,9,31.0,median5,-0.03263123769832532,-0.08484613602410107
163.png,poisson,0,1.0,gauss5,5.827830923456002,7.365662860759652
163.png,poisson,0,1.0,median5,7.574926067155037,6.012764769304905
163.png,poisson,1,0.8944444444444445,gauss5,6.098492631654786,7.857025092367444
163.png,poisson,1,0.8944444444444445,median5,7.691541136500177,6.433856394942012
163.png,poisson,2,0.7888888888888889,gauss5,6.49818999775864,8.228842450072705
163.png,poisson,2,0.7888888888888889,median5,8.054562257715329,7.0183920914591695
163.png,poisson,3,0.6833333333333333,gauss5,6.8253582453523585,8.512702723617693
163.png,poisson,3,0.6833333333333333,median5,8.319921526093271,7.3116542262171365
163.png,poisson,4,0.5777777777777777,gauss5,7.28043673132424,8.859102962484112
163.png,poisson,4,0.5777777777777777,median5,8.669519651884105,7.796720112498907
163.png,poisson,5,0.4722222222222222,gauss5,7.759158432458548,9.072350714346769
163.png,poisson,5,0.4722222222222222,median5,9.023192461428543,8.11109675748527
163.png,poisson,6,0.3666666666666667,gauss5,8.272843650749905,9.3929668212458
163.png,poisson,6,0.3666666666666667,median5,9.440890027380291,8.83064253847693
163.png,poisson,7,0.26111111111111107,gauss5,8.872111531281181,9.856661685089925
163.png,poisson,7,0.26111111111111107,median5,9.845976106810937,9.438402146422792
163.png,poisson,8,0.15555555555555556,gauss5,9.532759098430223,10.503054841764378
163.png,poisson,8,0.15555555555555556,median5,10.169848211700117,10.184133122502061
163.png,poisson,9,0.05,gauss5,9.845156370553532,10.815053013791958
163.png,poisson,9,0.05,median5,9.682560002635938,10.229279305908209
163.png,jpeg,0,95.0,gauss5,-11.033752810850956,-7.193791698291577
163.png,jpeg,0,95.0,median5,-8.183365194921635,-8.63153922347309
163.png,jpeg,1,85.0,gauss5,-7.297119112399649,-3.246685129841616
163.png,jpeg,1,85.0,median5,-4.3479571299830795,-4.548633177383145
163.png,jpeg,2,75.0,gauss5,-6.002457898861749,-2.0396799938755734
163.png,jpeg,2,75.0,median5,-2.968900323226592,-3.145523223902927
163.png,jpeg,3,65.0,gauss5,-5.1463911970657605,-1.3403587235983494
163.png,jpeg,3,65.0,median5,-2.0716658844054123,-2.3321095431866823
163.png,jpeg,4,55.0,gauss5,-4.479735253510015,-0.8354731663542552
163.png,jpeg,4,55.0,median5,-1.39679729761054,-1.644263055326654
163.png,jpeg,5,45.0,gauss5,-3.9575426406246237,-0.454882045519895
163.png,jpeg,5,45.0,median5,-0.8992842420904168,-1.154527687942057
163.png,jpeg,6,35.0,gauss5,-3.417658636050625,0.01537566206764751
163.png,jpeg,6,35.0,median5,-0.4394994149739162,-0.610675754748101
163.png,jpeg,7,25.0,gauss5,-2.6811150874920955,0.46024090617581237
163.png,jpeg,7,25.0,median5,0.09608064653512116,0.11464358539254249
163.png,jpeg,8,15.0,gauss5,-1.6833706855716812,0.829255135754174
163.png,jpeg,8,15.0,median5,0.49428010157546254,0.6645317240653057
163.png,jpeg,9,5.0,gauss5,0.00952794584709693,1.351363597840706
163.png,jpeg,9,5.0,median5,0.4364568149620993,0.8531545918631807
163.png,blur,0,1.0,gauss5,,
163.png,blur,0,1.0,median5,,
163.png,blur,1,5.0,gauss5,-2.0070965439848685,-2.1168677260316855
163.png,blur,1,5.0,median5,-0.8572600426309762,-2.0570846025519387
163.png,blur,2,9.0,gauss5,-0.8512240912200966,-0.8457248486438544
163.png,blur,2,9.0,median5,-0.23040808529081502,-0.6717799824829171
163.png,blur,3,11.0,gauss5,-0.6513866369699706,-0.6222208120944757
163.png,blur,3,11.0,median5,-0.15306621221498773,-0.4823265955053415
163.png,blur,4,15.0,gauss5,-0.4107514370558931,-0.37027984806745096
163.png,blur,4,15.0,median5,-0.07842549802250076,-0.28027594646269094
163.png,blur,5,19.0,gauss5,-0.2868202538204301,-0.22825115412048902
163.png,blur,5,19.0,median5,-0.047439354669535305,-0.17978141593504304
163.png,blur,6,21.0,gauss5,-0.25970253750970684,-0.19965512670452767
163.png,blur,6,21.0,median5,-0.03948196228997958,-0.1608739113565747
163.png,blur,7,25.0,gauss5,-0.18743524341748952,-0.12562495939843288
163.png,blur,7,25.0,median5,-0.02546832632001994,-0.11377697641493612
163.png,blur,8,29.0,gauss5,-0.15018655086288746,-0.08449443364749598
163.png,blur,8,29.0,median5,-0.018359455343272657,-0.0911983640450238
163.png,blur,9,31.0,gauss5,-0.13131135978131425,-0.06648342749305058
163.png,blur,9,31.0,median5,-0.014556073340564524,-0.07427824874010369
164.png,poisson,0,1.0,gauss5,6.979587329166836,6.560341728918338
164.png,poisson,0,1.0,median5,6.946899312460484,5.0525802627064635
164.png,poisson,1,0.8944444444444445,gauss5,7.2399919768210665,7.1115656454828375
164.png,poisson,1,0.8944444444444445,median5,7.1529725903481065,5.621102782873582
164.png,poisson,2,0.7888888888888889,gauss5,7.56687064211237,7.443031994354008
164.png,poisson,2,0.7888888888888889,median5,7.492702935219725,5.983923157589885
164.png,poisson,3,0.6833333333333333,gauss5,7.897311683498764,7.685819091802021
164.png,poisson,3,0.6833333333333333,median5,7.87327311270564,6.3551731430154454
164.png,poisson,4,0.5777777777777777,gauss5,8.291371712091077,8.13508537642715
164.png,poisson,4,0.5777777777777777,median5,8.246886621360758,6.896999547741373
164.png,poisson,5,0.4722222222222222,gauss5,8.67325946932765,8.667291503735647
164.png,poisson,5,0.4722222222222222,median5,8.683487052745658,7.3866180867106195
164.png,poisson,6,0.3666666666666667,gauss5,9.162778845291118,9.10076408657979
164.png,poisson,6,0.3666666666666667,median5,9.189528071855488,7.921019461501011
164.png,poisson,7,0.26111111111111107,gauss5,9.627803011772702,9.680872796579465
164.png,poisson,7,0.26111111111111107,median5,9.665187337358859,8.820249393962094
164.png,poisson,8,0.15555555555555556,gauss5,10.15650809655876,10.472076721114771
164.png,poisson,8,0.15555555555555556,median5,10.144769075057805,9.942840642646225
164.png,poisson,9,0.05,gauss5,10.563545160096556,10.828310775909179
164.png,poisson,9,0.05,median5,9.981255653649239,10.213365766786781
164.png,jpeg,0,95.0,gauss5,-8.420440526077996,-7.636295794173975
164.png,jpeg,0,95.0,median5,-8.382352781534713,-9.008403587184645
164.png,jpeg,1,85.0,gauss5,-4.507696110590608,-3.5390295371064298
164.png,jpeg,1,85.0,median5,-4.338041412776931,-4.8485051123391045
164.png,jpeg,2,75.0,gauss5,-3.305092030752661,-2.2402957338611813
164.png,jpeg,2,75.0,median5,-2.9540538020110674,-3.3277639941862347
164.png,jpeg,3,65.0,gauss5,-2.6044308564249548,-1.5003833178179562
164.png,jpeg,3,65.0,median5,-2.1250745495460635,-2.5094663542959736
164.png,jpeg,4,55.0,gauss5,-2.0872081363844046,-0.9874580883113495
164.png,jpeg,4,55.0,median5,-1.4811219951713568,-1.8905176249287976
164.png,jpeg,5,45.0,gauss5,-1.707709745337013,-0.48151355019290065
164.png,jpeg,5,45.0,median5,-1.0079742315738756,-1.2649931339394698
164.png,jpeg,6,35.0,gauss5,-1.3342374642470105,-0.12264923769853908
164.png,jpeg,6,35.0,median5,-0.5312189084634582,-0.6726664165381493
164.png,jpeg,7,25.0,gauss5,-0.9286127852901487,0.3513296050528041
164.png,jpeg,7,25.0,median5,-0.036734094143078266,0.04578095682615668
164.png,jpeg,8,15.0,gauss5,-0.13676198410390583,0.7399811648302759
164.png,jpeg,8,15.0,median5,0.32641259127681366,0.6585485074305666
164.png,jpeg,9,5.0,gauss5,0.6310311807623812,1.4168884252835277
164.png,jpeg,9,5.0,median5,0.35262412600868487,1.0457696076870313
164.png,blur,0,1.0,gauss5,,
164.png,blur,0,1.0,median5,,
164.png,blur,1,5.0,gauss5,-1.8265770993520718,-2.1775711439202894
164.png,blur,1,5.0,median5,-1.4540170996111996,-2.0726422022591393
164.png,blur,2,9.0,gauss5,-0.8031736191689376,-0.9234027652455694
164.png,blur,2,9.0,median5,-0.4134629115443289,-0.7266873825137665
164.png,blur,3,11.0,gauss5,-0.6201397466258172,-0.7118519684594773
164.png,blur,3,11.0,median5,-0.2725592549860778,-0.5425650387484815
164.png,blur,4,15.0,gauss5,-0.3806438962231766,-0.4478096815370307
164.png,blur,4,15.0,median5,-0.13753719462166814,-0.33192828264538576
164.png,blur,5,19.0,gauss5,-0.23552946310228862,-0.28452772363395695
164.png,blur,5,19.0,median5,-0.08101336195458941,-0.21986763716842717
164.png,blur,6,21.0,gauss5,-0.1994755583326544,-0.24433642314213344
164.png,blur,6,21.0,median5,-0.06889977083041288,-0.19434456424761493
164.png,blur,7,25.0,gauss5,-0.1255246366749354,-0.1614410899192471
164.png,blur,7,25.0,median5,-0.04471642404529419,-0.13447312321597238
164.png,blur,8,29.0,gauss5,-0.08847179769059821,-0.10806014102713846
164.png,blur,8,29.0,median5,-0.033201453171518125,-0.10352387971522958
164.png,blur,9,31.0,gauss5,-0.07264290192150114,-0.08596060658223692
164.png,blur,9,31.0,median5,-0.027831152793634573,-0.08128740050014116
165.png,poisson,0,1.0,gauss5,7.483431123112872,5.62841074426828
165.png,poisson,0,1.0,median5,6.481311132051104,4.105779284908188
165.png,poisson,1,0.8944444444444445,gauss5,7.7156931516628084,6.075039006221299
165.png,poisson,1,0.8944444444444445,median5,6.742469770337838,4.68327746906407
165.png,poisson,2,0.7888888888888889,gauss5,8.018252520663896,6.488719943838369
165.png,poisson,2,0.7888888888888889,median5,7.144614956342604,5.029327844016279
165.png,poisson,3,0.6833333333333333,gauss5,8.28845117257248,6.805791739381505
165.png,poisson,3,0.6833333333333333,median5,7.485298447556417,5.472656956633664
165.png,poisson,4,0.5777777777777777,gauss5,8.651628450459192,7.234106148941848
165.png,poisson,4,0.5777777777777777,median5,7.9394426786667225,6.080524751573389
165.png,poisson,5,0.4722222222222222,gauss5,9.037405754806603,7.8225148097187365
165.png,poisson,5,0.4722222222222222,median5,8.415989737506134,6.719154431401922
165.png,poisson,6,0.3666666666666667,gauss5,9.429116233885303,8.423660541848946
165.png,poisson,6,0.3666666666666667,median5,8.965959102952855,7.2935862988214595
165.png,poisson,7,0.26111111111111107,gauss5,9.863046707671636,9.07923195912591
165.png,poisson,7,0.26111111111111107,median5,9.526221176616275,8.219698554981836
165.png,poisson,8,0.15555555555555556,gauss5,10.36587873375273,9.741859322654097
165.png,poisson,8,0.15555555555555556,median5,10.178809229824996,9.295839147746864
165.png,poisson,9,0.05,gauss5,10.80498977607523,10.906760321060451
165.png,poisson,9,0.05,median5,10.183304415817995,10.173478876443474
165.png,jpeg,0,95.0,gauss5,-6.823247215507031,-8.02131104205938
165.png,jpeg,0,95.0,median5,-8.497421532538972,-9.530381717742024
165.png,jpeg,1,85.0,gauss5,-2.4301771556658665,-3.1546204092389587
165.png,jpeg,1,85.0,median5,-3.959012897841511,-4.555547392123955
165.png,jpeg,2,75.0,gauss5,-1.3516760468760083,-1.9292512723943673
165.png,jpeg,2,75.0,median5,-2.663104180664398,-3.17179496724151
165.png,jpeg,3,65.0,gauss5,-0.8146953063758602,-1.3725424631544954
165.png,jpeg,3,65.0,median5,-1.947661010889803,-2.507131821023627
165.png,jpeg,4,55.0,gauss5,-0.4325133108058168,-0.9717023328481673
165.png,jpeg,4,55.0,median5,-1.3847093541017514,-1.9993141134228054
165.png,jpeg,5,45.0,gauss5,-0.17774778143046888,-0.669013731733962
165.png,jpeg,5,45.0,median5,-0.9538296118106828,-1.5410949258061493
165.png,jpeg,6,35.0,gauss5,0.06748172198665969,-0.3238370520834124
165.png,jpeg,6,35.0,median5,-0.5017828161353179,-1.0229287116039174
165.png,jpeg,7,25.0,gauss5,0.2925443136470278,0.057929552733519074
165.png,jpeg,7,25.0,median5,-0.04417908659108605,-0.4733890472930753
165.png,jpeg,8,15.0,gauss5,0.5134995620760137,0.5863931579647002
165.png,jpeg,8,15.0,median5,0.2867139630988902,0.1549215344289081
165.png,jpeg,9,5.0,gauss5,0.772287995615887,1.2292955327952484
165.png,jpeg,9,5.0,median5,0.24040966629750926,0.6011373989652284
165.png,blur,0,1.0,gauss5,,
165.png,blur,0,1.0,median5,,
165.png,blur,1,5.0,gauss5,-1.2793965947189818,-1.636524827828353
165.png,blur,1,5.0,median5,-1.6280079652618653,-1.7295028713707765
165.png,blur,2,9.0,gauss5,-0.42163066578411446,-0.6741018351475176
165.png,blur,2,9.0,median5,-0.4878643306066337,-0.6296119569334273
165.png,blur,3,11.0,gauss5,-0.3067165287229372,-0.5174779696843466
165.png,blur,3,11.0,median5,-0.33847762827435446,-0.45975415715375334
165.png,blur,4,15.0,gauss5,-0.1690066822818892,-0.3200488082094104
165.png,blur,4,15.0,median5,-0.18364828746520345,-0.28759729743406126
165.png,blur,5,19.0,gauss5,-0.10298136288781734,-0.20863740229060213
165.png,blur,5,19.0,median5,-0.114639557909058,-0.18926265896721262
165.png,blur,6,21.0,gauss5,-0.08875706073274614,-0.17719509812174294
165.png,blur,6,21.0,median5,-0.1029308109367264,-0.16980690945050014
165.png,blur,7,25.0,gauss5,-0.05308788543533893,-0.1188076691679214
165.png,blur,7,25.0,median5,-0.06736823422912153,-0.11266742556725262
165.png,blur,8,29.0,gauss5,-0.03802689667842429,-0.07678942290447921
165.png,blur,8,29.0,median5,-0.053057463057307075,-0.083362475479408
165.png,blur,9,31.0,gauss5,-0.02930158313344222,-0.05994389403601019
165.png,blur,9,31.0,median5,-0.04387297901699583,-0.06785741035149684
166.png,poisson,0,1.0,gauss5,6.31548601113256,6.317286066398495
166.png,poisson,0,1.0,median5,6.38382976923727,4.714092470965433
166.png,poisson,1,0.8944444444444445,gauss5,6.62299855261632,6.85986411120323
166.png,poisson,1,0.8944444444444445,median5,6.615140240820143,5.287520565762456
166.png,poisson,2,0.7888888888888889,gauss5,6.963906583003833,7.097427340261749
166.png,poisson,2,0.7888888888888889,median5,6.982881539439852,5.594982550890908
166.png,poisson,3,0.6833333333333333,gauss5,7.334346144536326,7.433106719173189
166.png,poisson,3,0.6833333333333333,median5,7.38758579419811,6.032110713274271
166.png,poisson,4,0.5777777777777777,gauss5,7.738054842430589,7.824823047948577
166.png,poisson,4,0.5777777777777777,median5,7.77875874946022,6.425825848604454
166.png,poisson,5,0.4722222222222222,gauss5,8.22183275945035,8.443209026994154
166.png,poisson,5,0.4722222222222222,median5,8.300016588770255,7.09947123655007
166.png,poisson,6,0.3666666666666667,gauss5,8.742320991184727,8.88227212972565
166.png,poisson,6,0.3666666666666667,median5,8.818739864947759,7.877320680479066
166.png,poisson,7,0.26111111111111107,gauss5,9.32306097680258,9.45647591135726
166.png,poisson,7,0.26111111111111107,median5,9.4200314797089,8.71289227390593
166.png,poisson,8,0.15555555555555556,gauss5,10.015220207886593,10.024065479085802
166.png,poisson,8,0.15555555555555556,median5,10.051466765984884,9.436751204393168
166.png,poisson,9,0.05,gauss5,10.699936388784664,10.764873745635985
166.png,poisson,9,0.05,median5,10.180114848423667,10.17397002677706
166.png,jpeg,0,95.0,gauss5,-8.747105650759224,-7.8486431838667485
166.png,jpeg,0,95.0,median5,-8.617413242041117,-9.487536786435747
166.png,jpeg,1,85.0,gauss5,-4.619367672142886,-3.4387573371619453
166.png,jpeg,1,85.0,median5,-4.369583760546199,-4.949530115848134
166.png,jpeg,2,75.0,gauss5,-3.3954300265040587,-2.151076818936062
166.png,jpeg,2,75.0,median5,-2.9887270775883223,-3.4997390685494665
166.png,jpeg,3,65.0,gauss5,-2.706022572979869,-1.476173387143909
166.png,jpeg,3,65.0,median5,-2.173254102167462,-2.6405554546553773
166.png,jpeg,4,55.0,gauss5,-2.1756152294994564,-1.0222351219542674
166.png,jpeg,4,55.0,median5,-1.5312954737307578,-2.039127051365213
166.png,jpeg,5,45.0,gauss5,-1.7832345560391687,-0.581830334870233
166.png,jpeg,5,45.0,median5,-1.0365657449595176,-1.4666846578949446
166.png,jpeg,6,35.0,gauss5,-1.3799334702537323,-0.2438087651142169
166.png,jpeg,6,35.0,median5,-0.5447896393027136,-0.992000265359259
166.png,jpeg,7,25.0,gauss5,-0.9115136977824179,0.23617727816544942
166.png,jpeg,7,25.0,median5,-0.038818254387642526,-0.2887214098577573
166.png,jpeg,8,15.0,gauss5,-0.4082444743267999,0.7954857425360871
166.png,jpeg,8,15.0,median5,0.2731037737884563,0.5449263638616202
166.png,jpeg,9,5.0,gauss5,0.43355196730535184,1.330789517661298
166.png,jpeg,9,5.0,median5,0.2978438365906477,0.8075707578618108
166.png,blur,0,1.0,gauss5,,
166.png,blur,0,1.0,median5,,
166.png,blur,1,5.0,gauss5,-1.719568717094461,-1.9971108728114686
166.png,blur,1,5.0,median5,-1.3695986342640651,-1.9988103417892162
166.png,blur,2,9.0,gauss5,-0.6281668104322691,-0.8004975725950345
166.png,blur,2,9.0,median5,-0.3637653859472678,-0.6335063666532648
166.png,blur,3,11.0,gauss5,-0.46127136678907377,-0.6002300493235637
166.png,blur,3,11.0,median5,-0.2345074660761277,-0.4411968306154961
166.png,blur,4,15.0,gauss5,-0.26687152723292584,-0.3608996621506506
166.png,blur,4,15.0,median5,-0.11312724307856215,-0.2530156668081709
166.png,blur,5,19.0,gauss5,-0.1705326996436476,-0.22284613948093224
166.png,blur,5,19.0,median5,-0.06470408052956955,-0.16791269177518586
166.png,blur,6,21.0,gauss5,-0.15197975090553228,-0.19737956694188696
166.png,blur,6,21.0,median5,-0.05776613496436411,-0.1477036765455253
166.png,blur,7,25.0,gauss5,-0.09360992972136373,-0.13131481237305564
166.png,blur,7,25.0,median5,-0.037297080136571736,-0.1046006231910468
166.png,blur,8,29.0,gauss5,-0.08038447499959389,-0.09517196287103147
166.png,blur,8,29.0,median5,-0.028223825543314263,-0.08171920505516539
166.png,blur,9,31.0,gauss5,-0.06444866791722603,-0.07519074628113387
166.png,blur,9,31.0,median5,-0.02285609235703845,-0.06691508149664571
167.png,poisson,0,1.0,gauss5,8.810106357495599,9.816552505833172
167.png,poisson,0,1.0,median5,9.945204681145505,8.87583027135711
167.png,poisson,1,0.8944444444444445,gauss5,8.945991792291231,9.994218158049243
167.png,poisson,1,0.8944444444444445,median5,9.93311279335034,9.148513594734233
167.png,poisson,2,0.7888888888888889,gauss5,9.186246574726844,10.043936019203194
167.png,poisson,2,0.7888888888888889,median5,10.069630191463219,9.430021548645783
167.png,poisson,3,0.6833333333333333,gauss5,9.414523219872443,10.319627839448117
167.png,poisson,3,0.6833333333333333,median5,10.266196574918588,9.689923745132333
167.png,poisson,4,0.5777777777777777,gauss5,9.603533517346655,10.595263050680682
167.png,poisson,4,0.5777777777777777,median5,10.429127318158173,10.178676283214994
167.png,poisson,5,0.4722222222222222,gauss5,9.912897575902448,10.540145269225931
167.png,poisson,5,0.4722222222222222,median5,10.636294417130763,10.300659280336369
167.png,poisson,6,0.3666666666666667,gauss5,10.142205229606354,10.88882099347116
167.png,poisson,6,0.3666666666666667,median5,10.759727592978386,10.574654513875128
167.png,poisson,7,0.26111111111111107,gauss5,10.448699147730736,11.042123603805166
167.png,poisson,7,0.26111111111111107,median5,10.982728749344261,11.25867959131196
167.png,poisson,8,0.15555555555555556,gauss5,10.710430858570835,11.177052010661654
167.png,poisson,8,0.15555555555555556,median5,11.010137836815112,11.261573102289574
167.png,poisson,9,0.05,gauss5,10.839766493211949,11.040802309375044
167.png,poisson,9,0.05,median5,10.345907522070403,10.8630862124014
167.png,jpeg,0,95.0,gauss5,-8.435771448807536,-5.503467015028768
167.png,jpeg,0,95.0,median5,-5.090174245643951,-6.649720141529002
167.png,jpeg,1,85.0,gauss5,-5.8929824071720205,-2.9573018745127797
167.png,jpeg,1,85.0,median5,-2.4774826051396204,-3.8959002527733446
167.png,jpeg,2,75.0,gauss5,-4.584636827829328,-1.614154925547851
167.png,jpeg,2,75.0,median5,-1.2542964941749872,-2.458808054994492
167.png,jpeg,3,65.0,gauss5,-3.75672219268467,-0.9479405371266907
167.png,jpeg,3,65.0,median5,-0.5877681185962373,-1.6713227407552012
167.png,jpeg,4,55.0,gauss5,-3.0285546325592563,-0.2950834734531398
167.png,jpeg,4,55.0,median5,-0.05005931806810082,-0.9565556785871294
167.png,jpeg,5,45.0,gauss5,-2.371177866210722,0.22647372238162689
167.png,jpeg,5,45.0,median5,0.19936142956794356,-0.45816406328619763
167.png,jpeg,6,35.0,gauss5,-1.8316479652968098,0.7249038678480488
167.png,jpeg,6,35.0,median5,0.2836047648484836,0.18511137871426087
167.png,jpeg,7,25.0,gauss5,-0.9557912835937827,0.9373662843108761
167.png,jpeg,7,25.0,median5,0.46089477746333074,0.612992550704476
167.png,jpeg,8,15.0,gauss5,-0.13655124885013237,1.8182017208564432
167.png,jpeg,8,15.0,median5,0.567027756847601,1.260683830946924
167.png,jpeg,9,5.0,gauss5,0.7772556670583732,1.6913053349277511
167.png,jpeg,9,5.0,median5,0.4683706573770543,1.0632624482511623
167.png,blur,0,1.0,gauss5,,
167.png,blur,0,1.0,median5,,
167.png,blur,1,5.0,gauss5,-2.3310323523891583,-3.3484951329001262
167.png,blur,1,5.0,median5,-0.9946658616626607,-3.139409094131871
167.png,blur,2,9.0,gauss5,-1.264677042930792,-1.5081350419800614
167.png,blur,2,9.0,median5,-0.3511956094454476,-1.2542671154792089
167.png,blur,3,11.0,gauss5,-1.0113540764998774,-1.112344559981132
167.png,blur,3,11.0,median5,-0.24484358453918986,-0.9144812307016466
167.png,blur,4,15.0,gauss5,-0.6345184217927375,-0.6445756819514799
167.png,blur,4,15.0,median5,-0.12911281289744636,-0.48245810940000666
167.png,blur,5,19.0,gauss5,-0.40726052359093856,-0.3784664935782054
167.png,blur,5,19.0,median5,-0.07641378717968195,-0.28282753938938043
167.png,blur,6,21.0,gauss5,-0.3379220783553727,-0.3053313868392564
167.png,blur,6,21.0,median5,-0.06359729440749717,-0.22809882243093682
167.png,blur,7,25.0,gauss5,-0.22521832189343982,-0.19252218602465376
167.png,blur,7,25.0,median5,-0.04053043525786393,-0.1446541189572379
167.png,blur,8,29.0,gauss5,-0.1646419423903751,-0.12604327147108663
167.png,blur,8,29.0,median5,-0.029398309462496997,-0.10110984054190553
167.png,blur,9,31.0,gauss5,-0.1383825685457616,-0.10210627633316705
167.png,blur,9,31.0,median5,-0.024887909740861858,-0.08695135146546562
168.png,poisson,0,1.0,gauss5,3.959994897756495,7.7278589858036
168.png,poisson,0,1.0,median5,7.231326508826108,6.194596437665098
168.png,poisson,1,0.8944444444444445,gauss5,4.340194763991573,8.228763159960394
168.png,poisson,1,0.8944444444444445,median5,7.437629256492844,6.870140947374388
168.png,poisson,2,0.7888888888888889,gauss5,4.742901016050464,8.268491001427648
168.png,poisson,2,0.7888888888888889,median5,7.743139076496082,7.0615645233153685
168.png,poisson,3,0.6833333333333333,gauss5,5.250788217586987,8.788317181686729
168.png,poisson,3,0.6833333333333333,median5,8.135630618625356,7.3262660621331435
168.png,poisson,4,0.5777777777777777,gauss5,5.7535482187936005,8.72839377857683
168.png,poisson,4,0.5777777777777777,median5,8.487857657134814,7.738226985446737
168.png,poisson,5,0.4722222222222222,gauss5,6.361547877211475,9.272453362829467
168.png,poisson,5,0.4722222222222222,median5,8.908125810127572,8.36784618628836
168.png,poisson,6,0.3666666666666667,gauss5,7.033566285168664,9.587797754738201
168.png,poisson,6,0.3666666666666667,median5,9.298128433300523,8.498107918509763
168.png,poisson,7,0.26111111111111107,gauss5,7.906788339216167,10.419515352149844
168.png,poisson,7,0.26111111111111107,median5,9.80518989171279,9.660725293773094
168.png,poisson,8,0.15555555555555556,gauss5,8.877368579077494,10.459059797294238
168.png,poisson,8,0.15555555555555556,median5,10.225267175682838,10.089542284414769
168.png,poisson,9,0.05,gauss5,10.02340322830462,10.922348930067729
168.png,poisson,9,0.05,median5,9.931727651564739,10.2042870579363
168.png,jpeg,0,95.0,gauss5,-12.94724850502001,-7.496441148200326
168.png,jpeg,0,95.0,median5,-8.326656154737769,-9.308961940902151
168.png,jpeg,1,85.0,gauss5,-8.932974371641695,-3.5602901887579037
168.png,jpeg,1,85.0,median5,-4.234554640415915,-5.133044408499153
168.png,jpeg,2,75.0,gauss5,-7.634923629416935,-2.3789710259155754
168.png,jpeg,2,75.0,median5,-2.8559518578023884,-3.839464458676005
168.png,jpeg,3,65.0,gauss5,-6.838932700837159,-1.5762792714127158
168.png,jpeg,3,65.0,median5,-2.023253688831204,-2.9310917212031455
168.png,jpeg,4,55.0,gauss5,-6.150726774714929,-0.9273446693753016
168.png,jpeg,4,55.0,median5,-1.3563473900409306,-2.206804831089485
168.png,jpeg,5,45.0,gauss5,-5.6070185963755605,-0.4771834785651876
168.png,jpeg,5,45.0,median5,-0.8754480239713089,-1.5410498830254298
168.png,jpeg,6,35.0,gauss5,-5.024730224010291,-0.08535580998464098
168.png,jpeg,6,35.0,median5,-0.38375857164623994,-1.008114060075279
168.png,jpeg,7,25.0,gauss5,-4.331484328658934,0.22928246773551564
168.png,jpeg,7,25.0,median5,0.07285454118316892,-0.36199312909136694
168.png,jpeg,8,15.0,gauss5,-3.1716717680088564,0.9386055758440222
168.png,jpeg,8,15.0,median5,0.4688002750745923,0.4257498500834913
168.png,jpeg,9,5.0,gauss5,-0.8277827585709687,1.3500698449571793
168.png,jpeg,9,5.0,median5,0.528298937921658,0.8623467714418034
168.png,blur,0,1.0,gauss5,,
168.png,blur,0,1.0,median5,,
168.png,blur,1,5.0,gauss5,-1.3480357020047364,-2.2988392668548627
168.png,blur,1,5.0,median5,-0.6148763520104055,-2.4593765019147966
168.png,blur,2,9.0,gauss5,-0.41228181106909645,-0.9595643707453831
168.png,blur,2,9.0,median5,-0.20969737187266801,-0.8805738970991115
168.png,blur,3,11.0,gauss5,-0.30021155434234004,-0.7135066977379445
168.png,blur,3,11.0,median5,-0.1507755966243991,-0.6464591243574667
168.png,blur,4,15.0,gauss5,-0.17072264372261614,-0.42414793421900043
168.png,blur,4,15.0,median5,-0.08937568255800699,-0.35624888692090906
168.png,blur,5,19.0,gauss5,-0.10869785610347193,-0.25323700850810127
168.png,blur,5,19.0,median5,-0.05585730477696771,-0.2210247655688491
168.png,blur,6,21.0,gauss5,-0.10699529777424033,-0.2027464817204141
168.png,blur,6,21.0,median5,-0.05063156570410854,-0.17695638396732605
168.png,blur,7,25.0,gauss5,-0.052290334788562376,-0.13440405714503356
168.png,blur,7,25.0,median5,-0.020744013004186712,-0.11291186314748813
168.png,blur,8,29.0,gauss5,-0.06645116643255733,-0.08163112832974306
168.png,blur,8,29.0,median5,-0.023785278305453517,-0.07360665771878061
168.png,blur,9,31.0,gauss5,-0.047235876193784776,-0.06368854687115899
168.png,blur,9,31.0,median5,-0.015609060380800344,-0.07024515765619554
169.png,poisson,0,1.0,gauss5,7.209967288479856,7.151038077922287
169.png,poisson,0,1.0,median5,7.174545246863897,5.608539870179634
169.png,poisson,1,0.8944444444444445,gauss5,7.476852904797962,7.648326730144618
169.png,poisson,1,0.8944444444444445,median5,7.426093589412478,6.078346092290566
169.png,poisson,2,0.7888888888888889,gauss5,7.779328446228757,7.8564926415674705
169.png,poisson,2,0.7888888888888889,median5,7.770190968064238,6.590257010626971
169.png,poisson,3,0.6833333333333333,gauss5,8.093350276959704,8.220396084841706
169.png,poisson,3,0.6833333333333333,median5,8.117389583898834,6.859815805054435
169.png,poisson,4,0.5777777777777777,gauss5,8.45677988618472,8.570729596924721
169.png,poisson,4,0.5777777777777777,median5,8.534015979638426,7.461779710862999
169.png,poisson,5,0.4722222222222222,gauss5,8.798792421420636,8.836938117733204
169.png,poisson,5,0.4722222222222222,median5,8.888073520282653,7.928288679375225
169.png,poisson,6,0.3666666666666667,gauss5,9.22294504071262,9.367041180227574
169.png,poisson,6,0.3666666666666667,median5,9.30054199075872,8.405047823782088
169.png,poisson,7,0.26111111111111107,gauss5,9.654944676228862,9.908736601905403
169.png,poisson,7,0.26111111111111107,median5,9.803791628530394,9.328740028048514
169.png,poisson,8,0.15555555555555556,gauss5,10.12716295890186,10.530334670871646
169.png,poisson,8,0.15555555555555556,median5,10.23490491581276,10.130147725472042
169.png,poisson,9,0.05,gauss5,10.354486507502056,11.026078328941766
169.png,poisson,9,0.05,median5,9.970112204308553,10.406576917695423
169.png,jpeg,0,95.0,gauss5,-8.397361609644868,-7.196928952588841
169.png,jpeg,0,95.0,median5,-8.4491133959757,-9.098854444672092
169.png,jpeg,1,85.0,gauss5,-4.44408965802036,-3.001257747435652
169.png,jpeg,1,85.0,median5,-4.357984022689507,-4.734437211525389
169.png,jpeg,2,75.0,gauss5,-3.2328591740511143,-1.8782915605392745
169.png,jpeg,2,75.0,median5,-3.001061284984061,-3.4415087050156004
169.png,jpeg,3,65.0,gauss5,-2.5202487517202385,-1.2915645773607451
169.png,jpeg,3,65.0,median5,-2.156120105687151,-2.736466637454633
169.png,jpeg,4,55.0,gauss5,-1.9793094544593828,-0.7650219802024694
169.png,jpeg,4,55.0,median5,-1.4957618687415106,-2.025464971677934
169.png,jpeg,5,45.0,gauss5,-1.5533234632808615,-0.4603452209213117
169.png,jpeg,5,45.0,median5,-0.9907650225624494,-1.5491595571516896
169.png,jpeg,6,35.0,gauss5,-1.1303583765305731,-0.17480641541712316
169.png,jpeg,6,35.0,median5,-0.47087792030418996,-0.9445064474438922
169.png,jpeg,7,25.0,gauss5,-0.7002606650878462,0.3239692701207346
169.png,jpeg,7,25.0,median5,0.03277485430367477,-0.23252858213638916
169.png,jpeg,8,15.0,gauss5,-0.1620432400629923,0.7933537469399425
169.png,jpeg,8,15.0,median5,0.40419929648290065,0.3905632543904787
169.png,jpeg,9,5.0,gauss5,0.4567940073939383,1.3415329570439738
169.png,jpeg,9,5.0,median5,0.2977301485033017,0.6218448525347888
169.png,blur,0,1.0,gauss5,,
169.png,blur,0,1.0,median5,,
169.png,blur,1,5.0,gauss5,-2.159927595258715,-1.9112468888985958
169.png,blur,1,5.0,median5,-1.4877462882890384,-2.242595528342818
169.png,blur,2,9.0,gauss5,-0.9174382412397968,-0.7668024886664071
169.png,blur,2,9.0,median5,-0.3765137294966223,-0.7847469221911325
169.png,blur,3,11.0,gauss5,-0.6785019573325641,-0.5835359411604628
169.png,blur,3,11.0,median5,-0.23896228863908675,-0.5719541432262005
169.png,blur,4,15.0,gauss5,-0.39221729351975654,-0.34586232060545896
169.png,blur,4,15.0,median5,-0.11888678319805379,-0.34096437855968986
169.png,blur,5,19.0,gauss5,-0.2440188483484924,-0.22136751956645995
169.png,blur,5,19.0,median5,-0.07231427598345164,-0.21862811371325463
169.png,blur,6,21.0,gauss5,-0.20625153859166545,-0.18593529931228403
169.png,blur,6,21.0,median5,-0.06115699720165324,-0.18788942490294858
169.png,blur,7,25.0,gauss5,-0.13495993591515898,-0.11938414208293224
169.png,blur,7,25.0,median5,-0.04215099830167901,-0.1180142709640073
169.png,blur,8,29.0,gauss5,-0.09408713651297518,-0.08251696325192626
169.png,blur,8,29.0,median5,-0.03217588639152069,-0.08850139659386258
169.png,blur,9,31.0,gauss5,-0.07636327924439712,-0.06087546756303652
169.png,blur,9,31.0,median5,-0.028297176630783127,-0.07039391065363532
17.png,poisson,0,1.0,gauss5,5.300547579065043,6.774403910347285
17.png,poisson,0,1.0,median5,6.68916053684697,5.113543261474721
17.png,poisson,1,0.8944444444444445,gauss5,5.620287927317477,7.1388813604914
17.png,poisson,1,0.8944444444444445,median5,6.887923689137853,5.431228407263628
17.png,poisson,2,0.7888888888888889,gauss5,6.031896648248797,7.4418695069330525
17.png,poisson,2,0.7888888888888889,median5,7.238379205481301,5.8448649852226175
17.png,poisson,3,0.6833333333333333,gauss5,6.435427323904268,8.045597068267579
17.png,poisson,3,0.6833333333333333,median5,7.621880566815044,6.45966784632121
17.png,poisson,4,0.5777777777777777,gauss5,6.903528271273885,8.567821696862154
17.png,poisson,4,0.5777777777777777,median5,8.049906161435963,7.064528266405706
17.png,poisson,5,0.4722222222222222,gauss5,7.444987873950936,8.808023212303748
17.png,poisson,5,0.4722222222222222,median5,8.488389642652333,7.615191110959497
17.png,poisson,6,0.3666666666666667,gauss5,8.016342893432157,9.149781231146445
17.png,poisson,6,0.3666666666666667,median5,9.024286801384388,7.957589442102012
17.png,poisson,7,0.26111111111111107,gauss5,8.701398493867035,9.802975301369763
17.png,poisson,7,0.26111111111111107,median5,9.544806447607467,8.93432530793844
17.png,poisson,8,0.15555555555555556,gauss5,9.504663822256962,10.141039254779965
17.png,poisson,8,0.15555555555555556,median5,10.084623358604865,9.456053384430184
17.png,poisson,9,0.05,gauss5,10.314656006105103,10.769829067657877
17.png,poisson,9,0.05,median5,10.051329861744591,10.029107988541604
17.png,jpeg,0,95.0,gauss5,-10.837791348981867,-8.202076052192389
17.png,jpeg,0,95.0,median5,-8.760384260203644,-9.693992879510915
17.png,jpeg,1,85.0,gauss5,-6.739354845305449,-4.0364072236510395
17.png,jpeg,1,85.0,median5,-4.580807777482221,-5.438693257115972
17.png,jpeg,2,75.0,gauss5,-5.475384780919001,-2.895324678007867
17.png,jpeg,2,75.0,median5,-3.2157217945849794,-4.126796586112533
17.png,jpeg,3,65.0,gauss5,-4.719505414457657,-2.1369983776335104
17.png,jpeg,3,65.0,median5,-2.3754419497585246,-3.3248780501936466
17.png,jpeg,4,55.0,gauss5,-4.082668330794981,-1.567166307990668
17.png,jpeg,4,55.0,median5,-1.6840673362964935,-2.630234898703577
17.png,jpeg,5,45.0,gauss5,-3.5829582279604253,-1.0194687112418492
17.png,jpeg,5,45.0,median5,-1.1754917688062534,-2.035555569990464
17.png,jpeg,6,35.0,gauss5,-3.104169814054636,-0.5333890853267107
17.png,jpeg,6,35.0,median5,-0.6413726368910844,-1.3429784331302628
17.png,jpeg,7,25.0,gauss5,-2.4964994816499484,0.01164238181082311
17.png,jpeg,7,25.0,median5,-0.1086391865627121,-0.6428858088915703
17.png,jpeg,8,15.0,gauss5,-1.5967169677711652,0.5991672064005442
17.png,jpeg,8,15.0,median5,0.4129432410944176,0.25287484419765605
17.png,jpeg,9,5.0,gauss5,0.07680972121448093,1.3650002949826536
17.png,jpeg,9,5.0,median5,0.5330764558022594,0.8297688120690196
17.png,blur,0,1.0,gauss5,,
17.png,blur,0,1.0,median5,,
17.png,blur,1,5.0,gauss5,-1.5319639055004508,-2.5238820624279015
17.png,blur,1,5.0,median5,-1.0431497028761072,-2.606229897235913
17.png,blur,2,9.0,gauss5,-0.526631584855334,-1.0513087866067963
17.png,blur,2,9.0,median5,-0.3355288722552956,-0.9753137804384231
17.png,blur,3,11.0,gauss5,-0.38742881374227167,-0.7758311768990218
17.png,blur,3,11.0,median5,-0.23205217931544908,-0.691820510457422
17.png,blur,4,15.0,gauss5,-0.2209613724098709,-0.4580078138003536
17.png,blur,4,15.0,median5,-0.12676030115307668,-0.386032108054966
17.png,blur,5,19.0,gauss5,-0.13786336592699655,-0.2813839576426247
17.png,blur,5,19.0,median5,-0.077977910734635,-0.22941180328740174
17.png,blur,6,21.0,gauss5,-0.12433711488203869,-0.24151775676163467
17.png,blur,6,21.0,median5,-0.06853588460242221,-0.19455454626020696
17.png,blur,7,25.0,gauss5,-0.06519056591773165,-0.16240057977677935
17.png,blur,7,25.0,median5,-0.039827411785772426,-0.13522083003072538
17.png,blur,8,29.0,gauss5,-0.06634219851967771,-0.11076979151640032
17.png,blur,8,29.0,median5,-0.033262811509086276,-0.09659296689784469
17.png,blur,9,31.0,gauss5,-0.04646288244643415,-0.0936294920278371
17.png,blur,9,31.0,median5,-0.024495322027853206,-0.0825745138844809
170.png,poisson,0,1.0,gauss5,4.7211084488468025,6.618135832299423
170.png,poisson,0,1.0,median5,6.334009372783125,4.899622962009509
170.png,poisson,1,0.8944444444444445,gauss5,5.073443979718338,7.001438574094614
170.png,poisson,1,0.8944444444444445,median5,6.573318876402009,5.375302978017533
170.png,poisson,2,0.7888888888888889,gauss5,5.459917614037458,7.3487451416849225
170.png,poisson,2,0.7888888888888889,median5,6.897561351968477,5.744880739505806
170.png,poisson,3,0.6833333333333333,gauss5,5.892209344579868,7.771732966391681
170.png,poisson,3,0.6833333333333333,median5,7.3159846670770605,6.302470500824164
170.png,poisson,4,0.5777777777777777,gauss5,6.380746581086338,8.287408222210313
170.png,poisson,4,0.5777777777777777,median5,7.73784050980688,6.757146963545054
170.png,poisson,5,0.4722222222222222,gauss5,6.9449994788725675,8.442760932265841
170.png,poisson,5,0.4722222222222222,median5,8.223921876940935,7.325264210878238
170.png,poisson,6,0.3666666666666667,gauss5,7.560094992977493,8.98117166556412
170.png,poisson,6,0.3666666666666667,median5,8.744464325475644,7.9493326337160966
170.png,poisson,7,0.26111111111111107,gauss5,8.300213486289582,9.398078967738918
170.png,poisson,7,0.26111111111111107,median5,9.302460068963622,8.687759235992885
170.png,poisson,8,0.15555555555555556,gauss5,9.131085120259613,10.392746326382326
170.png,poisson,8,0.15555555555555556,median5,9.920902730656024,9.901790767578817
170.png,poisson,9,0.05,gauss5,10.014292017845584,11.082347582076782
170.png,poisson,9,0.05,median5,9.814095685321035,10.442631897925743
170.png,jpeg,0,95.0,gauss5,-11.332417711912285,-8.296272915742513
170.png,jpeg,0,95.0,median5,-9.165568122746372,-10.142053214101175
170.png,jpeg,1,85.0,gauss5,-6.8211861221653365,-3.682407350706889
170.png,jpeg,1,85.0,median5,-4.588504604339953,-5.413724256052582
170.png,jpeg,2,75.0,gauss5,-5.537261862724762,-2.438621449925648
170.png,jpeg,2,75.0,median5,-3.1875423077596494,-4.048357157376962
170.png,jpeg,3,65.0,gauss5,-4.8032985995465545,-1.773020255240553
170.png,jpeg,3,65.0,median5,-2.368520942242405,-3.211342510916424
170.png,jpeg,4,55.0,gauss5,-4.215179668836861,-1.1588789771473742
170.png,jpeg,4,55.0,median5,-1.711924826758981,-2.4610525437779884
170.png,jpeg,5,45.0,gauss5,-3.784090920202928,-0.8145724046096134
170.png,jpeg,5,45.0,median5,-1.2130702368127828,-1.9404999647648893
170.png,jpeg,6,35.0,gauss5,-3.272706143309076,-0.28426972210274215
170.png,jpeg,6,35.0,median5,-0.6629456214766876,-1.199561292093101
170.png,jpeg,7,25.0,gauss5,-2.7096781514621995,0.13669460507335174
170.png,jpeg,7,25.0,median5,-0.12090997509462653,-0.5596979204716348
170.png,jpeg,8,15.0,gauss5,-2.0114506758882413,0.6743448424067218
170.png,jpeg,8,15.0,median5,0.2615400413560991,0.2764892261294385
170.png,jpeg,9,5.0,gauss5,-0.6316771069442488,1.2414358528161706
170.png,jpeg,9,5.0,median5,0.36072853580467523,0.9758947348313036
170.png,blur,0,1.0,gauss5,,
170.png,blur,0,1.0,median5,,
170.png,blur,1,5.0,gauss5,-2.2543815692000067,-2.025912471852564
170.png,blur,1,5.0,median5,-0.8417448077868883,-2.245784618131573
170.png,blur,2,9.0,gauss5,-0.8298889288512186,-0.8536022524794653
170.png,blur,2,9.0,median5,-0.17531688834845838,-0.8386048391089176
170.png,blur,3,11.0,gauss5,-0.5748222621205983,-0.6530726318040116
170.png,blur,3,11.0,median5,-0.10863263702175274,-0.6137842210271884
170.png,blur,4,15.0,gauss5,-0.2947466979482023,-0.4132915671243609
170.png,blur,4,15.0,median5,-0.05403690088633084,-0.38057898055745554
170.png,blur,5,19.0,gauss5,-0.17455064087861416,-0.25784330339188344
170.png,blur,5,19.0,median5,-0.03408095768070041,-0.23373665519720177
170.png,blur,6,21.0,gauss5,-0.1531805447281549,-0.21842965168372785
170.png,blur,6,21.0,median5,-0.030105644348772387,-0.19992343820367608
170.png,blur,7,25.0,gauss5,-0.09837043196863249,-0.134501783963362
170.png,blur,7,25.0,median5,-0.02197556596946626,-0.13543130471174436
170.png,blur,8,29.0,gauss5,-0.06930353421408242,-0.09044051627578753
170.png,blur,8,29.0,median5,-0.017956326512397425,-0.09449615761713304
170.png,blur,9,31.0,gauss5,-0.060310349738429636,-0.07200196656388513
170.png,blur,9,31.0,median5,-0.015617995399782814,-0.0806069633103128
171.png,poisson,0,1.0,gauss5,8.466473981962565,10.117547657446039
171.png,poisson,0,1.0,median5,9.54386809861554,9.164890021957092
171.png,poisson,1,0.8944444444444445,gauss5,8.626662310245756,10.069408185342112
171.png,poisson,1,0.8944444444444445,median5,9.509815366067656,9.043940140107964
171.png,poisson,2,0.7888888888888889,gauss5,8.831283135265874,9.901991806395372
171.png,poisson,2,0.7888888888888889,median5,9.700351051697044,9.231666454302363
171.png,poisson,3,0.6833333333333333,gauss5,9.073367331518536,10.262045464701874
171.png,poisson,3,0.6833333333333333,median5,9.91308251499515,9.755893517551772
171.png,poisson,4,0.5777777777777777,gauss5,9.342349691495638,10.570572666003319
171.png,poisson,4,0.5777777777777777,median5,10.136940858015382,10.203563760480915
171.png,poisson,5,0.4722222222222222,gauss5,9.634509575365165,10.462380069935008
171.png,poisson,5,0.4722222222222222,median5,10.35931035213531,10.273457201538633
171.png,poisson,6,0.3666666666666667,gauss5,9.888723198395287,10.777117675007485
171.png,poisson,6,0.3666666666666667,median5,10.490443141014826,10.310293885063668
171.png,poisson,7,0.26111111111111107,gauss5,10.213607817107455,10.88603270202707
171.png,poisson,7,0.26111111111111107,median5,10.704831945826719,10.892467123633718
171.png,poisson,8,0.15555555555555556,gauss5,10.499027993802223,11.20516065441926
171.png,poisson,8,0.15555555555555556,median5,10.819172901934934,11.315541913321312
171.png,poisson,9,0.05,gauss5,10.65124416740273,10.970348322387682
171.png,poisson,9,0.05,median5,10.285689016124408,10.901244253150804
171.png,jpeg,0,95.0,gauss5,-9.099237423367704,-4.988995318655078
171.png,jpeg,0,95.0,median5,-6.095622094035534,-5.901660972249623
171.png,jpeg,1,85.0,gauss5,-6.421311847235437,-2.396275513805179
171.png,jpeg,1,85.0,median5,-3.365746921032141,-3.1121332179265337
171.png,jpeg,2,75.0,gauss5,-5.000196857755569,-1.2166453398278705
171.png,jpeg,2,75.0,median5,-1.982312264955091,-1.8215042833689807
171.png,jpeg,3,65.0,gauss5,-4.1057092348173825,-0.416008378071389
171.png,jpeg,3,65.0,median5,-1.2170000521248454,-0.9648378949813434
171.png,jpeg,4,55.0,gauss5,-3.3424529316763696,0.2740438562655356
171.png,jpeg,4,55.0,median5,-0.5588668375105499,-0.22422646219111897
171.png,jpeg,5,45.0,gauss5,-2.7604344719996945,0.5051914571319571
171.png,jpeg,5,45.0,median5,-0.19236273722110298,0.15174688093252797
171.png,jpeg,6,35.0,gauss5,-2.034617851516934,0.691461787761682
171.png,jpeg,6,35.0,median5,0.23826951979921773,0.3552755044679472
171.png,jpeg,7,25.0,gauss5,-1.1893648481131223,1.404549712873468
171.png,jpeg,7,25.0,median5,0.535147554250635,1.1244609591994745
171.png,jpeg,8,15.0,gauss5,-0.2378020003307526,1.8138459190766625
171.png,jpeg,8,15.0,median5,0.8301693532173218,1.7232767378959366
171.png,jpeg,9,5.0,gauss5,0.874194168527886,1.8857228544603757
171.png,jpeg,9,5.0,median5,0.5080100652279391,1.0472972008538868
171.png,blur,0,1.0,gauss5,,
171.png,blur,0,1.0,median5,,
171.png,blur,1,5.0,gauss5,-2.279700960525318,-2.9964927036804454
171.png,blur,1,5.0,median5,-1.3241063642680402,-2.6117645937999754
171.png,blur,2,9.0,gauss5,-1.0105308023133972,-1.3545858203945684
171.png,blur,2,9.0,median5,-0.5407636863116352,-0.9745626109202377
171.png,blur,3,11.0,gauss5,-0.7640363973556177,-1.0239466937834365
171.png,blur,3,11.0,median5,-0.3993881468577527,-0.7152073493521769
171.png,blur,4,15.0,gauss5,-0.45025865298748613,-0.6022716717050045
171.png,blur,4,15.0,median5,-0.21090181148760934,-0.41985456751393
171.png,blur,5,19.0,gauss5,-0.283774887810484,-0.3810914896821771
171.png,blur,5,19.0,median5,-0.1278925493996681,-0.2782040146304041
171.png,blur,6,21.0,gauss5,-0.24122605295555744,-0.3192000960327057
171.png,blur,6,21.0,median5,-0.10781364163694107,-0.23707260961688803
171.png,blur,7,25.0,gauss5,-0.1525955961646872,-0.20946853989742564
171.png,blur,7,25.0,median5,-0.07030230410371985,-0.1580966665658785
171.png,blur,8,29.0,gauss5,-0.11126540097120596,-0.13752733254766625
171.png,blur,8,29.0,median5,-0.05080317351356456,-0.11833258209233577
171.png,blur,9,31.0,gauss5,-0.09363929821870443,-0.11868976035556855
171.png,blur,9,31.0,median5,-0.041122493919274916,-0.09811849515900306
172.png,poisson,0,1.0,gauss5,5.303654364350859,6.899557658913736
172.png,poisson,0,1.0,median5,7.208997445008027,5.4376600532711095
172.png,poisson,1,0.8944444444444445,gauss5,5.625723357038531,7.255111500859584
172.png,poisson,1,0.8944444444444445,median5,7.42421374976362,5.9923142046459645
172.png,poisson,2,0.7888888888888889,gauss5,5.993210127501083,7.450618364104582
172.png,poisson,2,0.7888888888888889,median5,7.697085768770467,6.261288822435564
172.png,poisson,3,0.6833333333333333,gauss5,6.387265787001009,7.9101678789664795
172.png,poisson,3,0.6833333333333333,median5,8.005523746588871,6.786093804520558
172.png,poisson,4,0.5777777777777777,gauss5,6.87134934747888,8.269193832462953
172.png,poisson,4,0.5777777777777777,median5,8.428689827715797,7.33741688216184
172.png,poisson,5,0.4722222222222222,gauss5,7.396551851017016,8.705269123137889
172.png,poisson,5,0.4722222222222222,median5,8.792788430845231,7.84186106991838
172.png,poisson,6,0.3666666666666667,gauss5,7.996355267668417,9.211715270973624
172.png,poisson,6,0.3666666666666667,median5,9.251593090567113,8.247015687524577
172.png,poisson,7,0.26111111111111107,gauss5,8.618457930676612,9.698156946832029
172.png,poisson,7,0.26111111111111107,median5,9.704334959614918,9.202896359938187
172.png,poisson,8,0.15555555555555556,gauss5,9.411650774226661,10.382782225220879
172.png,poisson,8,0.15555555555555556,median5,10.137727432297524,9.866324407929387
172.png,poisson,9,0.05,gauss5,10.105936151026494,10.684536402091613
172.png,poisson,9,0.05,median5,9.813042163564333,10.19282700227171
172.png,jpeg,0,95.0,gauss5,-11.187704457628776,-7.753676803629361
172.png,jpeg,0,95.0,median5,-8.26272928285426,-8.900528981299054
172.png,jpeg,1,85.0,gauss5,-7.339115119039164,-3.7173680643978955
172.png,jpeg,1,85.0,median5,-4.30726221304802,-4.713440910894157
172.png,jpeg,2,75.0,gauss5,-6.053221794909398,-2.472134674305046
172.png,jpeg,2,75.0,median5,-2.919117447506025,-3.293023537626347
172.png,jpeg,3,65.0,gauss5,-5.268125183700015,-1.7918097182538872
172.png,jpeg,3,65.0,median5,-2.073289731822072,-2.532352045545892
172.png,jpeg,4,55.0,gauss5,-4.637253688196367,-1.0903712162124037
172.png,jpeg,4,55.0,median5,-1.410715950088644,-1.6849281454405443
172.png,jpeg,5,45.0,gauss5,-4.196494127185083,-0.7211824996453373
172.png,jpeg,5,45.0,median5,-0.9526564976724714,-1.2076247724814166
172.png,jpeg,6,35.0,gauss5,-3.6876601349704288,-0.3234578014720526
172.png,jpeg,6,35.0,median5,-0.4664746071551491,-0.6491283496117717
172.png,jpeg,7,25.0,gauss5,-2.9819141702777614,0.10706010938653066
172.png,jpeg,7,25.0,median5,0.04313910748784622,-0.04057684561698949
172.png,jpeg,8,15.0,gauss5,-1.792150774793278,0.9097461280069723
172.png,jpeg,8,15.0,median5,0.4958005438578752,0.8394498404283084
172.png,jpeg,9,5.0,gauss5,-0.07712837523063598,1.3399166614588616
172.png,jpeg,9,5.0,median5,0.3251941044377311,0.98929930610106
172.png,blur,0,1.0,gauss5,,
172.png,blur,0,1.0,median5,,
172.png,blur,1,5.0,gauss5,-1.8424056884719846,-2.0953135853857248
172.png,blur,1,5.0,median5,-0.7687012097521873,-1.8907326605025645
172.png,blur,2,9.0,gauss5,-0.7978202377225294,-0.8532533054057438
172.png,blur,2,9.0,median5,-0.19645247135753507,-0.6100012889872488
172.png,blur,3,11.0,gauss5,-0.6470630454687836,-0.6475813907528902
172.png,blur,3,11.0,median5,-0.12682539180637775,-0.43076600439709267
172.png,blur,4,15.0,gauss5,-0.44171274045076814,-0.39768709734183005
172.png,blur,4,15.0,median5,-0.06592924671472744,-0.26832775907799444
172.png,blur,5,19.0,gauss5,-0.2984749553296915,-0.2673143667184732
172.png,blur,5,19.0,median5,-0.04295901756597331,-0.18921465568020324
172.png,blur,6,21.0,gauss5,-0.2599049779718321,-0.22720705518191053
172.png,blur,6,21.0,median5,-0.03806874031299401,-0.1673103380274199
172.png,blur,7,25.0,gauss5,-0.16791642270191787,-0.14388131045772923
172.png,blur,7,25.0,median5,-0.02724919601693898,-0.12442770796560865
172.png,blur,8,29.0,gauss5,-0.12374675481085617,-0.10398039720012875
172.png,blur,8,29.0,median5,-0.021075826275129828,-0.09516756256575576
172.png,blur,9,31.0,gauss5,-0.10079203298014505,-0.08628850842172398
172.png,blur,9,31.0,median5,-0.018189247586331447,-0.08390132724508348
173.png,poisson,0,1.0,gauss5,6.626294980030789,6.595433434906276
173.png,poisson,0,1.0,median5,6.061261500006861,4.981176297179736
173.png,poisson,1,0.8944444444444445,gauss5,6.925328581749792,6.921386719038278
173.png,poisson,1,0.8944444444444445,median5,6.3465853658818965,5.406038378390402
173.png,poisson,2,0.7888888888888889,gauss5,7.272956070683492,7.086894057943432
173.png,poisson,2,0.7888888888888889,median5,6.744979538708662,5.611826899362107
173.png,poisson,3,0.6833333333333333,gauss5,7.6035886265703425,7.44068050959882
173.png,poisson,3,0.6833333333333333,median5,7.128690940656561,5.994135379149498
173.png,poisson,4,0.5777777777777777,gauss5,8.01208144982579,7.748263002174664
173.png,poisson,4,0.5777777777777777,median5,7.570068507379343,6.510401974543608
173.png,poisson,5,0.4722222222222222,gauss5,8.462197167947224,8.419917291044033
173.png,poisson,5,0.4722222222222222,median5,8.084311484851455,7.399308128186906
173.png,poisson,6,0.3666666666666667,gauss5,8.865819178297702,8.810361153905447
173.png,poisson,6,0.3666666666666667,median5,8.594361807394254,7.950468325966455
173.png,poisson,7,0.26111111111111107,gauss5,9.41824914609262,9.33479921241672
173.png,poisson,7,0.26111111111111107,median5,9.216859361146007,8.69249132740979
173.png,poisson,8,0.15555555555555556,gauss5,9.990903521006715,9.74093302715617
173.png,poisson,8,0.15555555555555556,median5,9.870722455865199,9.399151875084684
173.png,poisson,9,0.05,gauss5,10.595574421556107,11.037751474071097
173.png,poisson,9,0.05,median5,9.994745592474152,10.36318482163044
173.png,jpeg,0,95.0,gauss5,-8.066179294805153,-7.522624224233262
173.png,jpeg,0,95.0,median5,-8.88266127914585,-9.34971399002928
173.png,jpeg,1,85.0,gauss5,-3.7891509753650965,-3.147998845891344
173.png,jpeg,1,85.0,median5,-4.471539392154618,-4.881916015495527
173.png,jpeg,2,75.0,gauss5,-2.5744712627472808,-1.9751993949128206
173.png,jpeg,2,75.0,median5,-3.072952709474123,-3.551806644970526
173.png,jpeg,3,65.0,gauss5,-1.908841735485808,-1.1529368123780372
173.png,jpeg,3,65.0,median5,-2.262332520885167,-2.5306298292080456
173.png,jpeg,4,55.0,gauss5,-1.398771293604085,-0.7371709225269001
173.png,jpeg,4,55.0,median5,-1.6107466076322154,-1.982678756411353
173.png,jpeg,5,45.0,gauss5,-0.999553656467711,-0.3460786486415728
173.png,jpeg,5,45.0,median5,-1.102687564100144,-1.2893959494849625
173.png,jpeg,6,35.0,gauss5,-0.6652734243164886,0.05339427158428123
173.png,jpeg,6,35.0,median5,-0.5595992776889673,-0.7912662939671407
173.png,jpeg,7,25.0,gauss5,-0.3039311659120685,0.32758148001957466
173.png,jpeg,7,25.0,median5,-0.05951411076600266,-0.10613022829783603
173.png,jpeg,8,15.0,gauss5,0.03434538012439248,0.7604246928102398
173.png,jpeg,8,15.0,median5,0.2565422335734766,0.5278695373960076
173.png,jpeg,9,5.0,gauss5,0.5669176408483594,1.0391070236693096
173.png,jpeg,9,5.0,median5,0.310575393696638,0.599665264054984
173.png,blur,0,1.0,gauss5,,
173.png,blur,0,1.0,median5,,
173.png,blur,1,5.0,gauss5,-1.5874429194801039,-1.788322674495312
173.png,blur,1,5.0,median5,-1.5941158972203908,-1.995069551998938
173.png,blur,2,9.0,gauss5,-0.5561249575273308,-0.7188277264778549
173.png,blur,2,9.0,median5,-0.4424880173496035,-0.6531756393465145
173.png,blur,3,11.0,gauss5,-0.4054314302328521,-0.5500596183759825
173.png,blur,3,11.0,median5,-0.2897586880338707,-0.46546437632615323
173.png,blur,4,15.0,gauss5,-0.23848470849074488,-0.32786691631712017
173.png,blur,4,15.0,median5,-0.1441649812753596,-0.2639901144935486
173.png,blur,5,19.0,gauss5,-0.15130512749129466,-0.20974180820752863
173.png,blur,5,19.0,median5,-0.0848476223834318,-0.1773036785018185
173.png,blur,6,21.0,gauss5,-0.1324596965790512,-0.16784332792774137
173.png,blur,6,21.0,median5,-0.07364568501093771,-0.143791033698907
173.png,blur,7,25.0,gauss5,-0.08264598944545298,-0.11098797953880535
173.png,blur,7,25.0,median5,-0.046592251241914795,-0.10421717391356822
173.png,blur,8,29.0,gauss5,-0.06605383224172456,-0.0783617873717688
173.png,blur,8,29.0,median5,-0.03468424675595472,-0.07848724446282063
173.png,blur,9,31.0,gauss5,-0.05258478420877566,-0.06490377272271175
173.png,blur,9,31.0,median5,-0.028919173653076058,-0.06379088341170558
174.png,poisson,0,1.0,gauss5,8.739409781605179,7.052103240978553
174.png,poisson,0,1.0,median5,7.486797958700347,5.599059122765752
174.png,poisson,1,0.8944444444444445,gauss5,8.866407763205466,7.364231719902357
174.png,poisson,1,0.8944444444444445,median5,7.665572690787698,5.806719845176019
174.png,poisson,2,0.7888888888888889,gauss5,9.094539355622157,7.713577355908612
174.png,poisson,2,0.7888888888888889,median5,7.980133091565104,6.181100265863293
174.png,poisson,3,0.6833333333333333,gauss5,9.358643859029868,8.00143790276261
174.png,poisson,3,0.6833333333333333,median5,8.364508459288878,6.662514365687862
174.png,poisson,4,0.5777777777777777,gauss5,9.6044853142837,8.365319622705485
174.png,poisson,4,0.5777777777777777,median5,8.736023211053926,6.998230165971989
174.png,poisson,5,0.4722222222222222,gauss5,9.828913391060482,8.739542301920398
174.png,poisson,5,0.4722222222222222,median5,9.13704160952323,7.681509518021816
174.png,poisson,6,0.3666666666666667,gauss5,10.145678868708195,9.277406529810658
174.png,poisson,6,0.3666666666666667,median5,9.550911487359436,8.121974446626144
174.png,poisson,7,0.26111111111111107,gauss5,10.438154404329651,9.614903461743541
174.png,poisson,7,0.26111111111111107,median5,10.034238294552306,8.785158111621211
174.png,poisson,8,0.15555555555555556,gauss5,10.734426891125612,10.129344671475081
174.png,poisson,8,0.15555555555555556,median5,10.591734382923303,9.59359771088764
174.png,poisson,9,0.05,gauss5,11.05341668075144,11.001672544391596
174.png,poisson,9,0.05,median5,10.483689763122996,10.484046837755152
174.png,jpeg,0,95.0,gauss5,-7.01271861163918,-8.072407257579819
174.png,jpeg,0,95.0,median5,-9.456254489569623,-9.14537067891716
174.png,jpeg,1,85.0,gauss5,-3.16716982462156,-3.8738779794321943
174.png,jpeg,1,85.0,median5,-5.372831962789093,-4.893560271821201
174.png,jpeg,2,75.0,gauss5,-1.7860244876778424,-2.4122784014561205
174.png,jpeg,2,75.0,median5,-3.7383885253655507,-3.3254600726486387
174.png,jpeg,3,65.0,gauss5,-1.0081246216857167,-1.6296848960712182
174.png,jpeg,3,65.0,median5,-2.7132071412262846,-2.419605838792606
174.png,jpeg,4,55.0,gauss5,-0.47693633619326903,-1.048345692040698
174.png,jpeg,4,55.0,median5,-1.936854444054461,-1.7598769020403395
174.png,jpeg,5,45.0,gauss5,-0.12362563477007171,-0.6519193571323783
174.png,jpeg,5,45.0,median5,-1.3407684852835828,-1.2500223793780592
174.png,jpeg,6,35.0,gauss5,0.20087278979799095,-0.23018509605674353
174.png,jpeg,6,35.0,median5,-0.7385361663068934,-0.6991463535851707
174.png,jpeg,7,25.0,gauss5,0.49243418304759246,0.34442557898880466
174.png,jpeg,7,25.0,median5,-0.11774742446272057,-0.0025171441283973195
174.png,jpeg,8,15.0,gauss5,0.6779090257924949,0.9311425361657513
174.png,jpeg,8,15.0,median5,0.3367562577326524,0.7612953746704321
174.png,jpeg,9,5.0,gauss5,0.8059205731220693,1.6407731187197
174.png,jpeg,9,5.0,median5,0.32564174278542524,1.2523868884584672
174.png,blur,0,1.0,gauss5,,
174.png,blur,0,1.0,median5,,
174.png,blur,1,5.0,gauss5,-2.143880863860254,-2.3356911723137443
174.png,blur,1,5.0,median5,-2.6943381181133645,-1.9637975830423855
174.png,blur,2,9.0,gauss5,-0.7122227665437677,-0.9105013086575724
174.png,blur,2,9.0,median5,-0.7810225753201294,-0.5680238431761211
174.png,blur,3,11.0,gauss5,-0.48438598228106855,-0.6783737865254622
174.png,blur,3,11.0,median5,-0.4996324166970183,-0.39106037430799745
174.png,blur,4,15.0,gauss5,-0.2507798487088948,-0.40163078216158965
174.png,blur,4,15.0,median5,-0.2382018322929511,-0.22488482589396241
174.png,blur,5,19.0,gauss5,-0.14499588195182156,-0.2634838933091501
174.png,blur,5,19.0,median5,-0.13384092521852153,-0.1540128209761633
174.png,blur,6,21.0,gauss5,-0.12159336636794649,-0.22890674266995248
174.png,blur,6,21.0,median5,-0.11296961240390146,-0.13409355395004496
174.png,blur,7,25.0,gauss5,-0.07605198635621235,-0.15619437331688601
174.png,blur,7,25.0,median5,-0.07397301689851332,-0.10391841460905127
174.png,blur,8,29.0,gauss5,-0.05225645134298418,-0.11441434672524409
174.png,blur,8,29.0,median5,-0.05310550849060647,-0.07983951885886853
174.png,blur,9,31.0,gauss5,-0.04315432266813701,-0.09897875838018422
174.png,blur,9,31.0,median5,-0.0443326564847375,-0.07113580146084075
175.png,poisson,0,1.0,gauss5,7.3399823078768165,7.275660215139499
175.png,poisson,0,1.0,median5,6.913652867622751,5.83709718975398
175.png,poisson,1,0.8944444444444445,gauss5,7.619041352754643,7.275216381999005
175.png,poisson,1,0.8944444444444445,median5,7.165781384082308,6.002735855472434
175.png,poisson,2,0.7888888888888889,gauss5,7.888710207780527,7.8134597884421915
175.png,poisson,2,0.7888888888888889,median5,7.4961483684777335,6.442879138730913
175.png,poisson,3,0.6833333333333333,gauss5,8.186115328043766,8.001068316656134
175.png,poisson,3,0.6833333333333333,median5,7.856960655802606,6.604126729912341
175.png,poisson,4,0.5777777777777777,gauss5,8.529202862887033,8.72175716687969
175.png,poisson,4,0.5777777777777777,median5,8.260871239952436,7.40276747023055
175.png,poisson,5,0.4722222222222222,gauss5,8.859232517014238,8.774097906975722
175.png,poisson,5,0.4722222222222222,median5,8.667574397614704,7.798018370331757
175.png,poisson,6,0.3666666666666667,gauss5,9.23416805226353,9.293882318379033
175.png,poisson,6,0.3666666666666667,median5,9.130005553533099,8.331117364682314
175.png,poisson,7,0.26111111111111107,gauss5,9.665994114045557,9.877671268873424
175.png,poisson,7,0.26111111111111107,median5,9.672419350651495,9.249671486666472
175.png,poisson,8,0.15555555555555556,gauss5,10.147926841371874,10.338902265763583
175.png,poisson,8,0.15555555555555556,median5,10.247568488060296,10.00678823603566
175.png,poisson,9,0.05,gauss5,10.347483658050496,10.782968132050527
175.png,poisson,9,0.05,median5,10.062798335586145,9.959657683975308
175.png,jpeg,0,95.0,gauss5,-7.7624486716896115,-7.975869772273946
175.png,jpeg,0,95.0,median5,-8.545863716742012,-9.450090987136718
175.png,jpeg,1,85.0,gauss5,-3.6621913977604237,-4.0240721748529324
175.png,jpeg,1,85.0,median5,-4.308360196950694,-5.399920381119358
175.png,jpeg,2,75.0,gauss5,-2.4867801211619565,-2.730372817218907
175.png,jpeg,2,75.0,median5,-2.942487409334113,-4.008495988972015
175.png,jpeg,3,65.0,gauss5,-1.8168669236998838,-2.0067291961746463
175.png,jpeg,3,65.0,median5,-2.1256753034932245,-3.1153759303050776
175.png,jpeg,4,55.0,gauss5,-1.3218955528644756,-1.3445529560323735
175.png,jpeg,4,55.0,median5,-1.4759758392901077,-2.3207613128006344
175.png,jpeg,5,45.0,gauss5,-1.0029656064960122,-0.995990721671582
175.png,jpeg,5,45.0,median5,-1.009797884179818,-1.7639467319085753
175.png,jpeg,6,35.0,gauss5,-0.6999059816828677,-0.5166837454050892
175.png,jpeg,6,35.0,median5,-0.5370685057729219,-1.1557334759426254
175.png,jpeg,7,25.0,gauss5,-0.38105238505620065,0.06838486728532445
175.png,jpeg,7,25.0,median5,-0.09150769503725797,-0.4369205788236883
175.png,jpeg,8,15.0,gauss5,-0.046065470121959606,0.7027553836572764
175.png,jpeg,8,15.0,median5,0.20967263167169392,0.39793564934906556
175.png,jpeg,9,5.0,gauss5,0.559246537949651,1.2517058767042215
175.png,jpeg,9,5.0,median5,0.28375963089837697,1.0169756659824287
175.png,blur,0,1.0,gauss5,,
175.png,blur,0,1.0,median5,,
175.png,blur,1,5.0,gauss5,-1.8059303603297678,-2.326965025425274
175.png,blur,1,5.0,median5,-1.6103893109224998,-2.319121832002267
175.png,blur,2,9.0,gauss5,-0.671734067424488,-0.9425386150221726
175.png,blur,2,9.0,median5,-0.43302247564345464,-0.7952381981865102
175.png,blur,3,11.0,gauss5,-0.496656133311852,-0.696426772233778
175.png,blur,3,11.0,median5,-0.28750985066870527,-0.574477935326577
175.png,blur,4,15.0,gauss5,-0.3003518332881505,-0.4137003982078227
175.png,blur,4,15.0,median5,-0.14426700257653025,-0.3342942775011295
175.png,blur,5,19.0,gauss5,-0.20005130770351798,-0.25835208897770556
175.png,blur,5,19.0,median5,-0.08445660248427345,-0.20959410818693058
175.png,blur,6,21.0,gauss5,-0.17422622312345126,-0.22359038620319893
175.png,blur,6,21.0,median5,-0.07352795774418297,-0.17339637585448742
175.png,blur,7,25.0,gauss5,-0.11540258948233273,-0.14694538246267186
175.png,blur,7,25.0,median5,-0.04577395533580386,-0.12321240567332481
175.png,blur,8,29.0,gauss5,-0.08944623614023328,-0.1074200268522496
175.png,blur,8,29.0,median5,-0.03476562470374489,-0.08376690627553884
175.png,blur,9,31.0,gauss5,-0.07264844222472533,-0.08451364029037123
175.png,blur,9,31.0,median5,-0.02788122943037763,-0.0686232772674984
176.png,poisson,0,1.0,gauss5,7.716601339327404,5.477352911727561
176.png,poisson,0,1.0,median5,6.539877731646264,4.29989922379681
176.png,poisson,1,0.8944444444444445,gauss5,7.957656863997379,6.024524937697663
176.png,poisson,1,0.8944444444444445,median5,6.843839410300916,4.787513160584595
176.png,poisson,2,0.7888888888888889,gauss5,8.23119346011114,6.371556340840016
176.png,poisson,2,0.7888888888888889,median5,7.170289599400139,5.083717070298885
176.png,poisson,3,0.6833333333333333,gauss5,8.551219519893436,6.834421193249987
176.png,poisson,3,0.6833333333333333,median5,7.574979853238169,5.65571655137088
176.png,poisson,4,0.5777777777777777,gauss5,8.858872654592599,7.390608828817797
176.png,poisson,4,0.5777777777777777,median5,8.021906096384438,6.163289874388926
176.png,poisson,5,0.4722222222222222,gauss5,9.212242413601551,7.642626832856472
176.png,poisson,5,0.4722222222222222,median5,8.453237474936053,6.4179231476013
176.png,poisson,6,0.3666666666666667,gauss5,9.58546743878307,8.492590105131953
176.png,poisson,6,0.3666666666666667,median5,9.012131724370082,7.397743225746382
176.png,poisson,7,0.26111111111111107,gauss5,9.989702525129609,8.922131999606709
176.png,poisson,7,0.26111111111111107,median5,9.574026608286374,8.077623633800723
176.png,poisson,8,0.15555555555555556,gauss5,10.438400285040288,9.751681326800426
176.png,poisson,8,0.15555555555555556,median5,10.189415734763802,8.947902394692068
176.png,poisson,9,0.05,gauss5,10.970874711747486,10.710857262470268
176.png,poisson,9,0.05,median5,10.297586323578331,9.970671747288373
176.png,jpeg,0,95.0,gauss5,-6.7105370574395025,-8.733097012211054
176.png,jpeg,0,95.0,median5,-8.679449251212176,-9.215085074925128
176.png,jpeg,1,85.0,gauss5,-2.620025679444197,-4.123489761370756
176.png,jpeg,1,85.0,median5,-4.414836744497222,-4.593103952887262
176.png,jpeg,2,75.0,gauss5,-1.4626993639196044,-2.804344703782867
176.png,jpeg,2,75.0,median5,-3.0239952952678877,-3.153280656467132
176.png,jpeg,3,65.0,gauss5,-0.8359394636825215,-2.0641914651622812
176.png,jpeg,3,65.0,median5,-2.1911774018809282,-2.3879210971389995
176.png,jpeg,4,55.0,gauss5,-0.40116111107300867,-1.5061583270873697
176.png,jpeg,4,55.0,median5,-1.537300730989699,-1.7769141915909614
176.png,jpeg,5,45.0,gauss5,-0.11525511777804809,-1.1440570687426401
176.png,jpeg,5,45.0,median5,-1.032159627589749,-1.2793749860732575
176.png,jpeg,6,35.0,gauss5,0.13793806178190948,-0.663569451565607
176.png,jpeg,6,35.0,median5,-0.5225009572553461,-0.7288928399135273
176.png,jpeg,7,25.0,gauss5,0.3329781243334793,-0.07294288252919756
176.png,jpeg,7,25.0,median5,-0.047238258325833726,-0.12900936782119743
176.png,jpeg,8,15.0,gauss5,0.504784260566538,0.6221797990745372
176.png,jpeg,8,15.0,median5,0.30232132640655607,0.6409578027228946
176.png,jpeg,9,5.0,gauss5,0.7443387319466659,1.3368430205558681
176.png,jpeg,9,5.0,median5,0.2550815620502398,1.096466146325735
176.png,blur,0,1.0,gauss5,,
176.png,blur,0,1.0,median5,,
176.png,blur,1,5.0,gauss5,-1.5768081858526344,-2.1343296046255773
176.png,blur,1,5.0,median5,-1.957950026393796,-1.4952391902693236
176.png,blur,2,9.0,gauss5,-0.5104682633431423,-0.8069109634135962
176.png,blur,2,9.0,median5,-0.5485508032006834,-0.4119842982269226
176.png,blur,3,11.0,gauss5,-0.35005704590318487,-0.5859856960838883
176.png,blur,3,11.0,median5,-0.3545622247789666,-0.2846747921712165
176.png,blur,4,15.0,gauss5,-0.19174893213084232,-0.37246818910769974
176.png,blur,4,15.0,median5,-0.1751056155769959,-0.17372073446863823
176.png,blur,5,19.0,gauss5,-0.11923172929495962,-0.2588103743701886
176.png,blur,5,19.0,median5,-0.10654999967149337,-0.12857714143154197
176.png,blur,6,21.0,gauss5,-0.10432874759988664,-0.23407679522250646
176.png,blur,6,21.0,median5,-0.09305060897570172,-0.11793474686485439
176.png,blur,7,25.0,gauss5,-0.06957185590560755,-0.1692557247883677
176.png,blur,7,25.0,median5,-0.06249110188679197,-0.09485213589859853
176.png,blur,8,29.0,gauss5,-0.05146790746091767,-0.12981157659808673
176.png,blur,8,29.0,median5,-0.049382641128708826,-0.08088079754100264
176.png,blur,9,31.0,gauss5,-0.04363313492892118,-0.11283672445151183
176.png,blur,9,31.0,median5,-0.04339537047942699,-0.07366219596546841
177.png,poisson,0,1.0,gauss5,5.149846934339688,7.096653823628927
177.png,poisson,0,1.0,median5,6.896153434629625,5.5612947421134855
177.png,poisson,1,0.8944444444444445,gauss5,5.505957511352918,7.61540939716043
177.png,poisson,1,0.8944444444444445,median5,7.098787670458464,6.139716186467343
177.png,poisson,2,0.7888888888888889,gauss5,5.850466507260588,7.864562135945814
177.png,poisson,2,0.7888888888888889,median5,7.419703569931428,6.603743453603354
177.png,poisson,3,0.6833333333333333,gauss5,6.295097783095013,8.16188186391049
177.png,poisson,3,0.6833333333333333,median5,7.760698680481099,6.771613244277319
177.png,poisson,4,0.5777777777777777,gauss5,6.7585482631099865,8.341119243644183
177.png,poisson,4,0.5777777777777777,median5,8.162483255768606,7.022851342066186
177.png,poisson,5,0.4722222222222222,gauss5,7.245444018720644,8.782723862301562
177.png,poisson,5,0.4722222222222222,median5,8.52262057390515,7.618848978310673
177.png,poisson,6,0.3666666666666667,gauss5,7.864324773993765,9.266649994417783
177.png,poisson,6,0.3666666666666667,median5,8.992953275039092,8.275820691740329
177.png,poisson,7,0.26111111111111107,gauss5,8.559791883538313,9.79407210178627
177.png,poisson,7,0.26111111111111107,median5,9.489056166319148,8.84388358613807
177.png,poisson,8,0.15555555555555556,gauss5,9.280860773535252,10.225443119920612
177.png,poisson,8,0.15555555555555556,median5,9.906486276559459,9.755592559170012
177.png,poisson,9,0.05,gauss5,10.032334137715662,10.802851260121631
177.png,poisson,9,0.05,median5,9.87128936255072,10.181954125051714
177.png,jpeg,0,95.0,gauss5,-11.453026690982675,-8.872446987301004
177.png,jpeg,0,95.0,median5,-8.639380929533651,-9.744358773160123
177.png,jpeg,1,85.0,gauss5,-7.468303204857236,-4.793580313768423
177.png,jpeg,1,85.0,median5,-4.586121173437554,-5.628947867840054
177.png,jpeg,2,75.0,gauss5,-6.157831216180533,-3.442867856923286
177.png,jpeg,2,75.0,median5,-3.1793433214162974,-4.219154922258937
177.png,jpeg,3,65.0,gauss5,-5.358426020367872,-2.658479619163785
177.png,jpeg,3,65.0,median5,-2.3619475168532134,-3.3556947971984528
177.png,jpeg,4,55.0,gauss5,-4.70074586460801,-1.9119051336908583
177.png,jpeg,4,55.0,median5,-1.691965139767099,-2.614652125823646
177.png,jpeg,5,45.0,gauss5,-4.182682718431835,-1.3176419357189602
177.png,jpeg,5,45.0,median5,-1.175909991948913,-2.008060057125242
177.png,jpeg,6,35.0,gauss5,-3.586197430677764,-0.858250665238522
177.png,jpeg,6,35.0,median5,-0.6529120888000364,-1.3179888122144874
177.png,jpeg,7,25.0,gauss5,-2.9046685744376965,-0.09415217534119336
177.png,jpeg,7,25.0,median5,-0.10906768268203848,-0.4576985526898625
177.png,jpeg,8,15.0,gauss5,-1.9340806646723294,0.8328674976300725
177.png,jpeg,8,15.0,median5,0.30421444897893934,0.5489597810992102
177.png,jpeg,9,5.0,gauss5,-0.23231159625882825,1.6421325479879059
177.png,jpeg,9,5.0,median5,0.4631929817837346,1.3164834935118037
177.png,blur,0,1.0,gauss5,,
177.png,blur,0,1.0,median5,,
177.png,blur,1,5.0,gauss5,-2.347057990318266,-2.8747156510691454
177.png,blur,1,5.0,median5,-0.8745386622492148,-2.676997894494967
177.png,blur,2,9.0,gauss5,-0.8590502031312752,-1.2106245021399502
177.png,blur,2,9.0,median5,-0.2288400431530455,-1.1124627629223909
177.png,blur,3,11.0,gauss5,-0.5897083412381363,-0.8977197137901562
177.png,blur,3,11.0,median5,-0.15655160827272852,-0.843158440338005
177.png,blur,4,15.0,gauss5,-0.3049127252078492,-0.5387414787076068
177.png,blur,4,15.0,median5,-0.08998025342606297,-0.5182152557065152
177.png,blur,5,19.0,gauss5,-0.18674663095572086,-0.34488719107747556
177.png,blur,5,19.0,median5,-0.05951706884187047,-0.33959302968409233
177.png,blur,6,21.0,gauss5,-0.16550869509403654,-0.2844834388214643
177.png,blur,6,21.0,median5,-0.05216294066906002,-0.27635808205478796
177.png,blur,7,25.0,gauss5,-0.11278010060961918,-0.18551792161641245
177.png,blur,7,25.0,median5,-0.03745116084747124,-0.1868983920940792
177.png,blur,8,29.0,gauss5,-0.08411102654276092,-0.12464183304692256
177.png,blur,8,29.0,median5,-0.030493131174925026,-0.13166881953975107
177.png,blur,9,31.0,gauss5,-0.07534117734421031,-0.10153673003253871
177.png,blur,9,31.0,median5,-0.026736085902758333,-0.10844367435761271
178.png,poisson,0,1.0,gauss5,8.945679034359607,8.379543462761074
178.png,poisson,0,1.0,median5,8.774717263843662,6.741517702221639
178.png,poisson,1,0.8944444444444445,gauss5,9.022404328055128,9.019789086892686
178.png,poisson,1,0.8944444444444445,median5,8.800776507192563,7.466745532850311
178.png,poisson,2,0.7888888888888889,gauss5,9.271218823529157,9.08246219728586
178.png,poisson,2,0.7888888888888889,median5,9.09726241551314,7.6659120042575175
178.png,poisson,3,0.6833333333333333,gauss5,9.463742897206725,9.468577544460462
178.png,poisson,3,0.6833333333333333,median5,9.303094167662803,8.15482042756879
178.png,poisson,4,0.5777777777777777,gauss5,9.669293829844381,9.99357228615225
178.png,poisson,4,0.5777777777777777,median5,9.600679260063988,8.688803230173797
178.png,poisson,5,0.4722222222222222,gauss5,9.881530327697682,9.841512012525637
178.png,poisson,5,0.4722222222222222,median5,9.77696834800527,8.842520242892366
178.png,poisson,6,0.3666666666666667,gauss5,10.126909861182277,10.119067124011583
178.png,poisson,6,0.3666666666666667,median5,10.120100646022827,9.185145246947204
178.png,poisson,7,0.26111111111111107,gauss5,10.360539758185112,10.298267855834652
178.png,poisson,7,0.26111111111111107,median5,10.367348087843084,9.680399780766201
178.png,poisson,8,0.15555555555555556,gauss5,10.628438040311341,10.679293618756084
178.png,poisson,8,0.15555555555555556,median5,10.706924043529249,10.376061907219182
178.png,poisson,9,0.05,gauss5,10.65823576633308,11.259066847105432
178.png,poisson,9,0.05,median5,10.227160619307051,10.401984391339179
178.png,jpeg,0,95.0,gauss5,-6.534241995281718,-6.247997770046787
178.png,jpeg,0,95.0,median5,-6.52674897623497,-7.654711257751899
178.png,jpeg,1,85.0,gauss5,-3.903558642519684,-3.4535212874809034
178.png,jpeg,1,85.0,median5,-3.7168310177417894,-4.800754319024286
178.png,jpeg,2,75.0,gauss5,-2.655242942440161,-2.142451012964493
178.png,jpeg,2,75.0,median5,-2.325531184441907,-3.3775615125654
178.png,jpeg,3,65.0,gauss5,-1.9328470869086658,-1.3296195585716504
178.png,jpeg,3,65.0,median5,-1.5301933921650175,-2.4521959030641938
178.png,jpeg,4,55.0,gauss5,-1.380682191032058,-0.6530993634370077
178.png,jpeg,4,55.0,median5,-0.9285063296618645,-1.6642899747880904
178.png,jpeg,5,45.0,gauss5,-0.9791599399784658,-0.1474551395011403
178.png,jpeg,5,45.0,median5,-0.5067590222037737,-1.1658807865680743
178.png,jpeg,6,35.0,gauss5,-0.527196088035943,0.35076544973448875
178.png,jpeg,6,35.0,median5,-0.10812166374023491,-0.5167138102764355
178.png,jpeg,7,25.0,gauss5,0.012984038663155673,0.7918574829814702
178.png,jpeg,7,25.0,median5,0.34872061470649385,0.12124303644800705
178.png,jpeg,8,15.0,gauss5,0.6031419978449293,1.6055157376217721
178.png,jpeg,8,15.0,median5,0.7145718422655065,1.116122248958348
178.png,jpeg,9,5.0,gauss5,0.9290646066288453,1.8062498572714638
178.png,jpeg,9,5.0,median5,0.49738762760845745,1.2120695676188866
178.png,blur,0,1.0,gauss5,,
178.png,blur,0,1.0,median5,,
178.png,blur,1,5.0,gauss5,-3.3383719256915043,-3.492022112668373
178.png,blur,1,5.0,median5,-2.146839249859262,-3.4238208576877867
178.png,blur,2,9.0,gauss5,-1.5391536377609967,-1.5548650076476065
178.png,blur,2,9.0,median5,-0.6339531910103489,-1.4225091464353383
178.png,blur,3,11.0,gauss5,-1.153693234879583,-1.1487844030721561
178.png,blur,3,11.0,median5,-0.41919864338508717,-1.0314749025321959
178.png,blur,4,15.0,gauss5,-0.6809037209198188,-0.66442229797374
178.png,blur,4,15.0,median5,-0.20563062332940873,-0.5894051914001004
178.png,blur,5,19.0,gauss5,-0.42808210151863335,-0.40900801063691716
178.png,blur,5,19.0,median5,-0.11740057194809594,-0.3478883434501512
178.png,blur,6,21.0,gauss5,-0.3558000500382086,-0.3299603185954858
178.png,blur,6,21.0,median5,-0.09469568058340982,-0.29085186974218047
178.png,blur,7,25.0,gauss5,-0.23825626679008494,-0.2143898877810777
178.png,blur,7,25.0,median5,-0.06088925484106156,-0.18888631596855276
178.png,blur,8,29.0,gauss5,-0.16508652596812468,-0.13633695824841396
178.png,blur,8,29.0,median5,-0.041857465370036095,-0.12955834352402462
178.png,blur,9,31.0,gauss5,-0.13831183702255245,-0.11303233602538043
178.png,blur,9,31.0,median5,-0.035312609584376986,-0.1042503966398769
179.png,poisson,0,1.0,gauss5,10.2500355736777,10.096349165879552
179.png,poisson,0,1.0,median5,10.255502284293627,9.75168653398871
179.png,poisson,1,0.8944444444444445,gauss5,10.334938118256936,10.43575588499354
179.png,poisson,1,0.8944444444444445,median5,10.254474324366178,9.964156845843696
179.png,poisson,2,0.7888888888888889,gauss5,10.381385454244676,10.606583387368993
179.png,poisson,2,0.7888888888888889,median5,10.449953830138544,10.318673602635947
179.png,poisson,3,0.6833333333333333,gauss5,10.472165403749642,10.410713085221673
179.png,poisson,3,0.6833333333333333,median5,10.579477590814776,10.188332432026925
179.png,poisson,4,0.5777777777777777,gauss5,10.549558213662209,10.786886467203772
179.png,poisson,4,0.5777777777777777,median5,10.671204401081823,10.684230805252568
179.png,poisson,5,0.4722222222222222,gauss5,10.64758169450198,10.633801802376219
179.png,poisson,5,0.4722222222222222,median5,10.866935437801658,10.6024386987037
179.png,poisson,6,0.3666666666666667,gauss5,10.739622697254816,10.95102221145838
179.png,poisson,6,0.3666666666666667,median5,10.981296349035567,10.761708439074539
179.png,poisson,7,0.26111111111111107,gauss5,10.84067722988356,11.043184668535137
179.png,poisson,7,0.26111111111111107,median5,11.141468708287356,11.301222784406026
179.png,poisson,8,0.15555555555555556,gauss5,10.91499987743481,11.049951433227921
179.png,poisson,8,0.15555555555555556,median5,11.179257884164699,11.233724820895826
179.png,poisson,9,0.05,gauss5,10.920613581322081,11.335245109966149
179.png,poisson,9,0.05,median5,10.451168766646811,10.716675257696004
179.png,jpeg,0,95.0,gauss5,-4.381227220932914,-3.9686670201412255
179.png,jpeg,0,95.0,median5,-5.50513832498595,-5.5138418565587415
179.png,jpeg,1,85.0,gauss5,-1.8787186470533968,-1.4134207572750697
179.png,jpeg,1,85.0,median5,-2.6820966713973817,-2.73467447119031
179.png,jpeg,2,75.0,gauss5,-0.747798989951626,-0.31409872289446383
179.png,jpeg,2,75.0,median5,-1.264223820073937,-1.3648141199922605
179.png,jpeg,3,65.0,gauss5,-0.22556485676535232,0.3068590411314105
179.png,jpeg,3,65.0,median5,-0.5172915194405121,-0.5465321832516778
179.png,jpeg,4,55.0,gauss5,0.1461800094796999,0.7541658800542876
179.png,jpeg,4,55.0,median5,-0.002393242083826408,0.026232380845712555
179.png,jpeg,5,45.0,gauss5,0.3484966162830432,0.9807232391770455
179.png,jpeg,5,45.0,median5,0.28313546842038306,0.39832442369006316
179.png,jpeg,6,35.0,gauss5,0.5714988084093662,1.2077040830134678
179.png,jpeg,6,35.0,median5,0.5540937995589701,0.8257440914801251
179.png,jpeg,7,25.0,gauss5,0.7698897823761683,1.446129327232363
179.png,jpeg,7,25.0,median5,0.7423094867788222,1.0415956743353973
179.png,jpeg,8,15.0,gauss5,1.012124303137945,1.7416239887063938
179.png,jpeg,8,15.0,median5,0.7510006252604384,1.3816549599665535
179.png,jpeg,9,5.0,gauss5,1.0137695600870522,1.8104575238134402
179.png,jpeg,9,5.0,median5,0.33546955271646084,0.8853076021877015
179.png,blur,0,1.0,gauss5,,
179.png,blur,0,1.0,median5,,
179.png,blur,1,5.0,gauss5,-2.613888516790823,-2.772749833866442
179.png,blur,1,5.0,median5,-2.4422304176136933,-2.7241478381538613
179.png,blur,2,9.0,gauss5,-1.153727850371368,-1.3405038646356076
179.png,blur,2,9.0,median5,-0.7983338904084576,-1.0463356722716313
179.png,blur,3,11.0,gauss5,-0.8798269713458566,-1.0222807500254376
179.png,blur,3,11.0,median5,-0.5478480951917106,-0.7710097985143065
179.png,blur,4,15.0,gauss5,-0.55221400696378,-0.6420093878193995
179.png,blur,4,15.0,median5,-0.2912717563171512,-0.4756313886280381
179.png,blur,5,19.0,gauss5,-0.3684867833411971,-0.4285986602341083
179.png,blur,5,19.0,median5,-0.17513965494696038,-0.31149350539023146
179.png,blur,6,21.0,gauss5,-0.31051426792936354,-0.3496838623163683
179.png,blur,6,21.0,median5,-0.14606340254169226,-0.272855554362863
179.png,blur,7,25.0,gauss5,-0.21569213330292314,-0.2410643099350409
179.png,blur,7,25.0,median5,-0.10050496311124135,-0.1931297349159138
179.png,blur,8,29.0,gauss5,-0.1586960086549567,-0.16833124244897846
179.png,blur,8,29.0,median5,-0.07077821699951414,-0.1385065135001078
179.png,blur,9,31.0,gauss5,-0.1333761569487315,-0.1469181064269982
179.png,blur,9,31.0,median5,-0.060240756992165245,-0.12154802937648412
18.png,poisson,0,1.0,gauss5,1.9772375394673922,6.918050192098917
18.png,poisson,0,1.0,median5,6.707578487537834,5.352871113380942
18.png,poisson,1,0.8944444444444445,gauss5,2.3677894788557907,7.146864902469666
18.png,poisson,1,0.8944444444444445,median5,6.917450699314077,5.743306379322128
18.png,poisson,2,0.7888888888888889,gauss5,2.811826417664502,7.670689135699472
18.png,poisson,2,0.7888888888888889,median5,7.241950991181426,6.2562363712273985
18.png,poisson,3,0.6833333333333333,gauss5,3.262713126340582,7.869048893612014
18.png,poisson,3,0.6833333333333333,median5,7.544586072257363,6.536532928689926
18.png,poisson,4,0.5777777777777777,gauss5,3.8276592768314437,8.300746667715948
18.png,poisson,4,0.5777777777777777,median5,7.913841642205785,7.0946308537953975
18.png,poisson,5,0.4722222222222222,gauss5,4.420800739333494,8.665861706976806
18.png,poisson,5,0.4722222222222222,median5,8.321648847495187,7.634498031901714
18.png,poisson,6,0.3666666666666667,gauss5,5.148368221711806,9.418650040936203
18.png,poisson,6,0.3666666666666667,median5,8.731505919195925,8.289698086511859
18.png,poisson,7,0.26111111111111107,gauss5,6.021477662682987,9.57015977127357
18.png,poisson,7,0.26111111111111107,median5,9.232883610508075,8.915244302591201
18.png,poisson,8,0.15555555555555556,gauss5,7.044344784339618,10.11949250485937
18.png,poisson,8,0.15555555555555556,median5,9.640588039190803,9.741977034430551
18.png,poisson,9,0.05,gauss5,8.097648399211817,10.720554534539279
18.png,poisson,9,0.05,median5,9.437291831466265,10.295680823632427
18.png,jpeg,0,95.0,gauss5,-15.453517338875127,-7.598112604539573
18.png,jpeg,0,95.0,median5,-9.147735125351595,-9.49799051529574
18.png,jpeg,1,85.0,gauss5,-11.235584341223792,-3.236256591647546
18.png,jpeg,1,85.0,median5,-4.890162824119315,-5.030702733569939
18.png,jpeg,2,75.0,gauss5,-9.818589096531838,-2.1588831802436133
18.png,jpeg,2,75.0,median5,-3.444682690138812,-3.7845425673883497
18.png,jpeg,3,65.0,gauss5,-8.971431655731443,-1.448856386171748
18.png,jpeg,3,65.0,median5,-2.5870315184562074,-2.887395119868991
18.png,jpeg,4,55.0,gauss5,-8.270113312633665,-0.8247593241503779
18.png,jpeg,4,55.0,median5,-1.890991784079766,-2.081027652891308
18.png,jpeg,5,45.0,gauss5,-7.640890029631002,-0.47215777051903274
18.png,jpeg,5,45.0,median5,-1.3210617244784544,-1.5434501406613634
18.png,jpeg,6,35.0,gauss5,-6.874780577802081,-0.10500044983328394
18.png,jpeg,6,35.0,median5,-0.7290090717922766,-1.022836837580357
18.png,jpeg,7,25.0,gauss5,-6.035720813792846,0.22172710251661698
18.png,jpeg,7,25.0,median5,-0.17375240578758877,-0.4116435261055926
18.png,jpeg,8,15.0,gauss5,-4.68845134801278,0.6178161909378375
18.png,jpeg,8,15.0,median5,0.463962123927665,0.2555799371733798
18.png,jpeg,9,5.0,gauss5,-1.7769110112463977,1.218769550407007
18.png,jpeg,9,5.0,median5,0.6343443931821433,0.8078549138477769
18.png,blur,0,1.0,gauss5,,
18.png,blur,0,1.0,median5,,
18.png,blur,1,5.0,gauss5,-1.5054540800313845,-1.9313950697803293
18.png,blur,1,5.0,median5,-0.5205341751572377,-2.2505245499997386
18.png,blur,2,9.0,gauss5,-0.5069178000848602,-0.7725963309195123
18.png,blur,2,9.0,median5,-0.2003803133287505,-0.7842167329887673
18.png,blur,3,11.0,gauss5,-0.36889644276994815,-0.5764540862821548
18.png,blur,3,11.0,median5,-0.1504022016176485,-0.5799888754411704
18.png,blur,4,15.0,gauss5,-0.2004076152857941,-0.35849770873119624
18.png,blur,4,15.0,median5,-0.09074541975147454,-0.34634899829107724
18.png,blur,5,19.0,gauss5,-0.11696234483744661,-0.22741749167770564
18.png,blur,5,19.0,median5,-0.059317203559896114,-0.22902590395483813
18.png,blur,6,21.0,gauss5,-0.10842800079542769,-0.20084023970278864
18.png,blur,6,21.0,median5,-0.05345694137001544,-0.20351891218027163
18.png,blur,7,25.0,gauss5,-0.043153783423861114,-0.1353721528211551
18.png,blur,7,25.0,median5,-0.03004184297789081,-0.1470456100366455
18.png,blur,8,29.0,gauss5,-0.05170367946144694,-0.09212866709007272
18.png,blur,8,29.0,median5,-0.0284528187838049,-0.10235371924492398
18.png,blur,9,31.0,gauss5,-0.02944500538132644,-0.07754076860243231
18.png,blur,9,31.0,median5,-0.02147531339131703,-0.08924835336025438
180.png,poisson,0,1.0,gauss5,6.6963001289016475,5.700634224561
180.png,poisson,0,1.0,median5,5.965210566119033,3.993894253438299
180.png,poisson,1,0.8944444444444445,gauss5,6.983006598005986,6.068926826195391
180.png,poisson,1,0.8944444444444445,median5,6.239895789001828,4.525334478184707
180.png,poisson,2,0.7888888888888889,gauss5,7.281195503240344,6.512065282188885
180.png,poisson,2,0.7888888888888889,median5,6.548999576688512,4.953555311697443
180.png,poisson,3,0.6833333333333333,gauss5,7.6802915194433155,7.043760293381908
180.png,poisson,3,0.6833333333333333,median5,6.993266888019733,5.326927569446227
180.png,poisson,4,0.5777777777777777,gauss5,8.019897069499752,7.36930350505974
180.png,poisson,4,0.5777777777777777,median5,7.4243912196670685,5.940894089825321
180.png,poisson,5,0.4722222222222222,gauss5,8.50419615365773,7.614482091243026
180.png,poisson,5,0.4722222222222222,median5,7.959901886908895,6.177451833228453
180.png,poisson,6,0.3666666666666667,gauss5,8.94798950192273,8.084511087764511
180.png,poisson,6,0.3666666666666667,median5,8.491559687530764,6.83552380983194
180.png,poisson,7,0.26111111111111107,gauss5,9.508094776157087,8.896039512070153
180.png,poisson,7,0.26111111111111107,median5,9.135134884287748,7.87937102578497
180.png,poisson,8,0.15555555555555556,gauss5,10.142954373408301,9.613630208356085
180.png,poisson,8,0.15555555555555556,median5,9.904206147268155,9.043527799164874
180.png,poisson,9,0.05,gauss5,10.775216727018682,10.800940625770469
180.png,poisson,9,0.05,median5,10.168780548075548,10.082285387299727
180.png,jpeg,0,95.0,gauss5,-7.706617495178975,-7.435934276366247
180.png,jpeg,0,95.0,median5,-8.711752143496774,-9.003341022003
180.png,jpeg,1,85.0,gauss5,-3.5998761577285165,-3.09307874607466
180.png,jpeg,1,85.0,median5,-4.4579928392910375,-4.523591767780992
180.png,jpeg,2,75.0,gauss5,-2.4200914547472863,-1.9009622266284723
180.png,jpeg,2,75.0,median5,-3.0978661806658394,-3.1766187821050167
180.png,jpeg,3,65.0,gauss5,-1.782613998468399,-1.3598820071594417
180.png,jpeg,3,65.0,median5,-2.2838915406072573,-2.43122799303611
180.png,jpeg,4,55.0,gauss5,-1.2809342546097398,-0.9080245600279966
180.png,jpeg,4,55.0,median5,-1.631606935350291,-1.9070394229459922
180.png,jpeg,5,45.0,gauss5,-0.9429396859776844,-0.4815230976168223
180.png,jpeg,5,45.0,median5,-1.1473304082565505,-1.3432100574026222
180.png,jpeg,6,35.0,gauss5,-0.6161389852176029,-0.01389029527899055
180.png,jpeg,6,35.0,median5,-0.6521226921444168,-0.6974409993568784
180.png,jpeg,7,25.0,gauss5,-0.3101742607349962,0.30481995444124266
180.png,jpeg,7,25.0,median5,-0.13844790433930854,-0.10629694883182594
180.png,jpeg,8,15.0,gauss5,0.054582590716591994,0.7379316504130387
180.png,jpeg,8,15.0,median5,0.24003632454196833,0.6263099030756507
180.png,jpeg,9,5.0,gauss5,0.6711590798584197,1.5115462917131808
180.png,jpeg,9,5.0,median5,0.31092018587591497,0.899632272763597
180.png,blur,0,1.0,gauss5,,
180.png,blur,0,1.0,median5,,
180.png,blur,1,5.0,gauss5,-1.636194767597594,-1.960768253011146
180.png,blur,1,5.0,median5,-1.7199186110917282,-1.9382604502010352
180.png,blur,2,9.0,gauss5,-0.5815999305584967,-0.8488922218758432
180.png,blur,2,9.0,median5,-0.49184438802263486,-0.6276824265595877
180.png,blur,3,11.0,gauss5,-0.4283289602086455,-0.6576081220248824
180.png,blur,3,11.0,median5,-0.32458592237812667,-0.45310927954233904
180.png,blur,4,15.0,gauss5,-0.26012284483218906,-0.4375529319426512
180.png,blur,4,15.0,median5,-0.15595839898042385,-0.279663429574768
180.png,blur,5,19.0,gauss5,-0.17619144269138687,-0.302415398608165
180.png,blur,5,19.0,median5,-0.08576249481277642,-0.18733051453673966
180.png,blur,6,21.0,gauss5,-0.1570937717032912,-0.2621371949769937
180.png,blur,6,21.0,median5,-0.07380971434871597,-0.17048037460047993
180.png,blur,7,25.0,gauss5,-0.10350800031177698,-0.18057831418848025
180.png,blur,7,25.0,median5,-0.04360007961210499,-0.12063178511144557
180.png,blur,8,29.0,gauss5,-0.08270916108347848,-0.12359919308247669
180.png,blur,8,29.0,median5,-0.033712264630402444,-0.08891772138694876
180.png,blur,9,31.0,gauss5,-0.06804511700403992,-0.10437187176074403
180.png,blur,9,31.0,median5,-0.02744830278812671,-0.0851551638581931
181.png,poisson,0,1.0,gauss5,7.779367318936494,6.0953072665927905
181.png,poisson,0,1.0,median5,6.591983664390433,4.553496927964048
181.png,poisson,1,0.8944444444444445,gauss5,7.982141029473951,6.558275612695073
181.png,poisson,1,0.8944444444444445,median5,6.831004920012724,4.8757818457389455
181.png,poisson,2,0.7888888888888889,gauss5,8.269551723829608,6.914746442075334
181.png,poisson,2,0.7888888888888889,median5,7.22537922444063,5.4159230484861425
181.png,poisson,3,0.6833333333333333,gauss5,8.583264230111286,7.214414326342535
181.png,poisson,3,0.6833333333333333,median5,7.619565977242612,5.822240068919484
181.png,poisson,4,0.5777777777777777,gauss5,8.90152193139469,7.5528919612207055
181.png,poisson,4,0.5777777777777777,median5,8.05191895475074,6.281004616922058
181.png,poisson,5,0.4722222222222222,gauss5,9.245262329083694,8.140088706732733
181.png,poisson,5,0.4722222222222222,median5,8.506457041623925,6.854030354291069
181.png,poisson,6,0.3666666666666667,gauss5,9.601028260727414,8.493534059555358
181.png,poisson,6,0.3666666666666667,median5,8.992476408284567,7.466120642190312
181.png,poisson,7,0.26111111111111107,gauss5,10.04812571301155,9.132300491128458
181.png,poisson,7,0.26111111111111107,median5,9.638935055074793,8.21555078862902
181.png,poisson,8,0.15555555555555556,gauss5,10.428038032525556,9.922603802990444
181.png,poisson,8,0.15555555555555556,median5,10.197824833140501,9.220301867930914
181.png,poisson,9,0.05,gauss5,10.857689866949585,10.707768970529893
181.png,poisson,9,0.05,median5,10.232143451817727,10.312270270971096
181.png,jpeg,0,95.0,gauss5,-6.7962225038425075,-8.215059544477633
181.png,jpeg,0,95.0,median5,-8.928356174806993,-9.64889253869228
181.png,jpeg,1,85.0,gauss5,-2.5958268027323967,-3.4768705953676715
181.png,jpeg,1,85.0,median5,-4.552844113189948,-4.838324237540597
181.png,jpeg,2,75.0,gauss5,-1.4269647471366653,-2.153263521805762
181.png,jpeg,2,75.0,median5,-3.1438047645326606,-3.318207225392001
181.png,jpeg,3,65.0,gauss5,-0.7844877707668374,-1.5678502428748615
181.png,jpeg,3,65.0,median5,-2.3001498731393752,-2.668964004420559
181.png,jpeg,4,55.0,gauss5,-0.36982631149629697,-1.1124896103374908
181.png,jpeg,4,55.0,median5,-1.6298827058717933,-2.021497300311303
181.png,jpeg,5,45.0,gauss5,-0.07692433741586058,-0.7992564572775436
181.png,jpeg,5,45.0,median5,-1.1227603653028737,-1.530436010385401
181.png,jpeg,6,35.0,gauss5,0.17374101855873647,-0.3018676954789825
181.png,jpeg,6,35.0,median5,-0.6044639846234574,-1.0229899835338045
181.png,jpeg,7,25.0,gauss5,0.35160677745952285,0.13353942262757101
181.png,jpeg,7,25.0,median5,-0.10287731435758474,-0.36497589348608983
181.png,jpeg,8,15.0,gauss5,0.4426780760749054,0.4789193992135168
181.png,jpeg,8,15.0,median5,0.1991291184943904,0.2356357837069396
181.png,jpeg,9,5.0,gauss5,0.5935551848699596,1.125499490459152
181.png,jpeg,9,5.0,median5,0.14734146229828582,0.7393972365075605
181.png,blur,0,1.0,gauss5,,
181.png,blur,0,1.0,median5,,
181.png,blur,1,5.0,gauss5,-1.4880177720196741,-1.855446773193158
181.png,blur,1,5.0,median5,-2.0016780203944506,-1.7378718060926488
181.png,blur,2,9.0,gauss5,-0.4437586166242937,-0.732894027954746
181.png,blur,2,9.0,median5,-0.5552761028752116,-0.5737549436805125
181.png,blur,3,11.0,gauss5,-0.29580922863686254,-0.5471872363950894
181.png,blur,3,11.0,median5,-0.36077373684680225,-0.41317571733393166
181.png,blur,4,15.0,gauss5,-0.1459405485000218,-0.3370816913758361
181.png,blur,4,15.0,median5,-0.17233493563401225,-0.24520214727491663
181.png,blur,5,19.0,gauss5,-0.08197014428699134,-0.20949147765930576
181.png,blur,5,19.0,median5,-0.09676606512235253,-0.15998015001297716
181.png,blur,6,21.0,gauss5,-0.06866217561244525,-0.17453194815778517
181.png,blur,6,21.0,median5,-0.08634559318051771,-0.14783773443954473
181.png,blur,7,25.0,gauss5,-0.040222172297006864,-0.11695823998926258
181.png,blur,7,25.0,median5,-0.053222145663482934,-0.10293793078930946
181.png,blur,8,29.0,gauss5,-0.026723343700901125,-0.0835200221782415
181.png,blur,8,29.0,median5,-0.04034941571481454,-0.08734199699631162
181.png,blur,9,31.0,gauss5,-0.020093606006930997,-0.06784853189702389
181.png,blur,9,31.0,median5,-0.0335020994494073,-0.07490482599293458
182.png,poisson,0,1.0,gauss5,5.376695291890723,7.175180358119874
182.png,poisson,0,1.0,median5,7.10278090463936,5.750368814680314
182.png,poisson,1,0.8944444444444445,gauss5,5.740909274195868,7.751679660639958
182.png,poisson,1,0.8944444444444445,median5,7.332618565360917,6.2865536084053915
182.png,poisson,2,0.7888888888888889,gauss5,6.134030087177123,8.081130571484358
182.png,poisson,2,0.7888888888888889,median5,7.679154700375161,6.695867209217312
182.png,poisson,3,0.6833333333333333,gauss5,6.522713535495264,8.304975935616959
182.png,poisson,3,0.6833333333333333,median5,8.00326628230723,7.058992670921661
182.png,poisson,4,0.5777777777777777,gauss5,7.005199402740853,8.682521949192367
182.png,poisson,4,0.5777777777777777,median5,8.401386001476798,7.400623647258083
182.png,poisson,5,0.4722222222222222,gauss5,7.536121942387997,9.113948317528152
182.png,poisson,5,0.4722222222222222,median5,8.833425316317832,7.944502455527747
182.png,poisson,6,0.3666666666666667,gauss5,8.091444921738784,9.35852423017171
182.png,poisson,6,0.3666666666666667,median5,9.243631556671694,8.46824519938344
182.png,poisson,7,0.26111111111111107,gauss5,8.767485706914332,9.833757767006201
182.png,poisson,7,0.26111111111111107,median5,9.820266391673055,9.177776595936145
182.png,poisson,8,0.15555555555555556,gauss5,9.560925671090885,10.440218313750517
182.png,poisson,8,0.15555555555555556,median5,10.280464230104215,10.048362296741402
182.png,poisson,9,0.05,gauss5,10.30218542411029,10.625420411164361
182.png,poisson,9,0.05,median5,10.06428850535537,9.931335037267557
182.png,jpeg,0,95.0,gauss5,-10.996580159262336,-7.755235355894236
182.png,jpeg,0,95.0,median5,-8.429642921002127,-9.076692462016254
182.png,jpeg,1,85.0,gauss5,-6.946824258165783,-3.6141451800064317
182.png,jpeg,1,85.0,median5,-4.277464067745655,-4.8435955768275605
182.png,jpeg,2,75.0,gauss5,-5.674892858325691,-2.4596060667639605
182.png,jpeg,2,75.0,median5,-2.9203444879028524,-3.4774388551346433
182.png,jpeg,3,65.0,gauss5,-4.875979421124541,-1.7120698931448715
182.png,jpeg,3,65.0,median5,-2.0660162121398216,-2.679339083375666
182.png,jpeg,4,55.0,gauss5,-4.245001365030944,-1.1657043385265098
182.png,jpeg,4,55.0,median5,-1.4104178094659332,-2.014215033065817
182.png,jpeg,5,45.0,gauss5,-3.7779569031637337,-0.7314487662939726
182.png,jpeg,5,45.0,median5,-0.9276722257523389,-1.4487786896977823
182.png,jpeg,6,35.0,gauss5,-3.271541769854821,-0.29103674381978806
182.png,jpeg,6,35.0,median5,-0.4235461375985281,-0.9001511372500772
182.png,jpeg,7,25.0,gauss5,-2.6189873079318673,0.15010591713004118
182.png,jpeg,7,25.0,median5,0.08473158933895064,-0.23055037537940848
182.png,jpeg,8,15.0,gauss5,-1.7100071928593934,0.7298934428958859
182.png,jpeg,8,15.0,median5,0.3506736320302011,0.46446339192300456
182.png,jpeg,9,5.0,gauss5,-0.09746500927983703,1.3397820577756505
182.png,jpeg,9,5.0,median5,0.3669746309965731,0.8694973256258685
182.png,blur,0,1.0,gauss5,,
182.png,blur,0,1.0,median5,,
182.png,blur,1,5.0,gauss5,-1.77101749639327,-2.209834788751735
182.png,blur,1,5.0,median5,-0.8947941182611245,-2.057199953195621
182.png,blur,2,9.0,gauss5,-0.661326175853759,-0.9206656388253407
182.png,blur,2,9.0,median5,-0.25931409104497405,-0.6966974698273418
182.png,blur,3,11.0,gauss5,-0.4928356424936169,-0.6962783776933357
182.png,blur,3,11.0,median5,-0.17977085886180078,-0.49089331863953234
182.png,blur,4,15.0,gauss5,-0.2864195161308132,-0.4272456885565781
182.png,blur,4,15.0,median5,-0.09631918066390455,-0.2940982743814189
182.png,blur,5,19.0,gauss5,-0.1795749487066729,-0.28410939064867335
182.png,blur,5,19.0,median5,-0.06306967265474839,-0.1954406342241377
182.png,blur,6,21.0,gauss5,-0.15883363512876159,-0.23488378411345678
182.png,blur,6,21.0,median5,-0.05591939875305485,-0.1643807429401427
182.png,blur,7,25.0,gauss5,-0.0890274232619177,-0.15857001390736158
182.png,blur,7,25.0,median5,-0.03835247325645952,-0.11761355849781197
182.png,blur,8,29.0,gauss5,-0.07586137233135304,-0.10652461995139362
182.png,blur,8,29.0,median5,-0.03231549682516999,-0.08815065411513956
182.png,blur,9,31.0,gauss5,-0.05423574300195,-0.08843468915533492
182.png,blur,9,31.0,median5,-0.026742290160566284,-0.07702437054252798
183.png,poisson,0,1.0,gauss5,6.018570921029209,7.403708831483314
183.png,poisson,0,1.0,median5,6.855505339423736,5.809483600608573
183.png,poisson,1,0.8944444444444445,gauss5,6.367607996982876,7.941973066284664
183.png,poisson,1,0.8944444444444445,median5,7.108184795083744,6.5663073100465645
183.png,poisson,2,0.7888888888888889,gauss5,6.721270728246953,8.248373796633615
183.png,poisson,2,0.7888888888888889,median5,7.413227706329092,6.974693981318474
183.png,poisson,3,0.6833333333333333,gauss5,7.098171663060917,8.39374524981119
183.png,poisson,3,0.6833333333333333,median5,7.741874569257469,7.1959069187718185
183.png,poisson,4,0.5777777777777777,gauss5,7.53149931112927,8.920280067679638
183.png,poisson,4,0.5777777777777777,median5,8.197480559599821,7.687347244975609
183.png,poisson,5,0.4722222222222222,gauss5,7.957914427877533,8.83249028490436
183.png,poisson,5,0.4722222222222222,median5,8.60598990580413,8.050432812357101
183.png,poisson,6,0.3666666666666667,gauss5,8.535955001835045,9.626980751541545
183.png,poisson,6,0.3666666666666667,median5,9.110194010734961,8.56708605810364
183.png,poisson,7,0.26111111111111107,gauss5,9.118200834421586,9.974412722047255
183.png,poisson,7,0.26111111111111107,median5,9.610285529130845,9.453151464815036
183.png,poisson,8,0.15555555555555556,gauss5,9.813368347799912,10.44724093369025
183.png,poisson,8,0.15555555555555556,median5,10.131694404839592,10.200837014039148
183.png,poisson,9,0.05,gauss5,10.546109437130855,10.828899036273109
183.png,poisson,9,0.05,median5,10.109172087286542,10.503871802639152
183.png,jpeg,0,95.0,gauss5,-9.577545332661899,-7.380411026227804
183.png,jpeg,0,95.0,median5,-8.22936345146357,-9.17222719407377
183.png,jpeg,1,85.0,gauss5,-5.6667749604633855,-3.658230259392738
183.png,jpeg,1,85.0,median5,-4.196213176105481,-5.26267468738461
183.png,jpeg,2,75.0,gauss5,-4.450588602884139,-2.2581534045599057
183.png,jpeg,2,75.0,median5,-2.8466711528107,-3.6683678742579247
183.png,jpeg,3,65.0,gauss5,-3.7027337537356075,-1.5336229700402555
183.png,jpeg,3,65.0,median5,-2.001631693575831,-2.7030499750669463
183.png,jpeg,4,55.0,gauss5,-3.097013815553204,-0.9039613309012893
183.png,jpeg,4,55.0,median5,-1.3299755571953966,-1.9692013502791
183.png,jpeg,5,45.0,gauss5,-2.672138544512457,-0.4913923596915879
183.png,jpeg,5,45.0,median5,-0.8389454783433266,-1.2136975044790006
183.png,jpeg,6,35.0,gauss5,-2.2195282724094696,-0.04159053047713712
183.png,jpeg,6,35.0,median5,-0.34063377074105006,-0.8553748048471022
183.png,jpeg,7,25.0,gauss5,-1.671307211137389,0.2031434285655962
183.png,jpeg,7,25.0,median5,0.1383396765966296,-0.13951458531064986
183.png,jpeg,8,15.0,gauss5,-0.8273439039181625,1.0637180162931728
183.png,jpeg,8,15.0,median5,0.4800625228481863,0.9111694018685768
183.png,jpeg,9,5.0,gauss5,0.5021608944256641,1.4239636027289926
183.png,jpeg,9,5.0,median5,0.3982878647935415,1.184179112885257
183.png,blur,0,1.0,gauss5,,
183.png,blur,0,1.0,median5,,
183.png,blur,1,5.0,gauss5,-1.4936316258228075,-2.170593992820848
183.png,blur,1,5.0,median5,-1.1587912775972953,-2.1834372075188284
183.png,blur,2,9.0,gauss5,-0.5144927532603347,-0.8389545673880292
183.png,blur,2,9.0,median5,-0.35855785435477117,-0.6519534732003791
183.png,blur,3,11.0,gauss5,-0.37882488134821557,-0.6041924271227046
183.png,blur,3,11.0,median5,-0.2516695495240029,-0.4373506722541123
183.png,blur,4,15.0,gauss5,-0.21657303222123758,-0.3533002828081955
183.png,blur,4,15.0,median5,-0.1397001613356288,-0.2475597618464569
183.png,blur,5,19.0,gauss5,-0.1379415831619042,-0.2224272479440046
183.png,blur,5,19.0,median5,-0.0877056935174636,-0.15612711006437863
183.png,blur,6,21.0,gauss5,-0.12381306314117069,-0.19196414663987227
183.png,blur,6,21.0,median5,-0.07737676620276801,-0.14906409277696042
183.png,blur,7,25.0,gauss5,-0.06431517895765992,-0.14274796526751032
183.png,blur,7,25.0,median5,-0.044420692350950475,-0.11978073329580852
183.png,blur,8,29.0,gauss5,-0.059177018058829134,-0.10040883348209562
183.png,blur,8,29.0,median5,-0.03942612200742346,-0.09571992952857755
183.png,blur,9,31.0,gauss5,-0.04043777955136463,-0.08205709414757223
183.png,blur,9,31.0,median5,-0.02987939453075228,-0.08846374100126297
184.png,poisson,0,1.0,gauss5,5.8598484137042774,9.616741167292084
184.png,poisson,0,1.0,median5,9.316412942623451,8.852603756817516
184.png,poisson,1,0.8944444444444445,gauss5,6.144773063791835,10.083019752101233
184.png,poisson,1,0.8944444444444445,median5,9.35545023744056,9.458513665822611
184.png,poisson,2,0.7888888888888889,gauss5,6.439184899627421,10.203020485548624
184.png,poisson,2,0.7888888888888889,median5,9.504543154149964,9.792043163339354
184.png,poisson,3,0.6833333333333333,gauss5,6.841314433551734,10.193913319002448
184.png,poisson,3,0.6833333333333333,median5,9.678480131061033,9.48085309128102
184.png,poisson,4,0.5777777777777777,gauss5,7.231531300682178,10.285162955212549
184.png,poisson,4,0.5777777777777777,median5,9.87965545449439,10.002462274629032
184.png,poisson,5,0.4722222222222222,gauss5,7.673047766591509,10.3301744196114
184.png,poisson,5,0.4722222222222222,median5,10.0694377085902,9.96091957446102
184.png,poisson,6,0.3666666666666667,gauss5,8.164841019915684,10.720861048758096
184.png,poisson,6,0.3666666666666667,median5,10.270092620888057,10.63868072518779
184.png,poisson,7,0.26111111111111107,gauss5,8.725764315378136,10.825278452629327
184.png,poisson,7,0.26111111111111107,median5,10.387213836407849,11.072919256464886
184.png,poisson,8,0.15555555555555556,gauss5,9.326715460730156,11.119480548864185
184.png,poisson,8,0.15555555555555556,median5,10.557232643118457,11.081093816460427
184.png,poisson,9,0.05,gauss5,9.823074958393857,11.225762950655437
184.png,poisson,9,0.05,median5,10.067085034749347,10.821084049855177
184.png,jpeg,0,95.0,gauss5,-11.49437068281457,-4.204536615850984
184.png,jpeg,0,95.0,median5,-5.075323894562558,-5.614186773023
184.png,jpeg,1,85.0,gauss5,-8.86868684890959,-1.8069718329091913
184.png,jpeg,1,85.0,median5,-2.396947979351239,-2.9226224216064125
184.png,jpeg,2,75.0,gauss5,-7.631244670985552,-0.8319199205857544
184.png,jpeg,2,75.0,median5,-1.2343494041419092,-1.8493602669676434
184.png,jpeg,3,65.0,gauss5,-6.8340141194587005,-0.2643633534753249
184.png,jpeg,3,65.0,median5,-0.6170526364265072,-1.1319302518289973
184.png,jpeg,4,55.0,gauss5,-6.15827671699919,0.1342020382079312
184.png,jpeg,4,55.0,median5,-0.1338739614599831,-0.5300895692830494
184.png,jpeg,5,45.0,gauss5,-5.595997386641194,0.3850107972992731
184.png,jpeg,5,45.0,median5,0.1747156176104383,-0.25932578370466786
184.png,jpeg,6,35.0,gauss5,-4.885174391649002,0.6390642088005904
184.png,jpeg,6,35.0,median5,0.41731869928131005,0.1718239784163984
184.png,jpeg,7,25.0,gauss5,-3.914208959136289,1.1450793230823066
184.png,jpeg,7,25.0,median5,0.7954045869192043,0.7086263182443631
184.png,jpeg,8,15.0,gauss5,-2.3829546389073357,1.4895935764969082
184.png,jpeg,8,15.0,median5,0.9318883843127423,1.2403025069592886
184.png,jpeg,9,5.0,gauss5,-0.273975455011886,1.602868522600378
184.png,jpeg,9,5.0,median5,0.49780108504034715,0.9255032111284507
184.png,blur,0,1.0,gauss5,,
184.png,blur,0,1.0,median5,,
184.png,blur,1,5.0,gauss5,-2.8665069681107838,-2.3078220501692
184.png,blur,1,5.0,median5,-0.4202552653731715,-2.4358471112928086
184.png,blur,2,9.0,gauss5,-1.023414636295751,-1.1387890804514527
184.png,blur,2,9.0,median5,-0.1317488106524003,-1.0877199274302356
184.png,blur,3,11.0,gauss5,-0.6965823360490795,-0.9065068173015334
184.png,blur,3,11.0,median5,-0.09778480383589994,-0.8325539851294295
184.png,blur,4,15.0,gauss5,-0.3550246836154969,-0.5426684503560892
184.png,blur,4,15.0,median5,-0.06848402916761032,-0.5233109087890426
184.png,blur,5,19.0,gauss5,-0.20412353846161224,-0.34429134290270014
184.png,blur,5,19.0,median5,-0.04899387613307837,-0.34778539268044995
184.png,blur,6,21.0,gauss5,-0.17538229086372326,-0.2915472842848743
184.png,blur,6,21.0,median5,-0.04417085087787598,-0.3000266901269839
184.png,blur,7,25.0,gauss5,-0.11651315934639683,-0.20416122971193573
184.png,blur,7,25.0,median5,-0.03390100390594597,-0.21728103992489523
184.png,blur,8,29.0,gauss5,-0.07634463218499477,-0.13277844555346263
184.png,blur,8,29.0,median5,-0.028767498223110977,-0.1581037357387558
184.png,blur,9,31.0,gauss5,-0.0641553067344951,-0.11484290661417162
184.png,blur,9,31.0,median5,-0.02560197834655753,-0.15271167138168096
185.png,poisson,0,1.0,gauss5,9.663837241701419,8.534469666161012
185.png,poisson,0,1.0,median5,9.454329222871689,7.322813882250056
185.png,poisson,1,0.8944444444444445,gauss5,9.698699702135745,8.635554615479013
185.png,poisson,1,0.8944444444444445,median5,9.492478768894227,7.6377914048541875
185.png,poisson,2,0.7888888888888889,gauss5,9.773513635880054,8.902695135678258
185.png,poisson,2,0.7888888888888889,median5,9.621408382428395,8.002006061984375
185.png,poisson,3,0.6833333333333333,gauss5,9.964361859202164,9.23276422382365
185.png,poisson,3,0.6833333333333333,median5,9.891183915863273,8.376413808288085
185.png,poisson,4,0.5777777777777777,gauss5,10.097907364057676,9.79479905760672
185.png,poisson,4,0.5777777777777777,median5,10.12274667311415,8.926767306201324
185.png,poisson,5,0.4722222222222222,gauss5,10.179216105727129,9.859522743122834
185.png,poisson,5,0.4722222222222222,median5,10.304442433945681,9.17476066973224
185.png,poisson,6,0.3666666666666667,gauss5,10.387572777505788,10.196085442544415
185.png,poisson,6,0.3666666666666667,median5,10.56236039126965,9.591135908206425
185.png,poisson,7,0.26111111111111107,gauss5,10.491557079634266,10.326626515257114
185.png,poisson,7,0.26111111111111107,median5,10.74616218498334,9.971108523081714
185.png,poisson,8,0.15555555555555556,gauss5,10.575436018710107,10.844159944347698
185.png,poisson,8,0.15555555555555556,median5,10.849834813174123,10.59832233841881
185.png,poisson,9,0.05,gauss5,10.535060115827513,11.07054939852177
185.png,poisson,9,0.05,median5,10.38851601648767,10.44393861024702
185.png,jpeg,0,95.0,gauss5,-4.227075782524928,-5.166462710147904
185.png,jpeg,0,95.0,median5,-5.340173686377568,-6.873260643606187
185.png,jpeg,1,85.0,gauss5,-1.8733806569504878,-2.4565443711002075
185.png,jpeg,1,85.0,median5,-2.7086370465758094,-3.959714661222158
185.png,jpeg,2,75.0,gauss5,-0.928458069775445,-1.4849643078342467
185.png,jpeg,2,75.0,median5,-1.5730411851826602,-2.752434078868994
185.png,jpeg,3,65.0,gauss5,-0.41964771109038423,-0.8743350525947164
185.png,jpeg,3,65.0,median5,-0.9136159757700639,-1.9905345851107938
185.png,jpeg,4,55.0,gauss5,-0.0772157010975576,-0.28815220194661606
185.png,jpeg,4,55.0,median5,-0.45601688540432406,-1.4613078065092964
185.png,jpeg,5,45.0,gauss5,0.16403472965086507,-0.056420119941968494
185.png,jpeg,5,45.0,median5,-0.10716783763665205,-0.9729989827651195
185.png,jpeg,6,35.0,gauss5,0.4292615986730226,0.3549651151713178
185.png,jpeg,6,35.0,median5,0.20961379809237002,-0.3547218545258062
185.png,jpeg,7,25.0,gauss5,0.7216686769216665,0.8943361832571739
185.png,jpeg,7,25.0,median5,0.5590401740732247,0.1960759941170238
185.png,jpeg,8,15.0,gauss5,1.0193499032214817,1.4752876419519865
185.png,jpeg,8,15.0,median5,0.7693552108056778,1.0389972119671071
185.png,jpeg,9,5.0,gauss5,1.1703359215200422,1.7102130603704886
185.png,jpeg,9,5.0,median5,0.4453052774932189,1.1317264529985884
185.png,blur,0,1.0,gauss5,,
185.png,blur,0,1.0,median5,,
185.png,blur,1,5.0,gauss5,-2.1587595770771415,-2.590321694465125
185.png,blur,1,5.0,median5,-2.191358024400607,-2.9117569331620956
185.png,blur,2,9.0,gauss5,-0.9755312081262488,-1.174971081376306
185.png,blur,2,9.0,median5,-0.8486689887384955,-1.2057061244118472
185.png,blur,3,11.0,gauss5,-0.745737168704153,-0.8818072504894232
185.png,blur,3,11.0,median5,-0.611631980157874,-0.8869931367287123
185.png,blur,4,15.0,gauss5,-0.4592932794863458,-0.5337245790993066
185.png,blur,4,15.0,median5,-0.34366289512661297,-0.49144381689303174
185.png,blur,5,19.0,gauss5,-0.29820561254841493,-0.32472532308159785
185.png,blur,5,19.0,median5,-0.21543027258866942,-0.3008415871157837
185.png,blur,6,21.0,gauss5,-0.2538091225599288,-0.28069275274849304
185.png,blur,6,21.0,median5,-0.1813703246575784,-0.2592310437453449
185.png,blur,7,25.0,gauss5,-0.17355119652503959,-0.18942823857541669
185.png,blur,7,25.0,median5,-0.12438574307082462,-0.17539666997742387
185.png,blur,8,29.0,gauss5,-0.12952071267690002,-0.13003585122128314
185.png,blur,8,29.0,median5,-0.09139775759623348,-0.1273406211111343
185.png,blur,9,31.0,gauss5,-0.11011923077516528,-0.09942118674319644
185.png,blur,9,31.0,median5,-0.0786944914554688,-0.10310096885027775
186.png,poisson,0,1.0,gauss5,5.505452374268643,6.385418120311293
186.png,poisson,0,1.0,median5,7.049248196160427,4.82768263859689
186.png,poisson,1,0.8944444444444445,gauss5,5.830354416432137,6.534806293519896
186.png,poisson,1,0.8944444444444445,median5,7.26565288330351,5.11762031846143
186.png,poisson,2,0.7888888888888889,gauss5,6.245112620516423,7.075310917717761
186.png,poisson,2,0.7888888888888889,median5,7.593178602712928,5.630198297145775
186.png,poisson,3,0.6833333333333333,gauss5,6.624039473451276,7.5440216629895644
186.png,poisson,3,0.6833333333333333,median5,7.943268632300548,6.187881523243988
186.png,poisson,4,0.5777777777777777,gauss5,7.091611329207833,7.937511859389829
186.png,poisson,4,0.5777777777777777,median5,8.34909368256304,6.5842549574111935
186.png,poisson,5,0.4722222222222222,gauss5,7.623249724594405,8.197630141481739
186.png,poisson,5,0.4722222222222222,median5,8.805376067162467,7.0294135521144305
186.png,poisson,6,0.3666666666666667,gauss5,8.171429185197546,8.870625475780212
186.png,poisson,6,0.3666666666666667,median5,9.21079026740356,7.849678023743447
186.png,poisson,7,0.26111111111111107,gauss5,8.821856284416668,9.296049307749538
186.png,poisson,7,0.26111111111111107,median5,9.656779585622814,8.500157602066704
186.png,poisson,8,0.15555555555555556,gauss5,9.593680952884046,10.13904799299888
186.png,poisson,8,0.15555555555555556,median5,10.23240260382925,9.849642056811216
186.png,poisson,9,0.05,gauss5,10.345977959532636,10.587576934051736
186.png,poisson,9,0.05,median5,9.998461075957,10.032793777449214
186.png,jpeg,0,95.0,gauss5,-10.806703595590477,-8.356701585453663
186.png,jpeg,0,95.0,median5,-8.394722678572052,-9.498686488511481
186.png,jpeg,1,85.0,gauss5,-6.833334444081267,-3.981117865225386
186.png,jpeg,1,85.0,median5,-4.327706062170584,-5.006861384297686
186.png,jpeg,2,75.0,gauss5,-5.517447014184775,-2.6630692014836512
186.png,jpeg,2,75.0,median5,-2.9289112232340315,-3.623976524621817
186.png,jpeg,3,65.0,gauss5,-4.7183630699758226,-1.8007756254177565
186.png,jpeg,3,65.0,median5,-2.0800925754344988,-2.6145127750597794
186.png,jpeg,4,55.0,gauss5,-4.078381334958891,-1.3476268817196626
186.png,jpeg,4,55.0,median5,-1.4076839102253729,-2.015210145114203
186.png,jpeg,5,45.0,gauss5,-3.604692313304824,-0.9428887123501255
186.png,jpeg,5,45.0,median5,-0.9021991316084055,-1.5433337480340867
186.png,jpeg,6,35.0,gauss5,-3.0734150695155904,-0.40416892124918746
186.png,jpeg,6,35.0,median5,-0.40426032725152794,-0.8644745211339071
186.png,jpeg,7,25.0,gauss5,-2.34233060952608,0.18774885399768948
186.png,jpeg,7,25.0,median5,0.15634117508326284,-0.12447876940242963
186.png,jpeg,8,15.0,gauss5,-1.4887270340172662,0.7617176747945926
186.png,jpeg,8,15.0,median5,0.5081442240031322,0.603944832726075
186.png,jpeg,9,5.0,gauss5,0.15436037755597098,1.4848610466542524
186.png,jpeg,9,5.0,median5,0.5794169580653943,1.0458134728854063
186.png,blur,0,1.0,gauss5,,
186.png,blur,0,1.0,median5,,
186.png,blur,1,5.0,gauss5,-2.0647508860548243,-2.1149971100197646
186.png,blur,1,5.0,median5,-0.9096305935988696,-1.7985760837285412
186.png,blur,2,9.0,gauss5,-0.8246966013960808,-0.8332068828316395
186.png,blur,2,9.0,median5,-0.238550771404217,-0.5712470437163404
186.png,blur,3,11.0,gauss5,-0.5980595062714897,-0.6335487164515534
186.png,blur,3,11.0,median5,-0.16129061046691717,-0.416821215838322
186.png,blur,4,15.0,gauss5,-0.3292395037891467,-0.39333369894082537
186.png,blur,4,15.0,median5,-0.08876376619917181,-0.2610956476715458
186.png,blur,5,19.0,gauss5,-0.1983188506079827,-0.2543079130210373
186.png,blur,5,19.0,median5,-0.05809829906663211,-0.1829854583436763
186.png,blur,6,21.0,gauss5,-0.1679284452442431,-0.21862779400072085
186.png,blur,6,21.0,median5,-0.050764240957441586,-0.167912074378453
186.png,blur,7,25.0,gauss5,-0.1001050952597744,-0.1492358903777422
186.png,blur,7,25.0,median5,-0.0352581206853948,-0.1221883657535372
186.png,blur,8,29.0,gauss5,-0.07010864977077347,-0.1090914798547189
186.png,blur,8,29.0,median5,-0.02988052130873342,-0.09394096633264581
186.png,blur,9,31.0,gauss5,-0.05538749295049428,-0.08761578150011218
186.png,blur,9,31.0,median5,-0.025742863373885427,-0.07969239686886098
187.png,poisson,0,1.0,gauss5,8.134703035371846,6.5620042042281455
187.png,poisson,0,1.0,median5,7.033805925811929,5.19611279564274
187.png,poisson,1,0.8944444444444445,gauss5,8.365018916957919,7.229848469656417
187.png,poisson,1,0.8944444444444445,median5,7.3178622835332625,5.742093667412419
187.png,poisson,2,0.7888888888888889,gauss5,8.592361376310691,7.4133688398666635
187.png,poisson,2,0.7888888888888889,median5,7.620964386045706,6.0646395256049175
187.png,poisson,3,0.6833333333333333,gauss5,8.859048924175475,7.733419152454282
187.png,poisson,3,0.6833333333333333,median5,7.982647575653196,6.459125926756009
187.png,poisson,4,0.5777777777777777,gauss5,9.189112766570076,8.197320451290746
187.png,poisson,4,0.5777777777777777,median5,8.384739522798426,7.072432929411885
187.png,poisson,5,0.4722222222222222,gauss5,9.473799174741526,8.49304409141564
187.png,poisson,5,0.4722222222222222,median5,8.801269606745105,7.375581406968028
187.png,poisson,6,0.3666666666666667,gauss5,9.812958102504513,9.05226754835525
187.png,poisson,6,0.3666666666666667,median5,9.281014518539394,8.10615959722007
187.png,poisson,7,0.26111111111111107,gauss5,10.12504847577219,9.523973318761335
187.png,poisson,7,0.26111111111111107,median5,9.790130291306891,8.89689819026955
187.png,poisson,8,0.15555555555555556,gauss5,10.51571170062724,10.217323382647457
187.png,poisson,8,0.15555555555555556,median5,10.309860679398312,9.714180750550483
187.png,poisson,9,0.05,gauss5,10.778487521858919,10.808913837850149
187.png,poisson,9,0.05,median5,10.178274450440961,10.122677852883363
187.png,jpeg,0,95.0,gauss5,-6.559353993936824,-7.44942032432715
187.png,jpeg,0,95.0,median5,-8.579686708814968,-8.751905849408509
187.png,jpeg,1,85.0,gauss5,-2.5722312713478317,-3.303541814917345
187.png,jpeg,1,85.0,median5,-4.401659329670885,-4.486475433836745
187.png,jpeg,2,75.0,gauss5,-1.4272338434331573,-2.1392631047002766
187.png,jpeg,2,75.0,median5,-3.0082212080061836,-3.1441381213534214
187.png,jpeg,3,65.0,gauss5,-0.8008217180356283,-1.4469480917390598
187.png,jpeg,3,65.0,median5,-2.1615995807018606,-2.332114993183417
187.png,jpeg,4,55.0,gauss5,-0.37049683033872327,-0.9536737502721735
187.png,jpeg,4,55.0,median5,-1.5073600799937026,-1.6441977409229978
187.png,jpeg,5,45.0,gauss5,-0.07336551695472338,-0.5884634103913982
187.png,jpeg,5,45.0,median5,-1.011644316879817,-1.2168846756219907
187.png,jpeg,6,35.0,gauss5,0.17534870029057714,-0.16970610681638476
187.png,jpeg,6,35.0,median5,-0.49946131469666,-0.6141833235847329
187.png,jpeg,7,25.0,gauss5,0.39063711474768326,0.2291295747034141
187.png,jpeg,7,25.0,median5,-0.017730399614379166,0.009577733613241435
187.png,jpeg,8,15.0,gauss5,0.5864028974411539,0.8133154483301368
187.png,jpeg,8,15.0,median5,0.36543705617491185,0.676934177076987
187.png,jpeg,9,5.0,gauss5,0.787006138624875,1.372324365723948
187.png,jpeg,9,5.0,median5,0.3295287494189658,0.93177792396596
187.png,blur,0,1.0,gauss5,,
187.png,blur,0,1.0,median5,,
187.png,blur,1,5.0,gauss5,-1.6666618077241893,-2.1032010420862264
187.png,blur,1,5.0,median5,-2.0663953012960548,-1.8841781371582726
187.png,blur,2,9.0,gauss5,-0.5786458551163634,-0.8707904065461634
187.png,blur,2,9.0,median5,-0.6155534342788087,-0.5957781608066597
187.png,blur,3,11.0,gauss5,-0.41559886883604946,-0.6632811953012592
187.png,blur,3,11.0,median5,-0.41904078011188517,-0.4364171744553218
187.png,blur,4,15.0,gauss5,-0.23549227055934097,-0.4155857836674457
187.png,blur,4,15.0,median5,-0.21661181184781952,-0.26112009084134513
187.png,blur,5,19.0,gauss5,-0.15107968551939877,-0.2859805571603289
187.png,blur,5,19.0,median5,-0.13359927659975313,-0.1888471150793194
187.png,blur,6,21.0,gauss5,-0.1318718984338858,-0.25225235911240773
187.png,blur,6,21.0,median5,-0.11842202707041594,-0.17013677968388663
187.png,blur,7,25.0,gauss5,-0.0886719878822575,-0.18054974500694598
187.png,blur,7,25.0,median5,-0.0798942416256736,-0.1287261568718776
187.png,blur,8,29.0,gauss5,-0.06266689038754691,-0.13238695909162246
187.png,blur,8,29.0,median5,-0.059761683643451136,-0.10113557685222219
187.png,blur,9,31.0,gauss5,-0.05268872637714139,-0.11301400327662847
187.png,blur,9,31.0,median5,-0.0508761917759486,-0.08707854864046283
188.png,poisson,0,1.0,gauss5,3.454505593355215,7.311362798244659
188.png,poisson,0,1.0,median5,6.36882121696879,6.020757543867781
188.png,poisson,1,0.8944444444444445,gauss5,3.8199691946305308,7.790986191088827
188.png,poisson,1,0.8944444444444445,median5,6.57097291470393,6.399389132440206
188.png,poisson,2,0.7888888888888889,gauss5,4.27832993123425,7.942104259988113
188.png,poisson,2,0.7888888888888889,median5,6.943817570097554,6.7755491400508845
188.png,poisson,3,0.6833333333333333,gauss5,4.745839406366226,8.330315253673223
188.png,poisson,3,0.6833333333333333,median5,7.307442091321324,7.083377567237957
188.png,poisson,4,0.5777777777777777,gauss5,5.303141289802937,8.604442878322537
188.png,poisson,4,0.5777777777777777,median5,7.763441614311148,7.539486134422624
188.png,poisson,5,0.4722222222222222,gauss5,5.933030688899205,9.04105464295521
188.png,poisson,5,0.4722222222222222,median5,8.24980371151084,8.063469812943964
188.png,poisson,6,0.3666666666666667,gauss5,6.66680452028832,9.566618019752525
188.png,poisson,6,0.3666666666666667,median5,8.76313916186292,8.876610832356771
188.png,poisson,7,0.26111111111111107,gauss5,7.54788503873878,9.99388066543439
188.png,poisson,7,0.26111111111111107,median5,9.385434046875627,9.369221058133387
188.png,poisson,8,0.15555555555555556,gauss5,8.654915898588666,10.373429182087339
188.png,poisson,8,0.15555555555555556,median5,9.856878768469532,9.803924674098234
188.png,poisson,9,0.05,gauss5,10.04221116162689,10.878557662256155
188.png,poisson,9,0.05,median5,9.964533050158243,10.32756187247299
188.png,jpeg,0,95.0,gauss5,-12.56224562417475,-7.127227342488496
188.png,jpeg,0,95.0,median5,-8.764403505897327,-8.944203665478334
188.png,jpeg,1,85.0,gauss5,-8.223387596299972,-2.853224564091164
188.png,jpeg,1,85.0,median5,-4.36411768709339,-4.536930193212825
188.png,jpeg,2,75.0,gauss5,-6.918730280914865,-1.6798868489147836
188.png,jpeg,2,75.0,median5,-2.94929964736081,-3.1245770037327247
188.png,jpeg,3,65.0,gauss5,-6.126669598626261,-1.0877320933611827
188.png,jpeg,3,65.0,median5,-2.10623604502171,-2.417047887680809
188.png,jpeg,4,55.0,gauss5,-5.5153079607199125,-0.6505122038845457
188.png,jpeg,4,55.0,median5,-1.458012183155752,-1.7532954879865983
188.png,jpeg,5,45.0,gauss5,-4.984251443355788,-0.3362627730122938
188.png,jpeg,5,45.0,median5,-0.9265878382799926,-1.2926653708894875
188.png,jpeg,6,35.0,gauss5,-4.428045412161577,0.045798564841689426
188.png,jpeg,6,35.0,median5,-0.4142204588756613,-0.6611089936712702
188.png,jpeg,7,25.0,gauss5,-3.758783149506904,0.34611991994612623
188.png,jpeg,7,25.0,median5,0.10931767019594929,-0.07089225863346371
188.png,jpeg,8,15.0,gauss5,-2.795299961106128,0.7843287880068601
188.png,jpeg,8,15.0,median5,0.4749374627244407,0.6090299865369531
188.png,jpeg,9,5.0,gauss5,-0.6703102723623111,1.1664034768908422
188.png,jpeg,9,5.0,median5,0.414009669142974,0.7053771216363671
188.png,blur,0,1.0,gauss5,,
188.png,blur,0,1.0,median5,,
188.png,blur,1,5.0,gauss5,-1.3947786580387245,-1.7214081363463976
188.png,blur,1,5.0,median5,-0.6875053264378863,-1.9915912909829387
188.png,blur,2,9.0,gauss5,-0.436469370926293,-0.6652132369262063
188.png,blur,2,9.0,median5,-0.21023499893958686,-0.6253655806689196
188.png,blur,3,11.0,gauss5,-0.3157410245643888,-0.49833527253458954
188.png,blur,3,11.0,median5,-0.14581366441681354,-0.4202930616570768
188.png,blur,4,15.0,gauss5,-0.171386951944708,-0.2973168734241227
188.png,blur,4,15.0,median5,-0.07906087153295971,-0.22228546430083895
188.png,blur,5,19.0,gauss5,-0.10263100962265881,-0.19970681822670144
188.png,blur,5,19.0,median5,-0.049049837108693595,-0.14974038708839998
188.png,blur,6,21.0,gauss5,-0.09697331265039821,-0.16704125060836006
188.png,blur,6,21.0,median5,-0.04511498948844306,-0.13123209064055885
188.png,blur,7,25.0,gauss5,-0.03752496150458029,-0.12269685823472543
188.png,blur,7,25.0,median5,-0.01750876102069654,-0.09353820530287749
188.png,blur,8,29.0,gauss5,-0.05009905656093139,-0.09038446775013753
188.png,blur,8,29.0,median5,-0.02314678380789914,-0.0812775887500834
188.png,blur,9,31.0,gauss5,-0.029696914620664927,-0.07529167324016228
188.png,blur,9,31.0,median5,-0.014002183188125628,-0.07410767907462557
189.png,poisson,0,1.0,gauss5,7.711142034182529,7.878153473520463
189.png,poisson,0,1.0,median5,8.617553787309625,6.2575393999898665
189.png,poisson,1,0.8944444444444445,gauss5,7.906274830210748,8.457703555538707
189.png,poisson,1,0.8944444444444445,median5,8.70243796275394,6.867719986878427
189.png,poisson,2,0.7888888888888889,gauss5,8.166283114687857,8.683093801988818
189.png,poisson,2,0.7888888888888889,median5,8.984960976773785,7.121850589551855
189.png,poisson,3,0.6833333333333333,gauss5,8.516548972975976,9.046307953909803
189.png,poisson,3,0.6833333333333333,median5,9.210431163638361,7.472202422529655
189.png,poisson,4,0.5777777777777777,gauss5,8.818126921632526,9.234801261816614
189.png,poisson,4,0.5777777777777777,median5,9.417461695511768,7.788037444081475
189.png,poisson,5,0.4722222222222222,gauss5,9.120671090016373,9.516435871971382
189.png,poisson,5,0.4722222222222222,median5,9.721274532012515,8.350898510241883
189.png,poisson,6,0.3666666666666667,gauss5,9.507021604974458,9.949596824649802
189.png,poisson,6,0.3666666666666667,median5,10.07185395907386,8.950376721855207
189.png,poisson,7,0.26111111111111107,gauss5,9.909901706088405,10.18697177740846
189.png,poisson,7,0.26111111111111107,median5,10.327379433143598,9.265837819490656
189.png,poisson,8,0.15555555555555556,gauss5,10.29651838602145,10.754478602614217
189.png,poisson,8,0.15555555555555556,median5,10.566900793176135,10.224223898814373
189.png,poisson,9,0.05,gauss5,10.466922272283309,10.84547834816964
189.png,poisson,9,0.05,median5,10.069199020454182,9.988101973659182
189.png,jpeg,0,95.0,gauss5,-9.048516446260692,-6.974366960789013
189.png,jpeg,0,95.0,median5,-6.6563164906134205,-8.591680315048315
189.png,jpeg,1,85.0,gauss5,-6.19745206433921,-3.918482585135827
189.png,jpeg,1,85.0,median5,-3.7236473280919427,-5.411187490151377
189.png,jpeg,2,75.0,gauss5,-4.810009823269738,-2.572195177179097
189.png,jpeg,2,75.0,median5,-2.3132755004928782,-3.94908204218612
189.png,jpeg,3,65.0,gauss5,-3.9528084658735025,-1.8196080602351543
189.png,jpeg,3,65.0,median5,-1.5073072201414561,-3.0434137129131855
189.png,jpeg,4,55.0,gauss5,-3.1916066356004933,-1.1242207304119063
189.png,jpeg,4,55.0,median5,-0.8621081390811653,-2.35207100887078
189.png,jpeg,5,45.0,gauss5,-2.5997320861657087,-0.6721775270917547
189.png,jpeg,5,45.0,median5,-0.43700201936296423,-1.7515011990128926
189.png,jpeg,6,35.0,gauss5,-1.8964544452180974,-0.15179336683993228
189.png,jpeg,6,35.0,median5,-0.04592565918981251,-1.0322456639011435
189.png,jpeg,7,25.0,gauss5,-1.1432459880319854,0.35576876218471654
189.png,jpeg,7,25.0,median5,0.3428351973889292,-0.28299666114570243
189.png,jpeg,8,15.0,gauss5,-0.16330824816495948,1.1032510081503801
189.png,jpeg,8,15.0,median5,0.6770844869045334,0.7006827240737934
189.png,jpeg,9,5.0,gauss5,0.738259880495054,1.7277410177468866
189.png,jpeg,9,5.0,median5,0.4380385140137726,1.1889332875561323
189.png,blur,0,1.0,gauss5,,
189.png,blur,0,1.0,median5,,
189.png,blur,1,5.0,gauss5,-2.5132068699221293,-3.2426598973108653
189.png,blur,1,5.0,median5,-1.3085489888317738,-3.4753723572550896
189.png,blur,2,9.0,gauss5,-1.1824966027423898,-1.3743088996798107
189.png,blur,2,9.0,median5,-0.4518836640521755,-1.3711832410089144
189.png,blur,3,11.0,gauss5,-0.9214274131325411,-1.0115415550179279
189.png,blur,3,11.0,median5,-0.31197294475770576,-0.973540278371587
189.png,blur,4,15.0,gauss5,-0.5872297589151181,-0.5640816574650032
189.png,blur,4,15.0,median5,-0.16283876756293125,-0.5324774972917794
189.png,blur,5,19.0,gauss5,-0.3850148323177258,-0.34011251987563185
189.png,blur,5,19.0,median5,-0.09218111033329635,-0.3024275151764009
189.png,blur,6,21.0,gauss5,-0.3292773110273792,-0.2839326052310831
189.png,blur,6,21.0,median5,-0.07535719035281474,-0.24102816618922773
189.png,blur,7,25.0,gauss5,-0.22511116688350086,-0.17692265614953584
189.png,blur,7,25.0,median5,-0.04701056058140196,-0.15547774937396852
189.png,blur,8,29.0,gauss5,-0.15966193976561627,-0.11898314533375753
189.png,blur,8,29.0,median5,-0.0318351985558607,-0.10479021274770517
189.png,blur,9,31.0,gauss5,-0.1340563282579872,-0.09912399694255569
189.png,blur,9,31.0,median5,-0.02627882360666689,-0.08728610035872819
